time,kind,symbol,quantity_change,price,fee,pair_key
2024-09-04 12:00:00+00:00,entry,LINK,0.011362227670091493,10.114,5.745878532765269e-05,"('2024-09', 8, 10)"
2024-09-04 12:00:00+00:00,entry,AVAX,-0.0039624827377372695,21.472,4.2541214672347334e-05,"('2024-09', 8, 10)"
2024-09-06 08:00:00+00:00,exit_stop,LINK,-0.011362227670091493,9.912,5.6311200332973446e-05,"('2024-09', 8, 10)"
2024-09-06 08:00:00+00:00,exit_stop,AVAX,0.0039624827377372695,21.489,4.257489577561809e-05,"('2024-09', 8, 10)"
2024-09-14 16:00:00+00:00,entry,LINK,0.010084440632155262,11.366,5.7309876112538355e-05,"('2024-09', 8, 10)"
2024-09-14 16:00:00+00:00,entry,AVAX,-0.003333540132831546,25.457,4.243096558074633e-05,"('2024-09', 8, 10)"
2024-09-17 12:00:00+00:00,exit_stop,LINK,-0.010084440632155262,10.594,5.341728202852642e-05,"('2024-09', 8, 10)"
2024-09-17 12:00:00+00:00,exit_stop,AVAX,0.003333540132831546,23.825,3.9710796832355786e-05,"('2024-09', 8, 10)"
2024-09-27 12:00:00+00:00,entry,LINK,0.008985138188014535,12.723,5.7158956583054464e-05,"('2024-09', 8, 10)"
2024-09-27 12:00:00+00:00,entry,AVAX,-0.0028344146610508126,29.861,4.2319228096819155e-05,"('2024-09', 8, 10)"
2024-09-28 20:00:00+00:00,exit_mean,LINK,-0.008985138188014535,12.911,5.800355957272783e-05,"('2024-09', 8, 10)"
2024-09-28 20:00:00+00:00,exit_mean,AVAX,0.0028344146610508126,29.359,4.160779001689541e-05,"('2024-09', 8, 10)"
2024-09-30 00:00:00+00:00,entry,LINK,0.009202288696764217,12.459,5.732565743649269e-05,"('2024-09', 8, 10)"
2024-09-30 00:00:00+00:00,entry,AVAX,-0.0029248604316859635,29.022,4.2442649724195016e-05,"('2024-09', 8, 10)"
2024-10-01 16:00:00+00:00,exit_stop,LINK,-0.009202288696764217,11.425,5.25680741802656e-05,"('2024-09', 8, 10)"
2024-10-01 16:00:00+00:00,exit_stop,AVAX,0.0029248604316859635,26.67,3.900301385653233e-05,"('2024-09', 8, 10)"
2024-10-23 04:00:00+00:00,entry,LINK,0.009703974929713451,11.781,5.716126432347709e-05,"('2024-09', 8, 10)"
2024-10-23 04:00:00+00:00,entry,AVAX,-0.0030973715883061566,27.327,4.2320936696821177e-05,"('2024-09', 8, 10)"
2024-10-23 20:00:00+00:00,exit_stop,LINK,-0.009703974929713451,11.233,5.45023751927356e-05,"('2024-09', 8, 10)"
2024-10-23 20:00:00+00:00,exit_stop,AVAX,0.0030973715883061566,26.58,4.116406840858882e-05,"('2024-09', 8, 10)"
2024-10-26 12:00:00+00:00,entry,LINK,0.010276932575176572,11.088,5.6975314196778915e-05,"('2024-09', 8, 10)"
2024-10-26 12:00:00+00:00,entry,AVAX,-0.0032958249342121414,25.598,4.21832633329812e-05,"('2024-09', 8, 10)"
2024-10-28 16:00:00+00:00,exit_stop,LINK,-0.010276932575176572,10.811,5.555195903511696e-05,"('2024-09', 8, 10)"
2024-10-28 16:00:00+00:00,exit_stop,AVAX,0.0032958249342121414,25.558,4.2117346834296956e-05,"('2024-09', 8, 10)"
2024-10-30 12:00:00+00:00,entry,LINK,-0.009496012531617946,11.963,5.6800398957872745e-05,"('2024-09', 8, 10)"
2024-10-30 12:00:00+00:00,entry,AVAX,0.003218933748414676,26.129,4.2053759956163535e-05,"('2024-09', 8, 10)"
2024-10-30 16:00:00+00:00,exit_stop,LINK,0.009496012531617946,12.22,5.802063656818565e-05,"('2024-09', 8, 10)"
2024-10-30 16:00:00+00:00,exit_stop,AVAX,-0.003218933748414676,26.121,4.204088422116987e-05,"('2024-09', 8, 10)"
2024-11-07 04:00:00+00:00,entry,LINK,-0.009021012252106383,12.559,5.664744643710202e-05,"('2024-09', 8, 10)"
2024-11-07 04:00:00+00:00,entry,AVAX,0.0030274311394536996,27.707,4.194051729042183e-05,"('2024-09', 8, 10)"
2024-11-08 08:00:00+00:00,exit_stop,LINK,0.009021012252106383,12.827,5.7856262078884287e-05,"('2024-09', 8, 10)"
2024-11-08 08:00:00+00:00,exit_stop,AVAX,-0.0030274311394536996,27.593,4.176795371547297e-05,"('2024-09', 8, 10)"
2024-11-13 20:00:00+00:00,entry,LINK,0.008489751920439206,13.305,5.647807465072182e-05,"('2024-09', 8, 10)"
2024-11-13 20:00:00+00:00,entry,AVAX,-0.002574426237545334,32.485,4.1815118163330085e-05,"('2024-09', 8, 10)"
2024-11-16 20:00:00+00:00,exit_mean,LINK,-0.008489751920439206,14.745,6.259069603343805e-05,"('2024-09', 8, 10)"
2024-11-16 20:00:00+00:00,exit_mean,AVAX,0.002574426237545334,35.245,4.5367826371142645e-05,"('2024-09', 8, 10)"
2024-11-18 16:00:00+00:00,entry,LINK,-0.007481834814032333,15.172,5.6757198899249276e-05,"('2024-09', 8, 10)"
2024-11-18 16:00:00+00:00,entry,AVAX,0.0023631636254408447,35.564,4.20217755875891e-05,"('2024-09', 8, 10)"
2024-11-22 12:00:00+00:00,exit_mean,LINK,0.007481834814032333,15.368,5.7490418711024444e-05,"('2024-09', 8, 10)"
2024-11-22 12:00:00+00:00,exit_mean,AVAX,-0.0023631636254408447,38.131,4.505489610084242e-05,"('2024-09', 8, 10)"
2024-11-23 16:00:00+00:00,entry,LINK,-0.006356378280597843,17.938,5.701035679868205e-05,"('2024-09', 8, 10)"
2024-11-23 16:00:00+00:00,entry,AVAX,0.001954265717568363,43.197,4.22092081009003e-05,"('2024-09', 8, 10)"
2024-11-24 04:00:00+00:00,exit_stop,LINK,0.006356378280597843,18.092,5.7499797926288085e-05,"('2024-09', 8, 10)"
2024-11-24 04:00:00+00:00,exit_stop,AVAX,-0.001954265717568363,42.463,4.14919925825527e-05,"('2024-09', 8, 10)"
2024-11-27 08:00:00+00:00,entry,LINK,-0.006263994816949939,18.155,5.6861412950863076e-05,"('2024-09', 8, 10)"
2024-11-27 08:00:00+00:00,entry,AVAX,0.001943984732545727,43.312,4.209893336801026e-05,"('2024-09', 8, 10)"
2024-11-28 00:00:00+00:00,exit_stop,LINK,0.006263994816949939,18.671,5.847752361363616e-05,"('2024-09', 8, 10)"
2024-11-28 00:00:00+00:00,exit_stop,AVAX,-0.001943984732545727,43.813,4.2585901543512966e-05,"('2024-09', 8, 10)"
2024-11-29 12:00:00+00:00,entry,LINK,-0.00625510945240311,18.136,5.6721332514391395e-05,"('2024-09', 8, 10)"
2024-11-29 12:00:00+00:00,entry,AVAX,0.0019165835706810577,43.823,4.1995220908978e-05,"('2024-09', 8, 10)"
2024-11-30 20:00:00+00:00,exit_stop,LINK,0.00625510945240311,19.331,6.0458760412202257e-05,"('2024-09', 8, 10)"
2024-11-30 20:00:00+00:00,exit_stop,AVAX,-0.0019165835706810577,45.556,4.365594057297313e-05,"('2024-09', 8, 10)"
2024-12-02 08:00:00+00:00,entry,LINK,-0.005701606455453405,19.81,5.647441194126597e-05,"('2024-09', 8, 10)"
2024-12-02 08:00:00+00:00,entry,AVAX,0.0017240096637201215,48.506,4.181240637420411e-05,"('2024-09', 8, 10)"
2024-12-02 12:00:00+00:00,exit_stop,LINK,0.005701606455453405,19.781,5.639173864766189e-05,"('2024-09', 8, 10)"
2024-12-02 12:00:00+00:00,exit_stop,AVAX,-0.0017240096637201215,46.244,3.9862551444536646e-05,"('2024-09', 8, 10)"
2025-01-02 08:00:00+00:00,entry,ETH,2.998969347257523e-05,3419.7,5.127787738408275e-05,"('2025-01', 1, 3)"
2025-01-02 08:00:00+00:00,entry,SOL,-0.0004529348085244255,205.84,4.6616050493333875e-05,"('2025-01', 1, 3)"
2025-01-03 12:00:00+00:00,exit_stop,ETH,-2.998969347257523e-05,3464.74,5.1953245281085145e-05,"('2025-01', 1, 3)"
2025-01-03 12:00:00+00:00,exit_stop,SOL,0.0004529348085244255,214.38,4.855008212573317e-05,"('2025-01', 1, 3)"
2025-01-05 16:00:00+00:00,entry,LTC,-0.0011385355811035216,112.26,6.390600216734067e-05,"('2025-01', 11, 13)"
2025-01-05 16:00:00+00:00,entry,DOT,0.008907510631279652,7.57,3.371492773939348e-05,"('2025-01', 11, 13)"
2025-01-07 16:00:00+00:00,exit_mean,LTC,0.0011385355811035216,106.1,6.0399312577541815e-05,"('2025-01', 11, 13)"
2025-01-07 16:00:00+00:00,exit_mean,DOT,-0.008907510631279652,7.3,3.251241380417073e-05,"('2025-01', 11, 13)"
2025-01-07 16:00:00+00:00,entry,ETH,2.968220522229432e-05,3461.21,5.136817276872866e-05,"('2025-01', 1, 3)"
2025-01-07 16:00:00+00:00,entry,SOL,-0.0004497990449963388,207.64,4.669813685151989e-05,"('2025-01', 1, 3)"
2025-01-10 00:00:00+00:00,exit_mean,ETH,-2.968220522229432e-05,3218.24,4.7762230067298235e-05,"('2025-01', 1, 3)"
2025-01-10 00:00:00+00:00,exit_mean,SOL,0.0004497990449963388,184.87,4.157717472423658e-05,"('2025-01', 1, 3)"
2025-01-10 16:00:00+00:00,entry,LTC,-0.0012298038825438707,104.7,6.438023325117164e-05,"('2025-01', 11, 13)"
2025-01-10 16:00:00+00:00,entry,DOT,0.010247433433575164,6.629,3.3965118115584876e-05,"('2025-01', 11, 13)"
2025-01-13 08:00:00+00:00,exit_mean,LTC,0.0012298038825438707,98.85,6.0783056894730806e-05,"('2025-01', 11, 13)"
2025-01-13 08:00:00+00:00,exit_mean,DOT,-0.010247433433575164,6.403,3.2807158137590885e-05,"('2025-01', 11, 13)"
2025-01-16 00:00:00+00:00,entry,LTC,-0.0011063907452493207,116.93,6.468513492100153e-05,"('2025-01', 11, 13)"
2025-01-16 00:00:00+00:00,entry,DOT,0.009532395327284428,7.16,3.412597527167825e-05,"('2025-01', 11, 13)"
2025-01-16 04:00:00+00:00,exit_stop,LTC,0.0011063907452493207,118.75,6.569195049917842e-05,"('2025-01', 11, 13)"
2025-01-16 04:00:00+00:00,exit_stop,DOT,-0.009532395327284428,7.06,3.3649355505314026e-05,"('2025-01', 11, 13)"
2025-01-16 04:00:00+00:00,entry,ETH,3.069065164006281e-05,3362.1,5.159251993952759e-05,"('2025-01', 1, 3)"
2025-01-16 04:00:00+00:00,entry,SOL,-0.0004645380868877756,201.93,4.6902087942624265e-05,"('2025-01', 1, 3)"
2025-01-16 12:00:00+00:00,exit_stop,ETH,-3.069065164006281e-05,3349.75,5.1403005165650204e-05,"('2025-01', 1, 3)"
2025-01-16 12:00:00+00:00,exit_stop,SOL,0.0004645380868877756,212.66,4.939433477877718e-05,"('2025-01', 1, 3)"
2025-02-27 16:00:00+00:00,entry,ETH,4.418097071277062e-05,2322.32,5.130117595284074e-05,"('2025-01', 1, 3)"
2025-02-27 16:00:00+00:00,entry,SOL,-0.0006682509087083275,139.58,4.663723091875418e-05,"('2025-01', 1, 3)"
2025-02-28 16:00:00+00:00,exit_stop,ETH,-4.418097071277062e-05,2221.64,4.9077105887159864e-05,"('2025-01', 1, 3)"
2025-02-28 16:00:00+00:00,exit_stop,SOL,0.0006682509087083275,145.62,4.8655348663053325e-05,"('2025-01', 1, 3)"
2025-03-19 16:00:00+00:00,entry,LTC,-0.001379806344980351,92.11,6.354698121807007e-05,"('2025-01', 11, 13)"
2025-03-19 16:00:00+00:00,entry,DOT,0.01479502155459663,4.532,3.3525518842715965e-05,"('2025-01', 11, 13)"
2025-04-02 16:00:00+00:00,exit_timeout,LTC,0.001379806344980351,85.67,5.9104004787233336e-05,"('2025-01', 11, 13)"
2025-04-02 16:00:00+00:00,exit_timeout,DOT,-0.01479502155459663,4.21,3.1143520372425905e-05,"('2025-01', 11, 13)"
2025-04-07 00:00:00+00:00,entry,LTC,0.0018088031323216472,70.56,6.381457450830772e-05,"('2025-01', 11, 13)"
2025-04-07 00:00:00+00:00,entry,DOT,-0.0182921451750615,3.681,3.366669319470069e-05,"('2025-01', 11, 13)"
2025-04-09 20:00:00+00:00,exit_mean,LTC,-0.0018088031323216472,77.3,6.991024106423166e-05,"('2025-01', 11, 13)"
2025-04-09 20:00:00+00:00,exit_mean,DOT,0.0182921451750615,3.691,3.3758153920575996e-05,"('2025-01', 11, 13)"
2025-05-01 20:00:00+00:00,entry,LTC,-0.0014473398885678963,89.24,6.458030582789953e-05,"('2025-01', 11, 13)"
2025-05-01 20:00:00+00:00,entry,DOT,0.016356538897939484,4.166,3.407067052440795e-05,"('2025-01', 11, 13)"
2025-05-07 04:00:00+00:00,exit_stop,LTC,0.0014473398885678963,92.32,6.68092092562941e-05,"('2025-01', 11, 13)"
2025-05-07 04:00:00+00:00,exit_stop,DOT,-0.016356538897939484,3.962,3.240230355681812e-05,"('2025-01', 11, 13)"
2025-05-22 00:00:00+00:00,entry,LTC,-0.0013200621277316244,97.05,6.405601474817707e-05,"('2025-01', 11, 13)"
2025-05-22 00:00:00+00:00,entry,DOT,0.01426813171470525,4.737,3.379406996627939e-05,"('2025-01', 11, 13)"
2025-06-05 00:00:00+00:00,exit_timeout,LTC,0.0013200621277316244,87.92,5.802993113508221e-05,"('2025-01', 11, 13)"
2025-06-05 00:00:00+00:00,exit_timeout,DOT,-0.01426813171470525,4.005,2.8571933758697264e-05,"('2025-01', 11, 13)"
2025-06-11 00:00:00+00:00,entry,LTC,-0.0013758197052478002,93.27,6.416135195423116e-05,"('2025-01', 11, 13)"
2025-06-11 00:00:00+00:00,entry,DOT,0.01577336569385059,4.292,3.3849642779003364e-05,"('2025-01', 11, 13)"
2025-06-25 00:00:00+00:00,exit_timeout,LTC,0.0013758197052478002,84.8,5.833475550250673e-05,"('2025-01', 11, 13)"
2025-06-25 00:00:00+00:00,exit_timeout,DOT,-0.01577336569385059,3.437,2.7106528944882236e-05,"('2025-01', 11, 13)"
2025-07-11 04:00:00+00:00,entry,ETH,-3.452359115306436e-05,2968.5,5.124164016893578e-05,"('2025-01', 1, 3)"
2025-07-11 04:00:00+00:00,entry,SOL,0.0005642675514867982,165.11,4.658310771299263e-05,"('2025-01', 1, 3)"
2025-07-16 20:00:00+00:00,exit_stop,ETH,3.452359115306436e-05,3382.5,5.83880235376201e-05,"('2025-01', 1, 3)"
2025-07-16 20:00:00+00:00,exit_stop,SOL,-0.0005642675514867982,174.13,4.912795437019808e-05,"('2025-01', 1, 3)"
2025-12-01 04:00:00+00:00,entry,XLM,0.45556335986869523,0.23383,5.3262190219048506e-05,"('2025-12', 15, 19)"
2025-12-01 04:00:00+00:00,entry,AAVE,-0.000523124723661521,166.78,4.362337070613424e-05,"('2025-12', 15, 19)"
2025-12-01 12:00:00+00:00,exit_stop,XLM,-0.45556335986869523,0.23062,5.253101102645925e-05,"('2025-12', 15, 19)"
2025-12-01 12:00:00+00:00,exit_stop,AAVE,0.000523124723661521,167.9,4.391632055138469e-05,"('2025-12', 15, 19)"
2025-12-01 20:00:00+00:00,entry,BTC,-1.1979962968382208e-06,84985.0,5.09058576433981e-05,"('2025-12', 0, 1)"
2025-12-01 20:00:00+00:00,entry,ETH,3.340433169985481e-05,2739.57,4.575675249748563e-05,"('2025-12', 0, 1)"
2025-12-02 16:00:00+00:00,exit_mean,BTC,1.1979962968382208e-06,90809.2,5.4394542659420676e-05,"('2025-12', 0, 1)"
2025-12-02 16:00:00+00:00,exit_mean,ETH,-3.340433169985481e-05,3005.55,5.0199194570249315e-05,"('2025-12', 0, 1)"
2025-12-03 20:00:00+00:00,entry,BTC,1.0967204783035283e-06,92995.8,5.0995199128109633e-05,"('2025-12', 0, 1)"
2025-12-03 20:00:00+00:00,entry,ETH,-2.9318922684447546e-05,3126.79,4.583705713025187e-05,"('2025-12', 0, 1)"
2025-12-04 00:00:00+00:00,exit_stop,BTC,-1.0967204783035283e-06,93376.8,5.1204124379226455e-05,"('2025-12', 0, 1)"
2025-12-04 00:00:00+00:00,exit_stop,ETH,2.9318922684447546e-05,3187.08,4.672087605457454e-05,"('2025-12', 0, 1)"
2025-12-19 08:00:00+00:00,entry,BTC,1.1583292784604817e-06,87909.7,5.09141896853387e-05,"('2025-12', 0, 1)"
2025-12-19 08:00:00+00:00,entry,ETH,-3.1022503300948595e-05,2950.39,4.576424175704286e-05,"('2025-12', 0, 1)"
2025-12-25 16:00:00+00:00,entry,XLM,0.4942196866645117,0.21509,5.315085620233492e-05,"('2025-12', 15, 19)"
2025-12-25 16:00:00+00:00,entry,AAVE,-0.0005671206973006371,153.52,4.3532184724796904e-05,"('2025-12', 15, 19)"
2025-12-26 16:00:00+00:00,exit_stop,XLM,-0.4942196866645117,0.21147,5.225631856947215e-05,"('2025-12', 15, 19)"
2025-12-26 16:00:00+00:00,exit_stop,AAVE,0.0005671206973006371,154.64,4.384977231528526e-05,"('2025-12', 15, 19)"
2025-12-31 04:00:00+00:00,entry,XLM,0.5068356922481029,0.20912,5.299473998146164e-05,"('2025-12', 15, 19)"
2025-12-31 04:00:00+00:00,entry,AAVE,-0.0005809318174657435,149.43,4.340432074195302e-05,"('2025-12', 15, 19)"
2026-01-01 00:00:00+00:00,entry,SOL,-0.0009313682640235296,124.58,5.801492916602566e-05,"('2026-01', 3, 9)"
2026-01-01 00:00:00+00:00,entry,SUI,0.054234684697058326,1.4037,3.806461345463039e-05,"('2026-01', 3, 9)"
2026-01-01 20:00:00+00:00,exit_mean,SOL,0.0009313682640235296,125.7,5.853649539387884e-05,"('2026-01', 3, 9)"
2026-01-01 20:00:00+00:00,exit_mean,SUI,-0.054234684697058326,1.45,3.932014640536729e-05,"('2026-01', 3, 9)"
2026-01-02 04:00:00+00:00,entry,LTC,0.0015140788557595653,80.13,6.066156935600698e-05,"('2026-01', 11, 18)"
2026-01-02 04:00:00+00:00,entry,NEAR,-0.043110176481933646,1.655,3.567367103880009e-05,"('2026-01', 11, 18)"
2026-01-02 08:00:00+00:00,exit_timeout,BTC,-1.1583292784604817e-06,88829.3,5.144678948757484e-05,"('2025-12', 0, 1)"
2026-01-02 08:00:00+00:00,exit_timeout,ETH,3.1022503300948595e-05,3017.0,4.679744622948096e-05,"('2025-12', 0, 1)"
2026-01-02 20:00:00+00:00,entry,SOL,0.0008841198024144094,131.6,5.817508299886814e-05,"('2026-01', 3, 9)"
2026-01-02 20:00:00+00:00,entry,SUI,-0.04807266145566071,1.588,3.816969319579461e-05,"('2026-01', 3, 9)"
2026-01-03 00:00:00+00:00,exit_stop,XLM,-0.5068356922481029,0.2191,5.5523850085779666e-05,"('2025-12', 15, 19)"
2026-01-03 00:00:00+00:00,exit_stop,AAVE,0.0005809318174657435,165.13,4.7964635509059104e-05,"('2025-12', 15, 19)"
2026-01-03 04:00:00+00:00,exit_mean,LTC,-0.0015140788557595653,82.65,6.256930871426404e-05,"('2026-01', 11, 18)"
2026-01-03 04:00:00+00:00,exit_mean,NEAR,0.043110176481933646,1.708,3.6816090715571334e-05,"('2026-01', 11, 18)"
2026-01-03 04:00:00+00:00,exit_stop,SOL,-0.0008841198024144094,132.78,5.869671368229264e-05,"('2026-01', 3, 9)"
2026-01-03 04:00:00+00:00,exit_stop,SUI,0.04807266145566071,1.6733,4.021999220687854e-05,"('2026-01', 3, 9)"
2026-01-04 20:00:00+00:00,entry,LTC,0.0014692898916322788,82.12,6.0329042950421375e-05,"('2026-01', 11, 18)"
2026-01-04 20:00:00+00:00,entry,NEAR,-0.041157911743030004,1.724,3.547811992249187e-05,"('2026-01', 11, 18)"
2026-01-05 04:00:00+00:00,exit_stop,LTC,-0.0014692898916322788,82.58,6.066697962549679e-05,"('2026-01', 11, 18)"
2026-01-05 04:00:00+00:00,exit_stop,NEAR,0.041157911743030004,1.791,3.6856909965883366e-05,"('2026-01', 11, 18)"
2026-01-06 12:00:00+00:00,entry,LTC,0.0014370968355525834,83.76,6.01856154729422e-05,"('2026-01', 11, 18)"
2026-01-06 12:00:00+00:00,entry,NEAR,-0.03889425662435481,1.82,3.539377352816288e-05,"('2026-01', 11, 18)"
2026-01-11 20:00:00+00:00,exit_stop,LTC,-0.0014370968355525834,80.25,5.7663510526547415e-05,"('2026-01', 11, 18)"
2026-01-11 20:00:00+00:00,exit_stop,NEAR,0.03889425662435481,1.719,3.342961356863296e-05,"('2026-01', 11, 18)"
2026-01-16 20:00:00+00:00,entry,SOL,-0.0007996498696083701,144.14,5.7630766102675224e-05,"('2026-01', 3, 9)"
2026-01-16 20:00:00+00:00,entry,SUI,0.04284709045318725,1.765,3.781255732493775e-05,"('2026-01', 3, 9)"
2026-01-17 08:00:00+00:00,exit_mean,SOL,0.0007996498696083701,143.56,5.73988676404888e-05,"('2026-01', 3, 9)"
2026-01-17 08:00:00+00:00,exit_mean,SUI,-0.04284709045318725,1.7941,3.843598249103163e-05,"('2026-01', 3, 9)"
2026-01-19 08:00:00+00:00,entry,SOL,-0.0008654742787043864,133.39,5.7722807018189045e-05,"('2026-01', 3, 9)"
2026-01-19 08:00:00+00:00,entry,SUI,0.0484866815841092,1.5622,3.7872946985347695e-05,"('2026-01', 3, 9)"
2026-01-20 16:00:00+00:00,exit_mean,SOL,0.0008654742787043864,127.77,5.529082429502972e-05,"('2026-01', 3, 9)"
2026-01-20 16:00:00+00:00,exit_mean,SUI,-0.0484866815841092,1.5157,3.674563163851716e-05,"('2026-01', 3, 9)"
2026-01-21 16:00:00+00:00,entry,SOL,-0.0008877765917849732,130.37,5.786971713550348e-05,"('2026-01', 3, 9)"
2026-01-21 16:00:00+00:00,entry,SUI,0.05014770823782059,1.5143,3.7969337292265856e-05,"('2026-01', 3, 9)"
2026-01-22 16:00:00+00:00,exit_mean,SOL,0.0008877765917849732,127.32,5.651585783303139e-05,"('2026-01', 3, 9)"
2026-01-22 16:00:00+00:00,exit_mean,SUI,-0.05014770823782059,1.4955,3.749794883483035e-05,"('2026-01', 3, 9)"
2026-01-25 20:00:00+00:00,entry,SOL,0.0009835234531181257,117.87,5.7963954709516745e-05,"('2026-01', 3, 9)"
2026-01-25 20:00:00+00:00,entry,SUI,-0.05522969535126164,1.3772,3.803116821887877e-05,"('2026-01', 3, 9)"
2026-01-26 00:00:00+00:00,exit_stop,SOL,-0.0009835234531181257,118.77,5.84065402634199e-05,"('2026-01', 3, 9)"
2026-01-26 00:00:00+00:00,exit_stop,SUI,0.05522969535126164,1.3994,3.864421783727777e-05,"('2026-01', 3, 9)"
2026-01-27 20:00:00+00:00,entry,SOL,-0.0009211105078135248,125.79,5.793324538893164e-05,"('2026-01', 3, 9)"
2026-01-27 20:00:00+00:00,entry,SUI,0.05302136880255695,1.4338,3.8011019294553076e-05,"('2026-01', 3, 9)"
2026-01-28 00:00:00+00:00,exit_stop,SOL,0.0009211105078135248,127.12,5.854578387662764e-05,"('2026-01', 3, 9)"
2026-01-28 00:00:00+00:00,exit_stop,SUI,-0.05302136880255695,1.4395,3.8162130195640366e-05,"('2026-01', 3, 9)"
2026-01-30 16:00:00+00:00,entry,SOL,-0.0009915365765697241,116.72,5.7866074608609104e-05,"('2026-01', 3, 9)"
2026-01-30 16:00:00+00:00,entry,SUI,0.05948601232499391,1.2765,3.796694736642736e-05,"('2026-01', 3, 9)"
2026-01-31 04:00:00+00:00,exit_stop,SOL,0.0009915365765697241,118.3,5.8649388504099185e-05,"('2026-01', 3, 9)"
2026-01-31 04:00:00+00:00,exit_stop,SUI,-0.05948601232499391,1.2552,3.733342133516619e-05,"('2026-01', 3, 9)"
2026-01-31 20:00:00+00:00,entry,SOL,0.0011349353121457462,101.65,5.768308723980756e-05,"('2026-01', 3, 9)"
2026-01-31 20:00:00+00:00,entry,SUI,-0.06827870492781317,1.1086,3.784688614148684e-05,"('2026-01', 3, 9)"
2026-02-01 00:00:00+00:00,entry,FIL,-0.08606876374110661,1.052,4.5272169727822084e-05,"('2026-02', 16, 18)"
2026-02-01 00:00:00+00:00,entry,NEAR,0.08355826843852465,1.206,5.038563586843036e-05,"('2026-02', 16, 18)"
2026-02-01 04:00:00+00:00,exit_stop,SOL,-0.0011349353121457462,104.88,5.9516007768922926e-05,"('2026-01', 3, 9)"
2026-02-01 04:00:00+00:00,exit_stop,SUI,0.06827870492781317,1.1533,3.9372915196623464e-05,"('2026-01', 3, 9)"
2026-02-01 04:00:00+00:00,exit_stop,FIL,0.08606876374110661,1.055,4.5401272873433736e-05,"('2026-02', 16, 18)"
2026-02-01 04:00:00+00:00,exit_stop,NEAR,-0.08355826843852465,1.206,5.038563586843036e-05,"('2026-02', 16, 18)"
2026-03-01 00:00:00+00:00,entry,FIL,0.09359713744550317,1.004,4.69857629976426e-05,"('2026-03', 16, 18)"
2026-03-01 00:00:00+00:00,entry,NEAR,-0.08299065898458345,1.17,4.854953550598132e-05,"('2026-03', 16, 18)"
2026-03-01 04:00:00+00:00,exit_stop,FIL,-0.09359713744550317,0.999,4.6751770154028835e-05,"('2026-03', 16, 18)"
2026-03-01 04:00:00+00:00,exit_stop,NEAR,0.08299065898458345,1.151,4.7761124245627776e-05,"('2026-03', 16, 18)"
2026-03-01 04:00:00+00:00,entry,AVAX,-0.009611109270333307,9.26,4.449943592164321e-05,"('2026-03', 10, 11)"
2026-03-01 04:00:00+00:00,entry,LTC,0.0018649550044150406,54.83,5.1127741446038335e-05,"('2026-03', 10, 11)"
2026-03-04 08:00:00+00:00,exit_mean,AVAX,0.009611109270333307,9.18,4.4114991550829885e-05,"('2026-03', 10, 11)"
2026-03-04 08:00:00+00:00,exit_mean,LTC,-0.0018649550044150406,55.25,5.151938199696549e-05,"('2026-03', 10, 11)"
2026-03-04 16:00:00+00:00,entry,DOGE,-0.8866286830484073,0.099,4.388811981089616e-05,"('2026-03', 5, 15)"
2026-03-04 16:00:00+00:00,entry,XLM,0.6470477722255656,0.16035,5.187705513818473e-05,"('2026-03', 5, 15)"
2026-03-05 12:00:00+00:00,exit_mean,DOGE,0.8866286830484073,0.09584,4.2487246491679676e-05,"('2026-03', 5, 15)"
2026-03-05 12:00:00+00:00,exit_mean,XLM,-0.6470477722255656,0.15947,5.159235411840548e-05,"('2026-03', 5, 15)"
2026-03-05 20:00:00+00:00,entry,AVAX,-0.009525048977947433,9.377,4.465819213310654e-05,"('2026-03', 10, 11)"
2026-03-05 20:00:00+00:00,entry,LTC,0.0018580534058970082,55.23,5.1310144803845884e-05,"('2026-03', 10, 11)"
2026-03-08 00:00:00+00:00,exit_mean,AVAX,0.009525048977947433,8.902,4.239599300084402e-05,"('2026-03', 10, 11)"
2026-03-08 00:00:00+00:00,exit_mean,LTC,-0.0018580534058970082,53.54,4.974008967586291e-05,"('2026-03', 10, 11)"
2026-03-08 16:00:00+00:00,entry,AVAX,-0.010088540621051722,8.864,4.471241203250124e-05,"('2026-03', 10, 11)"
2026-03-08 16:00:00+00:00,entry,LTC,0.0019514697396702857,52.65,5.137244089682027e-05,"('2026-03', 10, 11)"
2026-03-09 08:00:00+00:00,exit_stop,AVAX,0.010088540621051722,9.083,4.5817107230506394e-05,"('2026-03', 10, 11)"
2026-03-09 08:00:00+00:00,exit_stop,LTC,-0.0019514697396702857,53.28,5.198715386481642e-05,"('2026-03', 10, 11)"
2026-03-10 12:00:00+00:00,entry,DOGE,0.9311965854297656,0.09446,4.398041472984783e-05,"('2026-03', 5, 15)"
2026-03-10 12:00:00+00:00,entry,XLM,-0.6475200904405632,0.16057,5.198615046102062e-05,"('2026-03', 5, 15)"
2026-03-13 12:00:00+00:00,exit_mean,DOGE,-0.9311965854297656,0.1,4.655982927148828e-05,"('2026-03', 5, 15)"
2026-03-13 12:00:00+00:00,exit_mean,XLM,0.6475200904405632,0.16509,5.3449545865416286e-05,"('2026-03', 5, 15)"
2026-03-22 04:00:00+00:00,entry,AVAX,-0.009651749428787278,9.274,4.4755162101286605e-05,"('2026-03', 10, 11)"
2026-03-22 04:00:00+00:00,entry,LTC,0.0018808178016968583,54.68,5.142155869839211e-05,"('2026-03', 10, 11)"
2026-03-22 20:00:00+00:00,exit_mean,AVAX,0.009651749428787278,8.971,4.3292922062825335e-05,"('2026-03', 10, 11)"
2026-03-22 20:00:00+00:00,exit_mean,LTC,-0.0018808178016968583,53.74,5.0537574331594586e-05,"('2026-03', 10, 11)"
2026-03-23 12:00:00+00:00,entry,AVAX,-0.009552135522817607,9.38,4.4799515602014584e-05,"('2026-03', 10, 11)"
2026-03-23 12:00:00+00:00,entry,LTC,0.0018747958028490891,54.91,5.1472518767221744e-05,"('2026-03', 10, 11)"
2026-03-24 04:00:00+00:00,exit_stop,AVAX,0.009552135522817607,9.572,4.571652061220506e-05,"('2026-03', 10, 11)"
2026-03-24 04:00:00+00:00,exit_stop,LTC,-0.0018747958028490891,55.53,5.205370546610496e-05,"('2026-03', 10, 11)"
2026-03-25 08:00:00+00:00,entry,AVAX,-0.00927842789339447,9.648,4.4759136157734924e-05,"('2026-03', 10, 11)"
2026-03-25 08:00:00+00:00,entry,LTC,0.0018242683469591287,56.38,5.1426124700777846e-05,"('2026-03', 10, 11)"
2026-03-26 16:00:00+00:00,exit_mean,AVAX,0.00927842789339447,9.177,4.257406638884053e-05,"('2026-03', 10, 11)"
2026-03-26 16:00:00+00:00,exit_mean,LTC,-0.0018242683469591287,54.68,4.987549660586258e-05,"('2026-03', 10, 11)"
2026-03-30 20:00:00+00:00,entry,AVAX,0.010187529492118881,8.797,4.48098484710849e-05,"('2026-03', 10, 11)"
2026-03-30 20:00:00+00:00,entry,LTC,-0.0019307853269730896,53.33,5.148439074373743e-05,"('2026-03', 10, 11)"
2026-04-01 08:00:00+00:00,exit_mean,AVAX,-0.010187529492118881,9.34,4.7575762728195176e-05,"('2026-03', 10, 11)"
2026-04-01 08:00:00+00:00,exit_mean,LTC,0.0019307853269730896,54.29,5.241116770068452e-05,"('2026-03', 10, 11)"
2026-04-03 16:00:00+00:00,entry,AVAX,-0.009979454461979821,9.013,4.4972411532912066e-05,"('2026-03', 10, 11)"
2026-04-03 16:00:00+00:00,entry,LTC,0.001954280181243175,52.88,5.167116799206955e-05,"('2026-03', 10, 11)"
2026-04-04 00:00:00+00:00,exit_mean,AVAX,0.009979454461979821,8.91,4.4458469628120104e-05,"('2026-03', 10, 11)"
2026-04-04 00:00:00+00:00,exit_mean,LTC,-0.001954280181243175,53.2,5.1983852821068464e-05,"('2026-03', 10, 11)"
2026-04-05 20:00:00+00:00,entry,AVAX,0.010186773452716302,8.843,4.5040818821185134e-05,"('2026-03', 10, 11)"
2026-04-05 20:00:00+00:00,entry,LTC,-0.0019360181340072882,53.46,5.174976472201481e-05,"('2026-03', 10, 11)"
2026-04-06 04:00:00+00:00,exit_mean,AVAX,-0.010186773452716302,9.451,4.8137597950810885e-05,"('2026-03', 10, 11)"
2026-04-06 04:00:00+00:00,exit_mean,LTC,0.0019360181340072882,54.26,5.252417197561773e-05,"('2026-03', 10, 11)"
2026-04-08 00:00:00+00:00,entry,DOGE,0.9391250520110352,0.0949,4.456148371792362e-05,"('2026-03', 5, 15)"
2026-04-08 00:00:00+00:00,entry,XLM,-0.6446333519009457,0.16342,5.267299118382628e-05,"('2026-03', 5, 15)"
2026-04-08 04:00:00+00:00,entry,AVAX,-0.00959316188128603,9.438,4.5270130917788775e-05,"('2026-03', 10, 11)"
2026-04-08 04:00:00+00:00,entry,LTC,0.0018927668648351108,54.96,5.201323344566885e-05,"('2026-03', 10, 11)"
2026-04-08 12:00:00+00:00,exit_mean,AVAX,0.00959316188128603,9.308,4.464657539550518e-05,"('2026-03', 10, 11)"
2026-04-08 12:00:00+00:00,exit_mean,LTC,-0.0018927668648351108,55.06,5.210787178891061e-05,"('2026-03', 10, 11)"
2026-04-09 12:00:00+00:00,exit_mean,DOGE,-0.9391250520110352,0.09163,4.302601425788558e-05,"('2026-03', 5, 15)"
2026-04-09 12:00:00+00:00,exit_mean,XLM,0.6446333519009457,0.15385,4.958842059498025e-05,"('2026-03', 5, 15)"
2026-04-10 00:00:00+00:00,entry,AVAX,-0.009708319713002431,9.361,4.5439790416707885e-05,"('2026-03', 10, 11)"
2026-04-10 00:00:00+00:00,entry,LTC,0.0019151931094521036,54.52,5.220816416366435e-05,"('2026-03', 10, 11)"
2026-04-12 04:00:00+00:00,exit_mean,AVAX,0.009708319713002431,9.077,4.406120901746154e-05,"('2026-03', 10, 11)"
2026-04-12 04:00:00+00:00,exit_mean,LTC,-0.0019151931094521036,54.0,5.1710213955206794e-05,"('2026-03', 10, 11)"
2026-04-13 12:00:00+00:00,entry,AVAX,-0.010051431242126811,9.056,4.55128806643502e-05,"('2026-03', 10, 11)"
2026-04-13 12:00:00+00:00,entry,LTC,0.001982264647150534,52.76,5.229214139183109e-05,"('2026-03', 10, 11)"
2026-04-13 16:00:00+00:00,exit_stop,AVAX,0.010051431242126811,9.202,4.624663514502546e-05,"('2026-03', 10, 11)"
2026-04-13 16:00:00+00:00,exit_stop,LTC,-0.001982264647150534,52.9,5.243089991713163e-05,"('2026-03', 10, 11)"
2026-04-15 04:00:00+00:00,entry,AVAX,-0.009730090228596748,9.342,4.544925145777541e-05,"('2026-03', 10, 11)"
2026-04-15 04:00:00+00:00,entry,LTC,0.0019322491933821315,54.05,5.22190344511521e-05,"('2026-03', 10, 11)"
2026-04-15 16:00:00+00:00,exit_mean,AVAX,0.009730090228596748,9.363,4.5551417405175675e-05,"('2026-03', 10, 11)"
2026-04-15 16:00:00+00:00,exit_mean,LTC,-0.0019322491933821315,55.05,5.3185159047843174e-05,"('2026-03', 10, 11)"
2026-04-16 20:00:00+00:00,entry,AVAX,-0.009243825521044906,9.849,4.5521218778385646e-05,"('2026-03', 10, 11)"
2026-04-16 20:00:00+00:00,entry,LTC,0.0018513883713067204,56.5,5.230172148941485e-05,"('2026-03', 10, 11)"
2026-04-17 00:00:00+00:00,entry,DOGE,0.904688051978515,0.09918,4.486348049761456e-05,"('2026-03', 5, 15)"
2026-04-17 00:00:00+00:00,entry,XLM,-0.6268687310803888,0.16919,5.3029960305745497e-05,"('2026-03', 5, 15)"
2026-04-17 16:00:00+00:00,exit_stop,DOGE,-0.904688051978515,0.10052,4.546962149244016e-05,"('2026-03', 5, 15)"
2026-04-17 16:00:00+00:00,exit_stop,XLM,0.6268687310803888,0.1747,5.475698365987196e-05,"('2026-03', 5, 15)"
2026-04-18 12:00:00+00:00,exit_mean,AVAX,0.009243825521044906,9.385,4.337665125750322e-05,"('2026-03', 10, 11)"
2026-04-18 12:00:00+00:00,exit_mean,LTC,-0.0018513883713067204,55.97,5.181110357101857e-05,"('2026-03', 10, 11)"
2026-04-23 12:00:00+00:00,entry,AVAX,0.009829157635006738,9.269,4.5553231059438736e-05,"('2026-03', 10, 11)"
2026-04-23 12:00:00+00:00,entry,LTC,-0.0018887947341079787,55.42,5.233850208213209e-05,"('2026-03', 10, 11)"
2026-04-25 16:00:00+00:00,exit_stop,AVAX,-0.009829157635006738,9.34,4.590216615548147e-05,"('2026-03', 10, 11)"
2026-04-25 16:00:00+00:00,exit_stop,LTC,0.0018887947341079787,56.4,5.3264011501845e-05,"('2026-03', 10, 11)"
2026-04-27 08:00:00+00:00,entry,AVAX,0.00986234281567588,9.225,4.5490056237304994e-05,"('2026-03', 10, 11)"
2026-04-27 08:00:00+00:00,entry,LTC,-0.0018919789034434838,55.25,5.226591720762624e-05,"('2026-03', 10, 11)"
2026-04-28 20:00:00+00:00,entry,DOGE,-0.898113845529321,0.09968,4.4761994061181366e-05,"('2026-03', 5, 15)"
2026-04-28 20:00:00+00:00,entry,XLM,0.6525653717008587,0.16216,5.2910000337505624e-05,"('2026-03', 5, 15)"
2026-04-29 00:00:00+00:00,exit_stop,AVAX,-0.00986234281567588,9.172,4.5228704152689595e-05,"('2026-03', 10, 11)"
2026-04-29 00:00:00+00:00,exit_stop,LTC,0.0018919789034434838,55.69,5.2682152566383804e-05,"('2026-03', 10, 11)"
2026-04-29 08:00:00+00:00,exit_stop,DOGE,0.898113845529321,0.10492,4.7115052336468186e-05,"('2026-03', 5, 15)"
2026-04-29 08:00:00+00:00,exit_stop,XLM,-0.6525653717008587,0.16382,5.3451629596017336e-05,"('2026-03', 5, 15)"
2026-05-01 08:00:00+00:00,entry,SOL,-0.0010808646693094756,83.91,4.5347677200879044e-05,"('2026-05', 3, 10)"
2026-05-01 08:00:00+00:00,entry,AVAX,0.01140365640930742,9.098,5.187523300593946e-05,"('2026-05', 3, 10)"
2026-05-01 16:00:00+00:00,entry,BNB,0.00010700351172271389,621.2,3.3235290741074936e-05,"('2026-05', 2, 11)"
2026-05-01 16:00:00+00:00,entry,LTC,-0.0023020137156596204,55.63,6.403051150107235e-05,"('2026-05', 2, 11)"
2026-05-04 12:00:00+00:00,exit_mean,BNB,-0.00010700351172271389,623.24,3.33444343230321e-05,"('2026-05', 2, 11)"
2026-05-04 12:00:00+00:00,exit_mean,LTC,0.0023020137156596204,55.19,6.352406848362723e-05,"('2026-05', 2, 11)"
2026-05-05 08:00:00+00:00,exit_mean,SOL,0.0010808646693094756,84.83,4.584487494876141e-05,"('2026-05', 3, 10)"
2026-05-05 08:00:00+00:00,exit_mean,AVAX,-0.01140365640930742,9.337,5.323796994685168e-05,"('2026-05', 3, 10)"
2026-05-06 00:00:00+00:00,entry,BNB,0.00010561687888970708,630.75,3.330892317984137e-05,"('2026-05', 2, 11)"
2026-05-06 00:00:00+00:00,entry,LTC,-0.0022796579193286714,56.3,6.41723704291021e-05,"('2026-05', 2, 11)"
2026-05-06 08:00:00+00:00,exit_stop,BNB,-0.00010561687888970708,638.42,3.37139639103834e-05,"('2026-05', 2, 11)"
2026-05-06 08:00:00+00:00,exit_stop,LTC,0.0022796579193286714,57.12,6.510703017602686e-05,"('2026-05', 2, 11)"
2026-05-06 20:00:00+00:00,entry,SOL,-0.0010180397448860206,89.21,4.540966282064095e-05,"('2026-05', 3, 10)"
2026-05-06 20:00:00+00:00,entry,AVAX,0.01081873188054328,9.603,5.194614112442856e-05,"('2026-05', 3, 10)"
2026-05-07 12:00:00+00:00,entry,BNB,0.00010254465918580619,648.33,3.3241389444966865e-05,"('2026-05', 2, 11)"
2026-05-07 12:00:00+00:00,entry,LTC,-0.0022435544282345754,57.09,6.404226115395596e-05,"('2026-05', 2, 11)"
2026-05-07 16:00:00+00:00,exit_stop,SOL,0.0010180397448860206,88.27,4.493118414054452e-05,"('2026-05', 3, 10)"
2026-05-07 16:00:00+00:00,exit_stop,AVAX,-0.01081873188054328,9.411,5.0907542863896406e-05,"('2026-05', 3, 10)"
2026-05-07 16:00:00+00:00,exit_mean,BNB,-0.00010254465918580619,642.86,3.2960929802093686e-05,"('2026-05', 2, 11)"
2026-05-07 16:00:00+00:00,exit_mean,LTC,0.0022435544282345754,56.2,6.304387943339157e-05,"('2026-05', 2, 11)"
2026-05-08 08:00:00+00:00,entry,BNB,0.00010443132445837494,637.04,3.3263465466481585e-05,"('2026-05', 2, 11)"
2026-05-08 08:00:00+00:00,entry,LTC,-0.002268086795919458,56.51,6.408479241870428e-05,"('2026-05', 2, 11)"
2026-05-08 16:00:00+00:00,exit_stop,BNB,-0.00010443132445837494,644.35,3.364516195737695e-05,"('2026-05', 2, 11)"
2026-05-08 16:00:00+00:00,exit_stop,LTC,0.002268086795919458,57.8,6.554770840207233e-05,"('2026-05', 2, 11)"
2026-05-09 04:00:00+00:00,entry,SOL,-0.000968081021957531,93.58,4.529651101739288e-05,"('2026-05', 3, 10)"
2026-05-09 04:00:00+00:00,entry,AVAX,0.010385149157984021,9.979,5.181670172376127e-05,"('2026-05', 3, 10)"
2026-05-10 20:00:00+00:00,exit_mean,SOL,0.000968081021957531,96.44,4.6680866878792145e-05,"('2026-05', 3, 10)"
2026-05-10 20:00:00+00:00,exit_mean,AVAX,-0.010385149157984021,10.412,5.406508651646482e-05,"('2026-05', 3, 10)"
2026-05-13 00:00:00+00:00,entry,BNB,9.991889755095214e-05,665.24,3.323502370339771e-05,"('2026-05', 2, 11)"
2026-05-13 00:00:00+00:00,entry,LTC,-0.0022048897049277327,58.08,6.402999703110136e-05,"('2026-05', 2, 11)"
2026-05-13 12:00:00+00:00,exit_mean,BNB,-9.991889755095214e-05,678.77,3.391097504532989e-05,"('2026-05', 2, 11)"
2026-05-13 12:00:00+00:00,exit_mean,LTC,0.0022048897049277327,58.12,6.407409482519991e-05,"('2026-05', 2, 11)"
2026-05-14 20:00:00+00:00,entry,BNB,9.775450855616312e-05,680.72,3.3271724532175684e-05,"('2026-05', 2, 11)"
2026-05-14 20:00:00+00:00,entry,LTC,-0.002176963973022859,58.89,6.410070418565808e-05,"('2026-05', 2, 11)"
2026-05-15 04:00:00+00:00,exit_mean,BNB,-9.775450855616312e-05,682.25,3.334650673122115e-05,"('2026-05', 2, 11)"
2026-05-15 04:00:00+00:00,exit_mean,LTC,0.002176963973022859,58.07,6.320814895671871e-05,"('2026-05', 2, 11)"
2026-05-15 12:00:00+00:00,entry,SOL,-0.000997661000074117,91.21,4.5498329908380105e-05,"('2026-05', 3, 10)"
2026-05-15 12:00:00+00:00,entry,AVAX,0.010653478940872046,9.771,5.204757136563039e-05,"('2026-05', 3, 10)"
2026-05-16 08:00:00+00:00,entry,BNB,-0.00010076357678388772,660.96,3.330034685553922e-05,"('2026-05', 2, 11)"
2026-05-16 08:00:00+00:00,entry,LTC,0.002288011677512057,56.08,6.415584743743808e-05,"('2026-05', 2, 11)"
2026-05-16 12:00:00+00:00,exit_stop,BNB,0.00010076357678388772,654.59,3.2979414863482533e-05,"('2026-05', 2, 11)"
2026-05-16 12:00:00+00:00,exit_stop,LTC,-0.002288011677512057,55.9,6.394992638646199e-05,"('2026-05', 2, 11)"
2026-05-21 08:00:00+00:00,exit_mean,SOL,0.000997661000074117,86.58,4.318874469320853e-05,"('2026-05', 3, 10)"
2026-05-21 08:00:00+00:00,exit_mean,AVAX,-0.010653478940872046,9.465,5.0417589087676956e-05,"('2026-05', 3, 10)"
2026-05-23 08:00:00+00:00,entry,SOL,-0.0011084547174413661,82.19,4.555194661325294e-05,"('2026-05', 3, 10)"
2026-05-23 08:00:00+00:00,entry,AVAX,0.011690163972777069,8.915,5.210890590865378e-05,"('2026-05', 3, 10)"
2026-05-24 00:00:00+00:00,exit_mean,SOL,0.0011084547174413661,85.72,4.7508369189536953e-05,"('2026-05', 3, 10)"
2026-05-24 00:00:00+00:00,exit_mean,AVAX,-0.011690163972777069,9.386,5.486193952424278e-05,"('2026-05', 3, 10)"
2026-05-28 20:00:00+00:00,entry,SOL,-0.0011106616430247918,82.14,4.5614873679028206e-05,"('2026-05', 3, 10)"
2026-05-28 20:00:00+00:00,entry,AVAX,0.01171025381267482,8.912,5.2180890989279005e-05,"('2026-05', 3, 10)"
2026-06-01 20:00:00+00:00,exit_mean,SOL,0.0011106616430247918,81.16,4.507064947394605e-05,"('2026-05', 3, 10)"
2026-06-01 20:00:00+00:00,exit_mean,AVAX,-0.01171025381267482,8.955,5.2432661446251506e-05,"('2026-05', 3, 10)"
2026-06-02 16:00:00+00:00,entry,SOL,-0.0011968829831228585,76.33,4.567903905088389e-05,"('2026-05', 3, 10)"
2026-06-02 16:00:00+00:00,entry,AVAX,0.01249953178412336,8.361,5.225429262352771e-05,"('2026-05', 3, 10)"
2026-06-03 16:00:00+00:00,exit_mean,SOL,0.0011968829831228585,73.25,4.38358392568747e-05,"('2026-05', 3, 10)"
2026-06-03 16:00:00+00:00,exit_mean,AVAX,-0.01249953178412336,8.188,5.117308312420104e-05,"('2026-05', 3, 10)"
2026-06-05 04:00:00+00:00,entry,SOL,-0.0013643530289215876,67.05,4.5739935294596224e-05,"('2026-05', 3, 10)"
2026-06-05 04:00:00+00:00,entry,AVAX,0.014307890225897265,7.314,5.23239545561063e-05,"('2026-05', 3, 10)"
2026-06-05 12:00:00+00:00,exit_stop,SOL,0.0013643530289215876,66.03,4.504411524984622e-05,"('2026-05', 3, 10)"
2026-06-05 12:00:00+00:00,exit_stop,AVAX,-0.014307890225897265,7.071,5.0585545893659775e-05,"('2026-05', 3, 10)"
