symbol,band,minutes,n,mean,median,positive_rate,q05,model
BTCUSDT,1-2,5,8915,6.044816593653999e-06,-1.0398239578046642e-05,0.49399887829500844,-0.002539707190076701,B2
BTCUSDT,1-2,15,8914,3.467136007908735e-05,4.954883712104952e-06,0.5014583800762845,-0.003758259410088754,B2
BTCUSDT,1-2,30,8914,6.697843001389971e-05,0.0,0.49966345075162666,-0.004803689222857554,B2
BTCUSDT,1-2,60,8908,0.00010714837316136148,5.250607456952494e-05,0.5074090704984284,-0.006732792919877562,B2
BTCUSDT,1-2,120,8905,8.064635075449881e-05,8.58886268073622e-05,0.5089275687815834,-0.009490848012666087,B2
BTCUSDT,1-2,240,8905,0.0001933410115861076,0.00011448253279655596,0.5084783829309377,-0.012500668014141713,B2
BTCUSDT,1-2,1440,8849,0.0009507061983741336,0.0006650124223699372,0.5209628206577014,-0.03109852834385609,B2
BTCUSDT,2-3,5,2070,3.389539592004345e-05,-1.3394791798293504e-05,0.4956521739130435,-0.003086436253747832,B2
BTCUSDT,2-3,15,2070,7.634396313227262e-05,2.9372842246022657e-05,0.5057971014492754,-0.004145712403049839,B2
BTCUSDT,2-3,30,2070,7.069074271402349e-05,0.0001041009856225239,0.5135265700483091,-0.005824723970938572,B2
BTCUSDT,2-3,60,2070,0.00023167982094774692,0.00020487116669620775,0.5294685990338164,-0.008097769443730429,B2
BTCUSDT,2-3,120,2070,0.0006159889361817426,0.00040334336369929336,0.5420289855072464,-0.009193819477360149,B2
BTCUSDT,2-3,240,2070,0.0011121549676143285,0.0008754570135074413,0.5531400966183575,-0.012228404462167141,B2
BTCUSDT,2-3,1440,2059,0.0009384567141169312,0.0008001035611626683,0.523069451189898,-0.037686520088416525,B2
BTCUSDT,3-4,5,450,-0.00025913278301712366,5.252722516735364e-05,0.5111111111111111,-0.004376492711566915,B2
BTCUSDT,3-4,15,450,-0.0005247045171656602,6.695505301135274e-06,0.5,-0.0064887575610302,B2
BTCUSDT,3-4,30,450,-0.0005333007358393682,-0.0003473301034218057,0.44222222222222224,-0.007830499924080048,B2
BTCUSDT,3-4,60,450,-0.0008025202359568525,-0.0005011009656099574,0.4444444444444444,-0.011290082235469782,B2
BTCUSDT,3-4,120,450,-0.001188297056645899,-0.00034936104161653603,0.45555555555555555,-0.018541349567021574,B2
BTCUSDT,3-4,240,450,-0.0003953363309809352,8.383583107351988e-05,0.5066666666666667,-0.018601739043885568,B2
BTCUSDT,3-4,1440,450,0.0010291474343822522,0.0024311966292404064,0.5577777777777778,-0.032923343877774146,B2
BTCUSDT,4+,5,252,-0.00033603349458894756,-0.00033628650713324326,0.44047619047619047,-0.0051501633486578545,B2
BTCUSDT,4+,15,252,-0.000450566708233487,-0.00037235794826273594,0.4365079365079365,-0.007945722234012732,B2
BTCUSDT,4+,30,252,-0.0010796084137620079,-0.0005130988740051912,0.42857142857142855,-0.010955604470847364,B2
BTCUSDT,4+,60,252,-0.0019353855830533074,-0.0010390512749427483,0.3888888888888889,-0.016510107572254885,B2
BTCUSDT,4+,120,252,-0.0025373469135378237,-0.0009239466616261516,0.4365079365079365,-0.020195862583407283,B2
BTCUSDT,4+,240,252,-0.0009389089601857715,0.00019373006980050178,0.5119047619047619,-0.02319567878137077,B2
BTCUSDT,4+,1440,252,0.009850152269179091,0.007345079617331218,0.6706349206349206,-0.03011846451336017,B2
ETHUSDT,1-2,5,7923,3.42498035201937e-06,-2.865548465968981e-05,0.4897134923640035,-0.0032190483298359385,B2
ETHUSDT,1-2,15,7923,-3.0239352014360327e-06,-2.588527645475125e-05,0.4937523665278304,-0.00466665116655015,B2
ETHUSDT,1-2,30,7923,1.7945973783626812e-05,-5.364346408043286e-05,0.49072321090496024,-0.006220740450478668,B2
ETHUSDT,1-2,60,7923,-6.904348195629156e-05,-6.458731397518402e-05,0.49047078126972105,-0.009120013358408341,B2
ETHUSDT,1-2,120,7923,4.357917607566631e-05,-3.794860674399825e-05,0.49589801842736336,-0.013346464908725797,B2
ETHUSDT,1-2,240,7923,-2.869701144079413e-06,-0.00011141999208919007,0.4940047961630695,-0.018550149358936906,B2
ETHUSDT,1-2,1440,7851,0.0005568990521630564,-0.00023535687948161854,0.4943319322379315,-0.041826037292034546,B2
ETHUSDT,2-3,5,1720,2.3681181712549863e-05,0.0,0.49883720930232556,-0.0039375803052850485,B2
ETHUSDT,2-3,15,1720,0.00011345495643493497,-8.269311925424017e-05,0.4790697674418605,-0.005910853569761898,B2
ETHUSDT,2-3,30,1720,0.00026389421956486713,7.245929878296753e-05,0.5133720930232558,-0.007594558108489896,B2
ETHUSDT,2-3,60,1720,0.0009057874551246775,0.0002614524832389442,0.5273255813953488,-0.009176930585535297,B2
ETHUSDT,2-3,120,1720,0.0011849117095563647,0.0003278540812583497,0.5203488372093024,-0.01241824982094637,B2
ETHUSDT,2-3,240,1720,0.0012714330400186988,-5.311266790264391e-06,0.4994186046511628,-0.01725937714382277,B2
ETHUSDT,2-3,1440,1719,-0.00220400471673585,-0.002536435483288968,0.462478184991274,-0.04222507351055382,B2
ETHUSDT,3-4,5,518,8.937305762477073e-05,0.00018930258815486045,0.5366795366795367,-0.004653177211853731,B2
ETHUSDT,3-4,15,518,0.00041418576066829346,0.00018620198257912612,0.5308880308880309,-0.005758644982760097,B2
ETHUSDT,3-4,30,518,0.0004814770588087301,0.0003631058726509817,0.5424710424710425,-0.008237258001544562,B2
ETHUSDT,3-4,60,518,0.0005813653264336615,0.0006259270861994626,0.5444015444015444,-0.012276538824543758,B2
ETHUSDT,3-4,120,518,0.0001301809736475936,-0.00017153757549170923,0.49034749034749037,-0.014019912364467752,B2
ETHUSDT,3-4,240,518,0.00022224378973133215,-0.00039224386941483225,0.47104247104247104,-0.026212668285257812,B2
ETHUSDT,3-4,1440,518,-0.004888216203983421,-0.005414477556872965,0.42084942084942084,-0.04175380401118896,B2
ETHUSDT,4+,5,380,0.0003165175288736844,6.0046937858548866e-05,0.5052631578947369,-0.005984445033876857,B2
ETHUSDT,4+,15,380,0.00020107838403018703,0.00011773215450505692,0.5052631578947369,-0.00944940205664711,B2
ETHUSDT,4+,30,380,8.16323817298447e-06,-7.187161356042582e-05,0.49736842105263157,-0.012130487044218947,B2
ETHUSDT,4+,60,380,-0.0006431436859256687,-0.0001173737045155887,0.49473684210526314,-0.017995974215065363,B2
ETHUSDT,4+,120,380,-1.3964641018295397e-05,0.000989553137489052,0.5342105263157895,-0.019943738838393142,B2
ETHUSDT,4+,240,380,0.001962390210326627,-0.0009252941834122508,0.44473684210526315,-0.03209093239304805,B2
ETHUSDT,4+,1440,380,0.0042732301613114115,-0.004490480514396711,0.4394736842105263,-0.04771321376697156,B2
BNBUSDT,1-2,5,8184,-2.503032673691373e-05,-1.641927030543444e-05,0.49193548387096775,-0.002479832700809753,B2
BNBUSDT,1-2,15,8184,-4.8959345758524415e-05,0.0,0.49608993157380255,-0.0037477615043216444,B2
BNBUSDT,1-2,30,8184,-4.931430992305043e-05,-3.1511534023587195e-05,0.4912023460410557,-0.0049679744297355275,B2
BNBUSDT,1-2,60,8184,-0.00011429550631027454,0.0,0.49816715542521994,-0.0074791277187012395,B2
BNBUSDT,1-2,120,8184,-2.517155104270414e-05,1.7456404749705e-05,0.5008553274682307,-0.009951074308465374,B2
BNBUSDT,1-2,240,8184,0.00038135348282748987,0.00019330965510588882,0.5151515151515151,-0.012495749565230202,B2
BNBUSDT,1-2,1440,8164,0.0015040309406136464,0.0014216979354269021,0.5389514943655072,-0.028494603067218148,B2
BNBUSDT,2-3,5,1578,1.8105313113055256e-05,0.0,0.49936628643852976,-0.0029378481147640024,B2
BNBUSDT,2-3,15,1578,6.472383148748211e-05,-9.286479250825153e-05,0.4835234474017744,-0.004036733580977958,B2
BNBUSDT,2-3,30,1578,0.00010868741449530155,-4.965828321534804e-05,0.4892268694550063,-0.005664652348043136,B2
BNBUSDT,2-3,60,1578,0.00020455369002961865,-7.40015340468525e-05,0.48986058301647656,-0.007120402699559297,B2
BNBUSDT,2-3,120,1578,0.000438312978986547,-1.7223155094281406e-05,0.49809885931558934,-0.010121123121900878,B2
BNBUSDT,2-3,240,1578,0.0005286049969656457,0.0001833262780056577,0.5114068441064639,-0.015362010091082618,B2
BNBUSDT,2-3,1440,1578,0.002159812128396416,0.0022055116880629333,0.550063371356147,-0.03792049994842452,B2
BNBUSDT,3-4,5,448,0.0004721250914021099,0.0002745708605010888,0.578125,-0.002766037951517203,B2
BNBUSDT,3-4,15,448,0.0007278271062535958,0.00040773074151267963,0.578125,-0.004259469758123663,B2
BNBUSDT,3-4,30,448,0.0009720281053524562,0.0005507862650604434,0.546875,-0.006457250501861727,B2
BNBUSDT,3-4,60,448,0.0007552549289995148,0.00022390236795144514,0.5200892857142857,-0.008512895006783571,B2
BNBUSDT,3-4,120,448,0.0006185350817631728,-0.0006670049140086176,0.46875,-0.010429410949328588,B2
BNBUSDT,3-4,240,448,0.0006345089639950499,-0.0002690860019286534,0.48660714285714285,-0.0166360786143182,B2
BNBUSDT,3-4,1440,448,0.004692532087590127,-0.0024874653752626763,0.4375,-0.036658727866322106,B2
BNBUSDT,4+,5,394,-2.6645503605667306e-05,-9.198031076895763e-05,0.48984771573604063,-0.0049211983895213855,B2
BNBUSDT,4+,15,394,5.804333885557023e-05,0.0001490100762869817,0.5152284263959391,-0.005879211841151188,B2
BNBUSDT,4+,30,394,0.000345942924169831,0.0003515569082048753,0.5203045685279187,-0.00836842850570373,B2
BNBUSDT,4+,60,394,0.0011903146917131863,0.0012230280176126485,0.5913705583756346,-0.009918826056674327,B2
BNBUSDT,4+,120,394,0.0004070977654626854,8.270394050868823e-05,0.5050761421319797,-0.016379184018086832,B2
BNBUSDT,4+,240,394,0.001523035250521349,-0.0009581068947370763,0.4517766497461929,-0.01660508425056113,B2
BNBUSDT,4+,1440,394,0.010623991745418867,-0.003911025652559241,0.4593908629441624,-0.03959839641663824,B2
SOLUSDT,1-2,5,8804,3.634682596732028e-05,0.0,0.4860290776919582,-0.00377552175861775,B2
SOLUSDT,1-2,15,8804,3.747670302403835e-05,0.0,0.48466606088141756,-0.005499101441163173,B2
SOLUSDT,1-2,30,8804,8.440913591409153e-05,0.0,0.4914811449341209,-0.00733904597145969,B2
SOLUSDT,1-2,60,8804,0.00017493971684649721,0.0,0.49409359382099044,-0.010184750224479105,B2
SOLUSDT,1-2,120,8804,0.00018013435861188553,0.0,0.49511585642889594,-0.014309778555972564,B2
SOLUSDT,1-2,240,8804,0.00037036351330433905,-0.0002591180184630115,0.4839845524761472,-0.018331018692223044,B2
SOLUSDT,1-2,1440,8793,0.00048237213288990287,0.00040683482506098656,0.5080177413851927,-0.04783263442930669,B2
SOLUSDT,2-3,5,1986,0.0001050435566221108,0.0,0.49798590130916415,-0.004414236232091973,B2
SOLUSDT,2-3,15,1986,0.0001892157132794222,0.0,0.48892245720040284,-0.0060267426708249805,B2
SOLUSDT,2-3,30,1986,0.0003576800954245225,0.0001180289372266774,0.5015105740181269,-0.007927597010564696,B2
SOLUSDT,2-3,60,1986,0.0007271275510646107,0.00027190538823662624,0.5186304128902316,-0.010654587100820317,B2
SOLUSDT,2-3,120,1986,0.0008087522924450085,0.0,0.499496475327291,-0.016496298652331903,B2
SOLUSDT,2-3,240,1986,0.0004713758838655044,0.0003365870755321909,0.5125881168177241,-0.02068831696685483,B2
SOLUSDT,2-3,1440,1986,0.0034252001712491522,0.0042208460197211695,0.5785498489425982,-0.0518748844188793,B2
SOLUSDT,3-4,5,509,6.576455910020155e-05,-0.00023963575365437695,0.4577603143418468,-0.006175132497985581,B2
SOLUSDT,3-4,15,509,-7.31778126143898e-05,0.0,0.4911591355599214,-0.009321536439202149,B2
SOLUSDT,3-4,30,509,-9.627422041577239e-05,-0.00034891835310535413,0.4774066797642436,-0.012324376585332985,B2
SOLUSDT,3-4,60,509,2.5991169827748607e-05,-0.0007952286282306709,0.4636542239685658,-0.01476181969984771,B2
SOLUSDT,3-4,120,509,0.00032324427213498597,-0.0008100914246035318,0.4636542239685658,-0.020206944692276463,B2
SOLUSDT,3-4,240,509,-0.002626567590176411,-0.002382757500270727,0.4106090373280943,-0.03345465154752081,B2
SOLUSDT,3-4,1440,509,0.003995529615635565,0.004702808621815713,0.5540275049115914,-0.050928223656627546,B2
SOLUSDT,4+,5,267,0.00029611570130660877,0.0,0.4868913857677903,-0.005683784719217843,B2
SOLUSDT,4+,15,267,0.0005568817543209291,0.0001387539891772871,0.5131086142322098,-0.007426326851758247,B2
SOLUSDT,4+,30,267,0.0004742056841935891,0.0003242191721604115,0.5168539325842697,-0.01182406597157174,B2
SOLUSDT,4+,60,267,-0.00027710979594194706,-0.00023721978412993838,0.4868913857677903,-0.014586839146662256,B2
SOLUSDT,4+,120,267,-0.0011345188520231336,-0.0022312090363965087,0.40074906367041196,-0.01646361732727202,B2
SOLUSDT,4+,240,267,-0.0033913109082177907,-0.0016025641025639858,0.40823970037453183,-0.033121900223670196,B2
SOLUSDT,4+,1440,267,0.00786691384728354,0.01127982646420822,0.5917602996254682,-0.0520748054245165,B2
XRPUSDT,1-2,5,7646,3.520713845204186e-05,0.0,0.4866596913418781,-0.0034036921610648974,B2
XRPUSDT,1-2,15,7646,6.216538665586138e-05,0.0,0.485090243264452,-0.004859951028325954,B2
XRPUSDT,1-2,30,7646,8.724671639275886e-05,0.0,0.49372220769029557,-0.006461254925422433,B2
XRPUSDT,1-2,60,7645,0.000309772772581737,9.704968944101999e-05,0.5071288423806409,-0.009168394153069269,B2
XRPUSDT,1-2,120,7645,0.0005547087160566463,7.22021660650718e-05,0.5009810333551341,-0.012256374002373959,B2
XRPUSDT,1-2,240,7644,0.0006545041633382367,-0.0002777041464963603,0.4840397697540555,-0.01655434234850765,B2
XRPUSDT,1-2,1440,7576,0.0020144611492300952,-0.0005913359009168673,0.48627243928194297,-0.03895457180222947,B2
XRPUSDT,2-3,5,1719,-1.7263021543146516e-05,0.0,0.48923792902850494,-0.004452853535904633,B2
XRPUSDT,2-3,15,1719,-4.5477779910397615e-05,0.0,0.493891797556719,-0.0063371267986278455,B2
XRPUSDT,2-3,30,1719,0.0001337627465835879,8.647526807337158e-05,0.5026178010471204,-0.008241553880112351,B2
XRPUSDT,2-3,60,1719,0.00022247684177476417,7.457121551079915e-05,0.5014543339150669,-0.011120671587242014,B2
XRPUSDT,2-3,120,1719,0.0005553771304755189,0.00042271382274194913,0.5200698080279232,-0.0147822507766865,B2
XRPUSDT,2-3,240,1719,0.0008880122043862542,0.0002102459878057239,0.5072716695753345,-0.019755835494179308,B2
XRPUSDT,2-3,1440,1717,0.007413107848099056,-0.00014689680499446744,0.49679673849737915,-0.037822285255641505,B2
XRPUSDT,3-4,5,512,-0.00026830665132068256,-7.750449690302474e-05,0.474609375,-0.00520105801831307,B2
XRPUSDT,3-4,15,512,-0.0001876801189372578,0.0,0.4921875,-0.007501166480545707,B2
XRPUSDT,3-4,30,512,-0.0001528387803221966,-0.00014701560032170935,0.4765625,-0.010164237690627475,B2
XRPUSDT,3-4,60,512,0.00034013295775064695,-4.051863857373883e-05,0.49609375,-0.012585186931117275,B2
XRPUSDT,3-4,120,512,0.0007487350075290511,-0.0004466164768112124,0.482421875,-0.015027655066796953,B2
XRPUSDT,3-4,240,512,0.001579716520040952,0.0015007053947889704,0.54296875,-0.022494925792217024,B2
XRPUSDT,3-4,1440,512,0.009602255025349294,-0.0026352163969404208,0.44140625,-0.043624124778121595,B2
XRPUSDT,4+,5,427,0.00048665175429163116,0.0002596503375453807,0.531615925058548,-0.006520500293999709,B2
XRPUSDT,4+,15,427,0.0006278091765808731,0.00032507110930524163,0.5199063231850117,-0.009948406976496614,B2
XRPUSDT,4+,30,427,0.0009620518309399412,0.0005222841225627217,0.5339578454332553,-0.013038131148886268,B2
XRPUSDT,4+,60,427,0.001576506388017634,0.0006111068673135822,0.522248243559719,-0.02211789854000389,B2
XRPUSDT,4+,120,427,0.0024444077993413913,0.001472444257467398,0.5761124121779859,-0.02753558919518969,B2
XRPUSDT,4+,240,427,0.005631992194215073,0.0005431338825019338,0.5128805620608899,-0.032757310261828335,B2
XRPUSDT,4+,1440,427,0.03179174194735575,-0.0017429193899781703,0.47306791569086654,-0.052620695398065354,B2
DOGEUSDT,1-2,5,7921,3.1430894767430473e-06,0.0,0.4916045953793713,-0.0038856508465168194,B2
DOGEUSDT,1-2,15,7919,-1.1212916309968713e-05,0.0,0.4902134107841899,-0.005573724014260738,B2
DOGEUSDT,1-2,30,7919,1.404127027940449e-05,0.0,0.49551711074630633,-0.007667421271010211,B2
DOGEUSDT,1-2,60,7918,7.265332755312855e-06,0.0,0.4929275069461985,-0.010087276159155112,B2
DOGEUSDT,1-2,120,7918,0.00011072724887969875,0.0,0.4964637534730993,-0.014095649185592517,B2
DOGEUSDT,1-2,240,7909,-0.00017382100317698513,-0.0001448645516441971,0.4886837779744595,-0.020900739403588164,B2
DOGEUSDT,1-2,1440,7860,0.0010108912975341955,0.0,0.4986005089058524,-0.04387654137591086,B2
DOGEUSDT,2-3,5,1466,-0.00020266201680360272,-0.00014445660984618858,0.4481582537517053,-0.0051800828522257925,B2
DOGEUSDT,2-3,15,1466,-0.0003592434011538726,-0.00019856044123639505,0.4713506139154161,-0.007143109303551581,B2
DOGEUSDT,2-3,30,1466,-0.00043245074374156093,-0.00020174699641578586,0.48021828103683495,-0.009897754342155757,B2
DOGEUSDT,2-3,60,1466,-0.00034693036457763394,-0.00032509754452936246,0.46521145975443384,-0.012473495432505671,B2
DOGEUSDT,2-3,120,1466,0.0008102103654882379,0.00047438853275993953,0.5306957708049114,-0.014846980976013197,B2
DOGEUSDT,2-3,240,1465,0.0006180772766609125,0.00011242270938716104,0.5044368600682594,-0.021756600346602317,B2
DOGEUSDT,2-3,1440,1465,0.005729998344798746,0.0026201753501964298,0.5406143344709897,-0.03824307899305179,B2
DOGEUSDT,3-4,5,469,2.531482291596498e-06,-0.0002001000500249095,0.43710021321961623,-0.005303371664665058,B2
DOGEUSDT,3-4,15,469,0.00015233402239841907,-0.0004658746797112645,0.4626865671641791,-0.008179823907524496,B2
DOGEUSDT,3-4,30,469,-5.1084568088151845e-05,0.0,0.488272921108742,-0.01285294487537043,B2
DOGEUSDT,3-4,60,469,0.000873536850942001,0.0005536332179929548,0.509594882729211,-0.01610984804015725,B2
DOGEUSDT,3-4,120,469,0.002097300471531032,-0.0002825656965242951,0.4861407249466951,-0.016677759952932615,B2
DOGEUSDT,3-4,240,469,0.004662880263667572,0.0018648687419309251,0.5970149253731343,-0.020072881281646682,B2
DOGEUSDT,3-4,1440,469,0.01742516320468064,0.008023178069979986,0.6162046908315565,-0.029638013338944846,B2
DOGEUSDT,4+,5,407,0.0008189417398033704,0.00041788549937304964,0.5454545454545454,-0.0068546099290780925,B2
DOGEUSDT,4+,15,407,0.0013125587429260038,0.0006711409395974144,0.5356265356265356,-0.010035493685422415,B2
DOGEUSDT,4+,30,407,0.0014912159460943103,0.0002745744096648295,0.5110565110565111,-0.016431554706486783,B2
DOGEUSDT,4+,60,407,0.0014189753047879588,-0.0008342892898112186,0.47665847665847666,-0.026195524847402108,B2
DOGEUSDT,4+,120,407,-0.00017508015854128834,-0.003517658646404964,0.4152334152334152,-0.029556960079127958,B2
DOGEUSDT,4+,240,407,-0.0038490146751432247,-0.002485158083667005,0.42997542997543,-0.04072100775481963,B2
DOGEUSDT,4+,1440,407,0.006250192797133336,0.0036554503702315166,0.547911547911548,-0.04269532401112468,B2
ADAUSDT,1-2,5,8250,-1.210499510732329e-05,0.0,0.4444848484848485,-0.00450243416766889,B2
ADAUSDT,1-2,15,8249,3.0554728162393384e-05,0.0,0.45726754758152505,-0.00640862091084029,B2
ADAUSDT,1-2,30,8247,0.000183374950863579,0.0,0.47350551715775435,-0.00850383195080876,B2
ADAUSDT,1-2,60,8247,0.0002851525617731455,0.0,0.48150842730689947,-0.012048192771084454,B2
ADAUSDT,1-2,120,8238,0.0005709437396028354,0.0,0.48130614226754065,-0.016525190354090755,B2
ADAUSDT,1-2,240,8235,0.0004695434095039028,-0.00040322580645157924,0.4802671523982999,-0.021419681472559772,B2
ADAUSDT,1-2,1440,8199,0.0020870805292169327,-0.002037489812550919,0.46249542627149653,-0.0507043327444653,B2
ADAUSDT,2-3,5,1595,0.00016056782581044796,0.0,0.4407523510971787,-0.005895633193908944,B2
ADAUSDT,2-3,15,1595,0.00022729359845520287,0.0,0.4695924764890282,-0.008069703715131549,B2
ADAUSDT,2-3,30,1595,0.00014494701361104727,0.0,0.4608150470219436,-0.010669057785368651,B2
ADAUSDT,2-3,60,1595,6.615819221500159e-05,-0.0007886435331229125,0.4432601880877743,-0.014207895262563709,B2
ADAUSDT,2-3,120,1595,0.0005015527606464069,-0.0004071661237785573,0.47398119122257054,-0.020983010870157248,B2
ADAUSDT,2-3,240,1594,0.00041029548544258026,0.0,0.49247176913425345,-0.028312358186122925,B2
ADAUSDT,2-3,1440,1588,0.00350745792564175,0.0036714488181697202,0.5346347607052897,-0.10784686271109982,B2
ADAUSDT,3-4,5,479,0.00040923553088912057,0.0,0.48851774530271397,-0.006751832064457041,B2
ADAUSDT,3-4,15,479,-1.4269434605612986e-05,0.0,0.48851774530271397,-0.010897661914101187,B2
ADAUSDT,3-4,30,479,-0.0003081855960590254,-0.0006016847172081174,0.4572025052192067,-0.013312499742909911,B2
ADAUSDT,3-4,60,479,0.00015998487449850717,-0.0011783189316573184,0.4509394572025052,-0.01719846583571948,B2
ADAUSDT,3-4,120,479,-0.0006090336985381524,-0.0013149243918475495,0.42588726513569936,-0.021166208443367182,B2
ADAUSDT,3-4,240,479,-0.0032014922874331313,-0.0027700831024930483,0.3924843423799583,-0.03329328840106597,B2
ADAUSDT,3-4,1440,476,-0.008901932431600668,0.0,0.4957983193277311,-0.12458240998503486,B2
ADAUSDT,4+,5,442,-0.00010443625976940469,-0.0005846309670691219,0.4411764705882353,-0.010581482328436332,B2
ADAUSDT,4+,15,442,9.572017471359628e-06,-0.0005393475014934257,0.45475113122171945,-0.014832084462342254,B2
ADAUSDT,4+,30,442,6.737955209767742e-05,-0.0010980986108767854,0.43891402714932126,-0.020336458112984346,B2
ADAUSDT,4+,60,442,-0.0004327981952580847,-0.0005473453749315071,0.4638009049773756,-0.02997971360381853,B2
ADAUSDT,4+,120,442,-0.0036996895427465863,-0.0023189727537498706,0.4457013574660634,-0.045616963953920585,B2
ADAUSDT,4+,240,442,-0.008582662153553924,-0.0072194866589856965,0.36199095022624433,-0.0486068987098017,B2
ADAUSDT,4+,1440,442,-0.014160129089863393,-0.015053612813710204,0.3936651583710407,-0.12377999944929007,B2
TRXUSDT,1-2,5,8994,-6.579203030697877e-06,0.0,0.4955525906159662,-0.001253988425109853,B2
TRXUSDT,1-2,15,8992,-2.5273031868005624e-05,0.0,0.4965524911032028,-0.0018117528423128582,B2
TRXUSDT,1-2,30,8989,-4.183731922107871e-05,0.0,0.4987206585827122,-0.002402845473007198,B2
TRXUSDT,1-2,60,8986,-6.670353372699106e-05,-2.8608630600557294e-05,0.49031827286890717,-0.003459410082492287,B2
TRXUSDT,1-2,120,8980,-7.956678745392465e-05,0.0,0.4973273942093541,-0.005022020997081744,B2
TRXUSDT,1-2,240,8978,-0.00013260425340259294,6.050070129659524e-05,0.5054577856983739,-0.007070356802220151,B2
TRXUSDT,1-2,1440,8961,0.00019433584884710167,0.0011694826578032558,0.5595357660975337,-0.01960904655230611,B2
TRXUSDT,2-3,5,1830,2.0182914024199597e-05,3.011413267162144e-05,0.512568306010929,-0.0012243436819704468,B2
TRXUSDT,2-3,15,1830,4.472555898766792e-05,3.0422425941978304e-05,0.5136612021857924,-0.0017500156545607825,B2
TRXUSDT,2-3,30,1830,5.8936061703207715e-05,6.008983659400169e-05,0.5169398907103825,-0.0025163920827883436,B2
TRXUSDT,2-3,60,1827,9.109600011927754e-05,0.0001217396597377185,0.5265462506841817,-0.0035431384404397857,B2
TRXUSDT,2-3,120,1827,0.0001560084733099287,6.137605106504296e-05,0.5084838533114395,-0.0049169913081252735,B2
TRXUSDT,2-3,240,1827,0.0004467028553893955,0.0004836466960884689,0.5539135194307608,-0.006285433182165112,B2
TRXUSDT,2-3,1440,1823,0.000352295841837278,0.001868708180119194,0.58036204059243,-0.017305132684901046,B2
TRXUSDT,3-4,5,524,9.105844134650629e-05,2.822242284328258e-05,0.5019083969465649,-0.0012668504880276486,B2
TRXUSDT,3-4,15,524,0.0001295586699821865,0.0,0.4961832061068702,-0.00177957501504295,B2
TRXUSDT,3-4,30,524,0.00021872149704800853,2.9099035305568677e-05,0.5038167938931297,-0.002417651604112053,B2
TRXUSDT,3-4,60,524,0.0002869005902843005,0.00014805768858550117,0.5343511450381679,-0.0035241553856391323,B2
TRXUSDT,3-4,120,524,0.00037256469447501095,0.0002112393113981037,0.5286259541984732,-0.004912247462653296,B2
TRXUSDT,3-4,240,524,0.0010237286431620015,0.001296956625410517,0.5916030534351145,-0.0069172838127480206,B2
TRXUSDT,3-4,1440,524,0.0008764216100357077,0.002263334386414795,0.6393129770992366,-0.015838710141072142,B2
TRXUSDT,4+,5,366,3.1729219082327035e-05,2.870330652271491e-05,0.5081967213114754,-0.0014795935913014535,B2
TRXUSDT,4+,15,366,0.00016872753996270172,0.00022936463208678148,0.5601092896174863,-0.002317215804575612,B2
TRXUSDT,4+,30,366,0.0004118471859172802,0.0003898927837817645,0.5655737704918032,-0.0029692694478973825,B2
TRXUSDT,4+,60,366,0.0008932427163465791,0.0007600047700353496,0.5901639344262295,-0.0032279610030423733,B2
TRXUSDT,4+,120,366,0.0015975497955134565,0.0010712641632942832,0.6530054644808743,-0.005259590111258289,B2
TRXUSDT,4+,240,366,0.0023494336609429134,0.0012764871999190186,0.6857923497267759,-0.005221851791497423,B2
TRXUSDT,4+,1440,366,0.002178842677063506,0.003915451675055137,0.6939890710382514,-0.022313916944783713,B2
LINKUSDT,1-2,5,8746,-3.8016289613836815e-05,0.0,0.47644637548593644,-0.003897865848027149,B2
LINKUSDT,1-2,15,8745,-7.408453812514777e-05,0.0,0.483704974271012,-0.005692071212779415,B2
LINKUSDT,1-2,30,8743,-8.378930041317842e-05,-0.00010511931041723432,0.4859887910328263,-0.007734416473872896,B2
LINKUSDT,1-2,60,8739,-0.00010418846354615583,-0.00021112635912601263,0.4760270053781897,-0.010676085752399743,B2
LINKUSDT,1-2,120,8733,7.499930989325157e-05,-0.00032192295310662367,0.477499141188595,-0.014306725833465062,B2
LINKUSDT,1-2,240,8726,0.000407224918351769,-0.00022434670706950044,0.4898005959202384,-0.019125426300927006,B2
LINKUSDT,1-2,1440,8676,0.001757947653315516,0.0006027867715371338,0.5111802674043338,-0.04599309631706161,B2
LINKUSDT,2-3,5,1728,0.00019290084183216973,0.00012279494469846775,0.5190972222222222,-0.004043253832170707,B2
LINKUSDT,2-3,15,1728,0.0002601381527960756,0.0,0.49594907407407407,-0.0057950541183801885,B2
LINKUSDT,2-3,30,1728,0.0003158573190164165,0.0,0.4994212962962963,-0.007725942946493891,B2
LINKUSDT,2-3,60,1726,0.0004975058165989732,0.0,0.49884125144843566,-0.011320700973648928,B2
LINKUSDT,2-3,120,1725,0.0005601863661718627,0.0,0.49333333333333335,-0.014012437997278027,B2
LINKUSDT,2-3,240,1722,0.0004596742854835342,-0.00034565773256334253,0.4831591173054588,-0.019990836530329913,B2
LINKUSDT,2-3,1440,1713,0.0039033765170870534,0.002958904109588989,0.5522475189725627,-0.05281566413021838,B2
LINKUSDT,3-4,5,368,0.00020981315053776413,0.00010514694314334161,0.5027173913043478,-0.004900871587828836,B2
LINKUSDT,3-4,15,368,0.00028729817905584455,0.00010815771115835204,0.5081521739130435,-0.00822591332178853,B2
LINKUSDT,3-4,30,368,0.00021687385513377173,-0.00011972376172880717,0.4891304347826087,-0.010532630028592432,B2
LINKUSDT,3-4,60,368,-0.00021869648260421215,-0.0007635257224345438,0.42934782608695654,-0.012313705148295401,B2
LINKUSDT,3-4,120,368,-0.0022582073123842356,-0.001927423420398866,0.3858695652173913,-0.02230065328461383,B2
LINKUSDT,3-4,240,368,-0.0036430020083991414,-0.0027492712192108137,0.35597826086956524,-0.028396228484941527,B2
LINKUSDT,3-4,1440,368,-0.007608047471534679,-0.01317340456671856,0.391304347826087,-0.05757935483739117,B2
LINKUSDT,4+,5,274,0.0002666884176642539,0.0002388642709227895,0.5109489051094891,-0.005793960015979355,B2
LINKUSDT,4+,15,274,0.0009076491282592064,0.0006423315208373692,0.5401459854014599,-0.008339926539553778,B2
LINKUSDT,4+,30,274,0.0015055181845393417,0.00024417647743169013,0.5218978102189781,-0.011014530289897078,B2
LINKUSDT,4+,60,274,0.0011207539897228602,-0.000759013477074022,0.4562043795620438,-0.016050492895663744,B2
LINKUSDT,4+,120,274,-0.0016216179146291386,-0.002798094031254139,0.3795620437956204,-0.021576432014596175,B2
LINKUSDT,4+,240,274,-0.004709374732331253,-0.00463250690172573,0.29927007299270075,-0.03205463082612506,B2
LINKUSDT,4+,1440,274,-0.0010768501477973619,0.0009578221866003434,0.5218978102189781,-0.058155743451669004,B2
SUIUSDT,1-2,5,8078,-1.4901217393937259e-05,0.0,0.4829165635058183,-0.005092117677449243,B2
SUIUSDT,1-2,15,8078,1.66431192440298e-05,0.0,0.48551621688536767,-0.007146791305049238,B2
SUIUSDT,1-2,30,8078,7.86083461003255e-06,-9.924040271097612e-05,0.48823966328299084,-0.009608640084094443,B2
SUIUSDT,1-2,60,8078,0.00010932692300926097,0.0,0.4908393166625402,-0.013556092066171305,B2
SUIUSDT,1-2,120,8078,0.0004221907974881993,0.0,0.49975241396385245,-0.018138861190782528,B2
SUIUSDT,1-2,240,8077,0.000258997429141877,-0.0007979784545817381,0.46886220131236844,-0.0250983475818493,B2
SUIUSDT,1-2,1440,8068,-0.0011607496160543683,-0.0033627873909362616,0.43368864650470995,-0.05704045299328915,B2
SUIUSDT,2-3,5,1818,-1.9775010913819435e-05,0.0,0.48184818481848185,-0.006024349987018323,B2
SUIUSDT,2-3,15,1818,0.00010614356610260807,-0.00010789814540806963,0.4884488448844885,-0.008886425969258777,B2
SUIUSDT,2-3,30,1818,0.0003050045218720789,0.0,0.4988998899889989,-0.01085798413200414,B2
SUIUSDT,2-3,60,1818,0.00025944020842808766,0.00010867229588573668,0.5022002200220022,-0.015521000892896607,B2
SUIUSDT,2-3,120,1818,4.79614269111523e-05,0.0,0.4955995599559956,-0.0216935211872203,B2
SUIUSDT,2-3,240,1818,-0.000765339593791178,-0.0010402005444433704,0.4636963696369637,-0.02907806074071588,B2
SUIUSDT,2-3,1440,1818,-0.0023612933169846946,-0.00380696036880257,0.43234323432343236,-0.05600529208171522,B2
SUIUSDT,3-4,5,468,-0.00012462840846479435,0.00026947658488607473,0.5192307692307693,-0.007744810078779768,B2
SUIUSDT,3-4,15,468,0.00010581722150883191,0.00010254059426473283,0.5021367521367521,-0.011308354061539749,B2
SUIUSDT,3-4,30,468,7.635509333546702e-05,0.00021166509971370928,0.5106837606837606,-0.013515417529516526,B2
SUIUSDT,3-4,60,468,-9.368437138899254e-06,0.0005247475310247163,0.5192307692307693,-0.01995069655343418,B2
SUIUSDT,3-4,120,468,-0.00025439807995240383,-0.0013761324533933528,0.44871794871794873,-0.025750822067773776,B2
SUIUSDT,3-4,240,468,-0.002862112299545625,-0.0032055143966785438,0.3974358974358974,-0.034432897445148436,B2
SUIUSDT,3-4,1440,468,-0.004387346185485171,-0.005795394451157232,0.3995726495726496,-0.06007679384423506,B2
SUIUSDT,4+,5,383,0.0010008689657426265,0.00039808917197436955,0.5274151436031331,-0.008899900932951343,B2
SUIUSDT,4+,15,383,0.0009558670644020139,-0.000397851601352861,0.4908616187989556,-0.01334174856703475,B2
SUIUSDT,4+,30,383,0.0015320786589139615,-0.00036531014831586717,0.4804177545691906,-0.013283848578468094,B2
SUIUSDT,4+,60,383,0.002050096199687238,-0.0004827652795212911,0.4751958224543081,-0.01736554848499471,B2
SUIUSDT,4+,120,383,0.0025698397553083996,-0.002871287128712763,0.42297650130548303,-0.024319797856223967,B2
SUIUSDT,4+,240,383,-0.0008890211159801257,-0.004600345025876917,0.36553524804177545,-0.03880594628902836,B2
SUIUSDT,4+,1440,383,-0.005215906330239016,-0.005475129918336874,0.4386422976501306,-0.06748131099617366,B2
AVAXUSDT,1-2,5,7582,1.4797482202260149e-05,0.0,0.4911632814560802,-0.004264177004998015,B2
AVAXUSDT,1-2,15,7582,-4.414627078680937e-06,0.0,0.4952519124241625,-0.006213516725768248,B2
AVAXUSDT,1-2,30,7582,1.7909691892816245e-05,0.0,0.4930097599577948,-0.008161316986375493,B2
AVAXUSDT,1-2,60,7580,8.683936922920231e-05,0.0,0.49920844327176783,-0.011565032953756542,B2
AVAXUSDT,1-2,120,7580,4.183701138368735e-05,0.0,0.49287598944591027,-0.01600018289894834,B2
AVAXUSDT,1-2,240,7574,-5.935687410857689e-05,-0.0004604760962369503,0.4726696593609718,-0.021377259229038846,B2
AVAXUSDT,1-2,1440,7527,-0.001127645526816198,-0.0013859275053305087,0.4792081838713963,-0.05289129676315944,B2
AVAXUSDT,2-3,5,1489,-0.0001628353799065606,-0.00014850014850020798,0.46809939556749497,-0.006090862364024118,B2
AVAXUSDT,2-3,15,1489,-0.00024147132005677356,-0.00010663254425247182,0.4822028206850235,-0.009382718255923628,B2
AVAXUSDT,2-3,30,1489,-0.00025978741621062156,0.0,0.4989926124916051,-0.011944579725396509,B2
AVAXUSDT,2-3,60,1489,-0.0005843402167526923,-0.00045336053496536355,0.4734721289456011,-0.01615811013184174,B2
AVAXUSDT,2-3,120,1489,-0.0011398077637887478,-0.0007310704960835634,0.4667562122229684,-0.02133702976327767,B2
AVAXUSDT,2-3,240,1489,-0.0014858302814344413,-0.0015691197238348886,0.4492948287441236,-0.026029283735654874,B2
AVAXUSDT,2-3,1440,1484,-0.004190702519236645,-0.0037819023480128444,0.4481132075471698,-0.05828928759464151,B2
AVAXUSDT,3-4,5,484,-0.00036388236774740224,-0.000326640197669148,0.4628099173553719,-0.006591623159190951,B2
AVAXUSDT,3-4,15,484,-0.0007573246538647461,-0.0006879373753132523,0.43388429752066116,-0.009328005115729714,B2
AVAXUSDT,3-4,30,484,-0.0012095251355773394,-0.0009730378962687358,0.42768595041322316,-0.012687098369553607,B2
AVAXUSDT,3-4,60,484,-0.0018090623374542852,-0.00095725506213723,0.4297520661157025,-0.01714977898497985,B2
AVAXUSDT,3-4,120,484,-0.0012454140408915087,-0.0011923401881440143,0.45454545454545453,-0.01991208187854635,B2
AVAXUSDT,3-4,240,484,-0.002037142560327165,-0.002110341713555841,0.42768595041322316,-0.022297064713963245,B2
AVAXUSDT,3-4,1440,484,0.0006250218705538817,0.0014233550075790635,0.5351239669421488,-0.06851323776444579,B2
AVAXUSDT,4+,5,373,0.00024530998188608115,-0.00030339805825241317,0.46380697050938335,-0.007932867455155779,B2
AVAXUSDT,4+,15,373,0.0007776786565311897,0.0,0.49865951742627346,-0.011012387247432986,B2
AVAXUSDT,4+,30,373,0.0010495851071504773,0.0007941910596778179,0.5388739946380697,-0.01853138492177444,B2
AVAXUSDT,4+,60,373,0.002249790529011745,0.0014634146341463428,0.5442359249329759,-0.017380739001830924,B2
AVAXUSDT,4+,120,373,0.003575948573062364,0.00243695698241142,0.579088471849866,-0.019162136626959404,B2
AVAXUSDT,4+,240,373,0.0021101107835374174,0.002247551773960632,0.5630026809651475,-0.02442451491261737,B2
AVAXUSDT,4+,1440,373,-0.00486762665359056,-0.0008782522779667845,0.48257372654155495,-0.07908549422930852,B2
LTCUSDT,1-2,5,9236,6.663744226508737e-05,0.0,0.48116067561715026,-0.0030938043183857122,B2
LTCUSDT,1-2,15,9236,6.990194123629186e-05,0.0,0.4931788653096579,-0.004452213103496305,B2
LTCUSDT,1-2,30,9235,9.108531531397929e-05,0.0001851166234727586,0.5059014618299946,-0.0059867236950277404,B2
LTCUSDT,1-2,60,9235,0.0001136764999380373,0.0001851166234727586,0.505468327016784,-0.008393013307788954,B2
LTCUSDT,1-2,120,9232,0.0001021396919316055,0.0002267316893019844,0.5132149046793761,-0.01158712006438018,B2
LTCUSDT,1-2,240,9227,0.00019483254987028354,0.0004399472063352228,0.5172862252086269,-0.015359567778922667,B2
LTCUSDT,1-2,1440,9194,-4.5257990400494733e-05,0.0,0.4967370023928649,-0.03579724106857785,B2
LTCUSDT,2-3,5,1675,-0.00014156313397086504,0.0,0.4614925373134328,-0.004358374717789959,B2
LTCUSDT,2-3,15,1675,-9.013088990857638e-06,0.0,0.49671641791044774,-0.006037790898798223,B2
LTCUSDT,2-3,30,1675,5.0835049505172616e-05,0.0,0.4961194029850746,-0.007649192765666434,B2
LTCUSDT,2-3,60,1675,0.0002670003724566518,0.0,0.4991044776119403,-0.00901986098842451,B2
LTCUSDT,2-3,120,1675,0.0004311581208675104,-0.00018950161076380923,0.48835820895522386,-0.011859582490629062,B2
LTCUSDT,2-3,240,1675,0.0007783686416597405,0.000904159132007365,0.5391044776119402,-0.01767321885935432,B2
LTCUSDT,2-3,1440,1675,0.0006552426139071347,0.0,0.49970149253731344,-0.03715769385364365,B2
LTCUSDT,3-4,5,415,8.851701958152463e-06,0.0,0.4891566265060241,-0.005143200064039122,B2
LTCUSDT,3-4,15,415,-0.00012272199497424417,-0.00019040365575029305,0.4578313253012048,-0.007996302475978732,B2
LTCUSDT,3-4,30,415,0.000478507511818207,-0.00019980019980014863,0.472289156626506,-0.008748898995720322,B2
LTCUSDT,3-4,60,415,0.0011629938634551001,0.0006616674018524726,0.5253012048192771,-0.011155316951071659,B2
LTCUSDT,3-4,120,415,0.0013761394879422924,0.0002211410880141873,0.5060240963855421,-0.014669547877058885,B2
LTCUSDT,3-4,240,415,0.00023447442557386828,0.000921998893601339,0.5204819277108433,-0.019371560210853365,B2
LTCUSDT,3-4,1440,415,-9.999669143234155e-05,0.0009587727708533222,0.5132530120481927,-0.03773736999154903,B2
LTCUSDT,4+,5,265,5.602800849460271e-05,0.0,0.49433962264150944,-0.006141889252096532,B2
LTCUSDT,4+,15,265,-2.2468086455316297e-05,0.00036238448994385664,0.5245283018867924,-0.008397994449047564,B2
LTCUSDT,4+,30,265,-0.00016677604710942489,-0.00024384296513035864,0.4716981132075472,-0.011285554660842823,B2
LTCUSDT,4+,60,265,0.0002845061760354976,-0.00047630388187669404,0.47547169811320755,-0.01545416959372432,B2
LTCUSDT,4+,120,265,0.0004602865810888153,-0.001296296296296351,0.44528301886792454,-0.01656414576393337,B2
LTCUSDT,4+,240,265,-0.0015905474426428277,-0.003953350464518723,0.3584905660377358,-0.027984086191558788,B2
LTCUSDT,4+,1440,265,-0.007620365229481184,-0.003943908851884337,0.4188679245283019,-0.037842508398115336,B2
BCHUSDT,1-2,5,6793,-3.053867819384904e-05,2.1905325184423674e-05,0.5005152362726336,-0.004378823485392536,B2
BCHUSDT,1-2,15,6793,-7.436187480330812e-05,0.0,0.4935963491829825,-0.006183223033819551,B2
BCHUSDT,1-2,30,6793,-9.861984203811992e-05,0.0,0.4991903430001472,-0.008229563319689737,B2
BCHUSDT,1-2,60,6793,-8.485578483989552e-05,4.7650814828825716e-05,0.5040482849992639,-0.011467916840354175,B2
BCHUSDT,1-2,120,6793,-0.0002613045668359722,-0.00026343519494209655,0.4834388340939202,-0.014648451417593744,B2
BCHUSDT,1-2,240,6793,-0.0004290547900211733,-0.0005658775818164763,0.4693066391873988,-0.022460962319942768,B2
BCHUSDT,1-2,1440,6788,-0.0020773676187658247,-0.0045599504183651,0.41116676487919857,-0.05386700508548941,B2
BCHUSDT,2-3,5,1383,-0.0001258626109490808,-4.5278576441543095e-05,0.48300795372378885,-0.005783414884372828,B2
BCHUSDT,2-3,15,1383,-2.9214130194198265e-05,0.0,0.49746926970354305,-0.008180954993834354,B2
BCHUSDT,2-3,30,1383,-0.00027775471614163504,-0.00017938024126651353,0.485177151120752,-0.01254354031185607,B2
BCHUSDT,2-3,60,1383,-0.0003958482796465401,8.52623950207132e-05,0.5046999276934201,-0.01601256592446336,B2
BCHUSDT,2-3,120,1383,-0.00035618981096752813,-3.067202404682945e-05,0.49891540130151846,-0.02697893546691237,B2
BCHUSDT,2-3,240,1383,-0.00037139248593130194,-0.0005387931034482873,0.4786695589298626,-0.03314292584078271,B2
BCHUSDT,2-3,1440,1383,0.002102288678500495,0.0007861635220125507,0.5119305856832972,-0.0593244006815484,B2
BCHUSDT,3-4,5,438,0.00047554509631440075,0.00039920920578762065,0.545662100456621,-0.006736896121139924,B2
BCHUSDT,3-4,15,438,0.0001783540505222455,0.0002861210492478561,0.5205479452054794,-0.010110936647607455,B2
BCHUSDT,3-4,30,438,0.00044167050904783206,0.0003541805087239336,0.5319634703196348,-0.014505360110236848,B2
BCHUSDT,3-4,60,438,0.001155918134447629,0.0007471036543295062,0.5228310502283106,-0.020559276064972477,B2
BCHUSDT,3-4,120,438,0.0013250951906749982,0.0001566885429081788,0.5068493150684932,-0.03495584769966656,B2
BCHUSDT,3-4,240,438,0.0008696784168093043,-0.0015798093526872559,0.4520547945205479,-0.033145865159014264,B2
BCHUSDT,3-4,1440,438,0.0021203620843830958,0.0006072531677616677,0.5114155251141552,-0.058503954063497586,B2
BCHUSDT,4+,5,516,0.0002497619183723559,-0.0001594912926847214,0.4806201550387597,-0.007917868378997439,B2
BCHUSDT,4+,15,516,0.0007009826015228146,0.00010346849024156501,0.5058139534883721,-0.012797951046486455,B2
BCHUSDT,4+,30,516,0.0013482933272402585,-0.0002860620103024014,0.47674418604651164,-0.012968205073901673,B2
BCHUSDT,4+,60,516,0.002311951560867239,-0.00032785778004112975,0.4786821705426357,-0.0160957074676277,B2
BCHUSDT,4+,120,516,0.0010212245917054419,-0.002015911008809268,0.4496124031007752,-0.024885017519690023,B2
BCHUSDT,4+,240,516,-0.003594031671564593,-0.0033108630006025708,0.4186046511627907,-0.042979371456918436,B2
BCHUSDT,4+,1440,516,0.004085460421507751,-0.0052440408179553755,0.46124031007751937,-0.051932600281308555,B2
DOTUSDT,1-2,5,9169,-2.536108335401714e-05,0.0,0.4378885374631912,-0.004616097405974817,B2
DOTUSDT,1-2,15,9167,-5.6532302346924305e-05,0.0,0.4460565070361078,-0.006851208908480455,B2
DOTUSDT,1-2,30,9167,2.078835779914088e-05,0.0,0.4684193302061743,-0.0089562782780935,B2
DOTUSDT,1-2,60,9167,0.00018658139911405767,0.0,0.4888185884149667,-0.011848341232227444,B2
DOTUSDT,1-2,120,9164,0.0003693975905316241,0.0,0.49596246180707115,-0.015330623774933737,B2
DOTUSDT,1-2,240,9158,0.0002825528976013981,0.0,0.49017252675256606,-0.02080500000000004,B2
DOTUSDT,1-2,1440,9118,-0.002025300118976643,-0.002421309083328882,0.4586532134239965,-0.05357384006616086,B2
DOTUSDT,2-3,5,1824,-0.00010816276149770131,0.0,0.4440789473684211,-0.005793881273659784,B2
DOTUSDT,2-3,15,1824,-0.00014639408684688883,0.0,0.4594298245614035,-0.008079533856603049,B2
DOTUSDT,2-3,30,1824,-0.000453684091134079,0.0,0.4512061403508772,-0.012502337898915927,B2
DOTUSDT,2-3,60,1824,-0.0006843047263846816,-0.000189395944794446,0.4550438596491228,-0.018316007664897417,B2
DOTUSDT,2-3,120,1824,-0.0006116953864906327,-0.0007259967994474592,0.46600877192982454,-0.02197882578955569,B2
DOTUSDT,2-3,240,1824,9.214029405746387e-05,-0.0008305670758795292,0.4649122807017544,-0.02859778597785989,B2
DOTUSDT,2-3,1440,1817,-0.0034562748819183266,0.0,0.4936708860759494,-0.061390418048640004,B2
DOTUSDT,3-4,5,454,-0.00024157485682752073,0.0,0.43171806167400884,-0.007087462077264167,B2
DOTUSDT,3-4,15,454,-0.00025183006327979414,0.0,0.4933920704845815,-0.011241794394704269,B2
DOTUSDT,3-4,30,454,-0.0004986280377295586,0.0,0.4977973568281938,-0.013601230319358398,B2
DOTUSDT,3-4,60,454,-0.0013465928446257478,-0.0008910970975467558,0.44713656387665196,-0.020319235441428454,B2
DOTUSDT,3-4,120,454,-0.002039386097887239,-0.002182747091258652,0.41629955947136565,-0.025481049284275074,B2
DOTUSDT,3-4,240,454,-0.0024361482957676373,-0.002092329365235568,0.44273127753303965,-0.029838439785911972,B2
DOTUSDT,3-4,1440,453,0.0009562043562834106,0.0021608097350165334,0.5298013245033113,-0.07220415905299117,B2
DOTUSDT,4+,5,246,-0.00038491673533887997,0.0,0.4634146341463415,-0.00819933691183114,B2
DOTUSDT,4+,15,246,-0.0003984931780300954,-0.0005151320794671288,0.42276422764227645,-0.009714148274494627,B2
DOTUSDT,4+,30,246,-0.00022936737971432657,-0.0004472704065168198,0.45528455284552843,-0.012645193734744736,B2
DOTUSDT,4+,60,246,-0.0003182652279106443,-0.0007521634245472031,0.4715447154471545,-0.012110661634648356,B2
DOTUSDT,4+,120,246,-0.00015423355016374655,-0.0008837813624000823,0.42276422764227645,-0.017252920047350684,B2
DOTUSDT,4+,240,246,-0.0034497608851418284,-0.0015296904803827616,0.43089430894308944,-0.02619142947271369,B2
DOTUSDT,4+,1440,246,0.00018727754739849975,0.0,0.491869918699187,-0.05831111663790367,B2
HBARUSDT,1-2,5,7799,3.4191343492283592e-06,0.0,0.4835235286575202,-0.0037828155981049828,B2
HBARUSDT,1-2,15,7799,1.3413132759916559e-05,0.0,0.4948070265418643,-0.005438484178253166,B2
HBARUSDT,1-2,30,7799,2.9841258023468322e-05,0.0,0.49660212847801,-0.00730171999757081,B2
HBARUSDT,1-2,60,7799,0.00019619662000464627,0.00014547570555722977,0.5082702910629567,-0.009563708756269816,B2
HBARUSDT,1-2,120,7799,0.00045731192772599657,0.0003056234718827877,0.5162200282087447,-0.012877955407518548,B2
HBARUSDT,1-2,240,7793,0.0008624959534988288,0.000253646163601573,0.5069934556653407,-0.01702024539021636,B2
HBARUSDT,1-2,1440,7735,0.0025708326613062054,-0.0017684668752551147,0.4663219133807369,-0.03499632220619304,B2
HBARUSDT,2-3,5,1887,6.071644220439348e-05,0.0,0.48277689454160044,-0.004547021146912145,B2
HBARUSDT,2-3,15,1887,8.236260268659788e-05,0.0,0.4949655537890832,-0.006242519003947377,B2
HBARUSDT,2-3,30,1887,0.00029692254438595935,0.00014082523588232476,0.5082140964493905,-0.008177935809489324,B2
HBARUSDT,2-3,60,1887,0.00020131667065532055,0.00015288182235151382,0.5071542130365659,-0.011860755764518015,B2
HBARUSDT,2-3,120,1887,0.0004403875332059286,0.00045822514128612823,0.5156332803391627,-0.01658946515305224,B2
HBARUSDT,2-3,240,1886,0.000776917889644405,-0.0004126766782672209,0.48568398727465534,-0.021758635409450694,B2
HBARUSDT,2-3,1440,1881,0.005535009493642414,0.0021310004486316814,0.5300372142477405,-0.03863636363636358,B2
HBARUSDT,3-4,5,593,-0.00014467597468077636,0.0,0.4991568296795953,-0.006069235686467334,B2
HBARUSDT,3-4,15,593,-0.0006588768927049657,-0.0003045994517208994,0.45868465430016864,-0.009330399212045482,B2
HBARUSDT,3-4,30,593,-0.0010159989767953386,-0.00011047282368548128,0.4924114671163575,-0.013202046591345228,B2
HBARUSDT,3-4,60,593,-0.0014235035487904816,-0.0007795100222717233,0.44350758853288363,-0.01631705747335921,B2
HBARUSDT,3-4,120,593,-0.0028750515971472145,-0.0019021739130434812,0.42495784148397975,-0.025350672655281636,B2
HBARUSDT,3-4,240,593,-0.0028514927006386436,-0.002879473467708671,0.42833052276559863,-0.027904507765908446,B2
HBARUSDT,3-4,1440,593,0.005232555005221934,0.0013243571349741412,0.5311973018549747,-0.044428162390287684,B2
HBARUSDT,4+,5,354,-6.810431278111466e-05,5.287648054141947e-05,0.5,-0.008511279254526848,B2
HBARUSDT,4+,15,354,0.00041017893656163166,0.00021948245495195806,0.5028248587570622,-0.012823882083648569,B2
HBARUSDT,4+,30,354,0.0009854932121897112,-0.00014267380978871813,0.4915254237288136,-0.016452849495095182,B2
HBARUSDT,4+,60,354,0.0017327528871044545,-0.0006111105852648624,0.4774011299435028,-0.02565298603221523,B2
HBARUSDT,4+,120,354,0.0007284046926280245,-0.0003234144413815643,0.4915254237288136,-0.0332494101294761,B2
HBARUSDT,4+,240,354,-0.0018341093619042936,-0.0014955367889118443,0.4661016949152542,-0.05482684014104585,B2
HBARUSDT,4+,1440,354,-0.005077563336931391,-0.008652253994369419,0.4406779661016949,-0.10099946487579306,B2
XLMUSDT,1-2,5,8709,7.970814900599217e-05,0.0,0.4956941095418533,-0.0043661480677328335,B2
XLMUSDT,1-2,15,8707,0.0001940283073481808,6.116956202606438e-05,0.504766280004594,-0.006260383124641144,B2
XLMUSDT,1-2,30,8704,0.0003476837993399932,0.00012283518267597326,0.5109145220588235,-0.008238692870319569,B2
XLMUSDT,1-2,60,8698,0.0005379744226391167,0.00010614590299118376,0.5042538514601058,-0.011041517064419188,B2
XLMUSDT,1-2,120,8688,0.0009012654401408262,0.0001284386331416032,0.5048342541436464,-0.014886501918817262,B2
XLMUSDT,1-2,240,8679,0.0011024517559440675,-0.0003655861564707541,0.48196796865998387,-0.0201488445453188,B2
XLMUSDT,1-2,1440,8639,0.005154897108348102,-0.0038046924540267035,0.44090751244356985,-0.04822244905821225,B2
XLMUSDT,2-3,5,1692,0.0002508512787245463,2.2080904433896542e-05,0.5,-0.006379233415093177,B2
XLMUSDT,2-3,15,1692,0.0006139188713160078,0.00013168260277129917,0.5118203309692672,-0.007827034544339133,B2
XLMUSDT,2-3,30,1692,0.0010772335761845186,0.00023656375936798035,0.5171394799054374,-0.010255184718350057,B2
XLMUSDT,2-3,60,1692,0.0018264104320305672,5.557453220850217e-05,0.5011820330969267,-0.013186163146506334,B2
XLMUSDT,2-3,120,1692,0.0029508827721529602,0.0003915394068846334,0.5135933806146572,-0.021788349688847946,B2
XLMUSDT,2-3,240,1691,0.004350003111627347,-0.0005586592178771221,0.47486694263749263,-0.023415702690259665,B2
XLMUSDT,2-3,1440,1682,0.009551082350989898,-0.002016755562821382,0.47384066587395957,-0.06058455348348617,B2
XLMUSDT,3-4,5,488,0.0007279803268896423,0.00040630686277176586,0.5532786885245902,-0.009495647969052213,B2
XLMUSDT,3-4,15,488,0.0014519936918597654,0.000710170728507098,0.5491803278688525,-0.012417975935232249,B2
XLMUSDT,3-4,30,488,0.0024705963761997795,0.0009800648240009258,0.555327868852459,-0.015220617952835969,B2
XLMUSDT,3-4,60,488,0.004558903151828055,0.0011310923874446877,0.555327868852459,-0.022122276356487728,B2
XLMUSDT,3-4,120,488,0.009292043690227,0.0019443998668048357,0.5819672131147541,-0.03494589313057753,B2
XLMUSDT,3-4,240,488,0.012220332340266917,0.0010924521490601746,0.5409836065573771,-0.031568941169228315,B2
XLMUSDT,3-4,1440,483,0.022659564287812725,0.0018626929217668842,0.525879917184265,-0.0610709278014948,B2
XLMUSDT,4+,5,386,0.0005657374766657716,0.0005285330935207444,0.5362694300518135,-0.013538404663368975,B2
XLMUSDT,4+,15,386,0.0011628439194371883,0.0010720428847397212,0.5621761658031088,-0.019640855070034935,B2
XLMUSDT,4+,30,386,0.0021872333069284516,0.0018737931864157842,0.5621761658031088,-0.023413063818188418,B2
XLMUSDT,4+,60,386,0.005884934848772747,0.0044749169130924304,0.6632124352331606,-0.017713277400492333,B2
XLMUSDT,4+,120,386,0.009194626837684265,0.004466554322684946,0.6502590673575129,-0.02504907278712057,B2
XLMUSDT,4+,240,386,0.015424471386337402,0.006541659549449963,0.6398963730569949,-0.036180207752125965,B2
XLMUSDT,4+,1440,386,0.06467517933621211,0.03859396961238326,0.6761658031088082,-0.03410657157564903,B2
FILUSDT,1-2,5,7928,1.0694865364701778e-05,0.0,0.4408425832492432,-0.005322830988149418,B2
FILUSDT,1-2,15,7926,6.115145910373681e-05,0.0,0.4721170830179157,-0.007796079554864277,B2
FILUSDT,1-2,30,7924,9.429953924130005e-05,0.0,0.4843513377082282,-0.010953886859563932,B2
FILUSDT,1-2,60,7919,0.00012826263373946027,0.0,0.498042682156838,-0.014784127590510886,B2
FILUSDT,1-2,120,7919,1.0010290440986886e-07,0.0,0.49109736077787597,-0.021019270584487913,B2
FILUSDT,1-2,240,7917,0.00032005052358331977,0.0,0.49058986990021475,-0.02682388224570511,B2
FILUSDT,1-2,1440,7863,-0.0011556232299615597,-0.0025094102885822034,0.4577133409640087,-0.06183176216374715,B2
FILUSDT,2-3,5,1645,0.00031425996361021484,0.0,0.4717325227963526,-0.0063051802472074755,B2
FILUSDT,2-3,15,1645,0.0004481295295803442,0.0,0.4851063829787234,-0.009095421282776451,B2
FILUSDT,2-3,30,1645,0.0006126230241142472,0.00045599635202919764,0.5094224924012158,-0.012692196179317184,B2
FILUSDT,2-3,60,1645,0.0007439085815843304,0.0002878111958557472,0.5082066869300912,-0.015666993281075035,B2
FILUSDT,2-3,120,1645,0.0010864993346246439,0.001168224299065379,0.5294832826747721,-0.02354657687991022,B2
FILUSDT,2-3,240,1645,0.001172329758764852,0.0011025358324145973,0.5191489361702127,-0.02823226570603825,B2
FILUSDT,2-3,1440,1639,-0.0031601509861173445,-0.0010154861640009338,0.4856619890176937,-0.0747403121495131,B2
FILUSDT,3-4,5,431,0.0004692077971207817,0.0,0.4895591647331787,-0.007397664019012984,B2
FILUSDT,3-4,15,431,0.0007283744920899122,0.0001483239394837188,0.505800464037123,-0.010008957287808928,B2
FILUSDT,3-4,30,431,0.0008257523919734234,0.0008877052818465625,0.5243619489559165,-0.0141146197720885,B2
FILUSDT,3-4,60,431,1.7164772883754067e-05,0.0,0.494199535962877,-0.02150542708824915,B2
FILUSDT,3-4,120,431,-0.0004296615845213318,-0.0010030090270812808,0.45707656612529,-0.02743068431603335,B2
FILUSDT,3-4,240,431,-0.0018947698557682901,-0.0030364372469635637,0.4176334106728538,-0.0289248954695851,B2
FILUSDT,3-4,1440,431,-0.005932759492419501,-0.009536784741144388,0.41299303944315546,-0.06039399243666971,B2
FILUSDT,4+,5,333,-0.0005297461281506723,-0.0005396654074473206,0.42042042042042044,-0.014468792465408064,B2
FILUSDT,4+,15,333,-0.0011560826606677062,-0.0013605442176870541,0.4114114114114114,-0.019821711020241526,B2
FILUSDT,4+,30,333,-0.0019646171018246057,-0.002471383975025998,0.37537537537537535,-0.025452893519916017,B2
FILUSDT,4+,60,333,-0.0017945665167709067,-0.0037025112685125094,0.42342342342342343,-0.032920342990673125,B2
FILUSDT,4+,120,333,-0.002892343063788754,-0.004489337822671136,0.37537537537537535,-0.042585299928571275,B2
FILUSDT,4+,240,333,-0.006316413211346382,-0.007359586830212983,0.3933933933933934,-0.0557475053667658,B2
FILUSDT,4+,1440,333,-0.020281815167816096,-0.012330456226880449,0.3933933933933934,-0.11537912031839984,B2
UNIUSDT,1-2,5,7413,5.7554133699938224e-05,0.0,0.48428436530419533,-0.005722531821349584,B2
UNIUSDT,1-2,15,7413,9.944682367237263e-05,0.0,0.4860380412788345,-0.008194161052874448,B2
UNIUSDT,1-2,30,7413,0.00018284308231636488,0.0,0.4854984486712532,-0.011148272248136281,B2
UNIUSDT,1-2,60,7413,3.505450832704611e-05,-0.0002750275027503246,0.4806421152030217,-0.01515475610886241,B2
UNIUSDT,1-2,120,7412,0.0003699459899782217,0.0,0.4902860226659471,-0.02126562157057057,B2
UNIUSDT,1-2,240,7411,0.0011503579777503523,-0.00028320589068264734,0.48684388071785184,-0.02862407031778219,B2
UNIUSDT,1-2,1440,7378,0.0037183013801948004,0.0,0.4978313906207644,-0.06658060176231996,B2
UNIUSDT,2-3,5,1561,0.0002157433198564697,0.0,0.4868673926969891,-0.0072120802343925705,B2
UNIUSDT,2-3,15,1561,0.00032299868735199706,0.0,0.4926329276105061,-0.010284331518451428,B2
UNIUSDT,2-3,30,1561,0.0006052051242319409,0.00028050490883591017,0.5067264573991032,-0.012688984881209509,B2
UNIUSDT,2-3,60,1561,0.0011557623599801462,0.0005346164127237873,0.518257527226137,-0.01732327465772565,B2
UNIUSDT,2-3,120,1561,0.0006037523047735303,0.0,0.4951953875720692,-0.023489932885906062,B2
UNIUSDT,2-3,240,1561,0.001209178446110739,0.0,0.4964766175528507,-0.030444322545254976,B2
UNIUSDT,2-3,1440,1561,0.006286193923418944,0.0015518311607696234,0.5112107623318386,-0.0698841698841699,B2
UNIUSDT,3-4,5,467,0.00042690859404010886,0.00033266799733877583,0.5203426124197003,-0.009272407494440249,B2
UNIUSDT,3-4,15,467,0.0003486652204353958,0.00029806259314457684,0.5117773019271948,-0.012062740347819522,B2
UNIUSDT,3-4,30,467,0.00014695960408801496,0.0002825656965244061,0.5032119914346895,-0.01696230640633367,B2
UNIUSDT,3-4,60,467,-0.0004353773134553675,-0.00043001505052675526,0.47109207708779444,-0.021393227658117853,B2
UNIUSDT,3-4,120,467,0.0012973431004158849,0.00024795437639468787,0.5032119914346895,-0.022711205637540356,B2
UNIUSDT,3-4,240,467,0.00023803801594554896,-0.0002150075252632666,0.48394004282655245,-0.031923552933099564,B2
UNIUSDT,3-4,1440,467,0.0054762453908363306,0.004920049200491938,0.5460385438972163,-0.06414477268149042,B2
UNIUSDT,4+,5,495,-3.6424649615912236e-06,0.0004833252779119501,0.5252525252525253,-0.011921910218009268,B2
UNIUSDT,4+,15,495,-1.576751688151736e-05,0.0005968367651447704,0.5272727272727272,-0.017358341441445935,B2
UNIUSDT,4+,30,495,-0.00034376390800933793,0.0,0.498989898989899,-0.023622939791283836,B2
UNIUSDT,4+,60,495,0.0001343077152967985,0.0,0.494949494949495,-0.027865954885737784,B2
UNIUSDT,4+,120,495,0.0019131619578737875,-0.00031595576619269927,0.47474747474747475,-0.031344447792638994,B2
UNIUSDT,4+,240,495,0.000784888963441426,0.0009000900090008201,0.509090909090909,-0.03315213557863169,B2
UNIUSDT,4+,1440,495,0.018297870683785113,0.00799507995079951,0.5676767676767677,-0.0628281679414424,B2
NEARUSDT,1-2,5,8987,9.580432555525283e-06,0.0,0.4495382218760432,-0.006672226855713115,B2
NEARUSDT,1-2,15,8987,-6.858877027815945e-06,0.0,0.46111049293423834,-0.009760883644231022,B2
NEARUSDT,1-2,30,8987,-2.9713464556941223e-05,0.0,0.4701235117391788,-0.013441124865713893,B2
NEARUSDT,1-2,60,8987,3.261945624416347e-05,0.0,0.46622899744074775,-0.01695970270139068,B2
NEARUSDT,1-2,120,8982,-4.2488813715802134e-05,-0.0005470461155684947,0.4677132041861501,-0.023321551041370358,B2
NEARUSDT,1-2,240,8976,-0.00023855872688932644,-0.0012154361499001065,0.455548128342246,-0.03081782747453396,B2
NEARUSDT,1-2,1440,8932,0.0031110017005534893,-0.0023112535612536123,0.4715629198387819,-0.07289653649721974,B2
NEARUSDT,2-3,5,2117,-5.147906234505139e-05,0.0,0.4747283892300425,-0.008741596638655568,B2
NEARUSDT,2-3,15,2117,1.0902497999887672e-05,0.0,0.4898441190363722,-0.013313926267705799,B2
NEARUSDT,2-3,30,2116,-6.432485785736074e-05,0.0004648794036060666,0.5014177693761814,-0.016080523820656223,B2
NEARUSDT,2-3,60,2116,-0.0005172823119687411,0.0,0.4773156899810964,-0.02063420942139474,B2
NEARUSDT,2-3,120,2112,-0.0006056038694716855,0.0005032896194931968,0.5028409090909091,-0.030107001789125242,B2
NEARUSDT,2-3,240,2112,-0.0003792279819868789,-0.0008169223198126185,0.4744318181818182,-0.037200664900524545,B2
NEARUSDT,2-3,1440,2101,0.0064989343573356026,0.0007173601147776321,0.5064255116611137,-0.07292129835482442,B2
NEARUSDT,3-4,5,593,-4.96035010800242e-05,0.0,0.4620573355817875,-0.009573713269775075,B2
NEARUSDT,3-4,15,591,0.00011792252592513664,0.0007122507122507837,0.5160744500846024,-0.01383140820667661,B2
NEARUSDT,3-4,30,590,0.00039587507716381577,0.0007828797227105166,0.523728813559322,-0.018046721396379684,B2
NEARUSDT,3-4,60,587,0.001522376155293468,0.0011627906976743319,0.5366269165247018,-0.02125561189974341,B2
NEARUSDT,3-4,120,587,0.0029990891081376645,0.002360346184107076,0.5775127768313458,-0.03470464373853778,B2
NEARUSDT,3-4,240,587,0.005840282466400116,0.004270462633451988,0.5672913117546848,-0.03270527822965998,B2
NEARUSDT,3-4,1440,584,0.0064420077602798335,0.0018160471732544536,0.5171232876712328,-0.10094966753436842,B2
NEARUSDT,4+,5,261,0.00021141541927834962,0.000511508951406503,0.5019157088122606,-0.009354997538158605,B2
NEARUSDT,4+,15,261,0.0005805933451624612,0.0,0.49808429118773945,-0.01247030878859856,B2
NEARUSDT,4+,30,260,0.0015923029661144231,0.001744832155593623,0.5576923076923077,-0.01586377423092695,B2
NEARUSDT,4+,60,257,0.0028833480600488886,0.002196193265007196,0.556420233463035,-0.0209015528418514,B2
NEARUSDT,4+,120,257,0.006163869456113102,0.003034901365705611,0.5758754863813229,-0.016783290366707004,B2
NEARUSDT,4+,240,257,0.019954343584147993,0.013513513513513598,0.7782101167315175,-0.017051531980554667,B2
NEARUSDT,4+,1440,257,0.027514896118394132,0.010281014393419996,0.6303501945525292,-0.0348380721650934,B2
AAVEUSDT,1-2,5,8037,1.1867179721166263e-05,0.0,0.48562896603210154,-0.005301605132452969,B2
AAVEUSDT,1-2,15,8037,8.964966287706431e-07,-0.00010415581710243593,0.4838870225208411,-0.007933869416792971,B2
AAVEUSDT,1-2,30,8037,-7.749034277701952e-05,0.0,0.489237277591141,-0.010839914425391029,B2
AAVEUSDT,1-2,60,8037,-0.00010255472205929317,-0.00019948134849401278,0.4850068433495085,-0.014394732358010075,B2
AAVEUSDT,1-2,120,8037,0.0001433215533456122,-0.0001471886959080182,0.49234789100410603,-0.01974854161150217,B2
AAVEUSDT,1-2,240,8037,6.443978495326639e-05,-0.0010126012601259227,0.4668408610177927,-0.027039121806432774,B2
AAVEUSDT,1-2,1440,8007,0.004789765977350873,0.0023421815748383423,0.5292868739852629,-0.059664039143510116,B2
AAVEUSDT,2-3,5,1895,7.052362481496684e-05,9.076057360668521e-05,0.5013192612137203,-0.007511953075787159,B2
AAVEUSDT,2-3,15,1895,0.00010389561479933038,0.00010557432432434233,0.503957783641161,-0.010730662241112576,B2
AAVEUSDT,2-3,30,1895,0.00018662938566337803,9.934432743885502e-05,0.5007915567282322,-0.014429969342791005,B2
AAVEUSDT,2-3,60,1895,0.0008469919252221483,0.00032488628979865375,0.5134564643799472,-0.01882513381462998,B2
AAVEUSDT,2-3,120,1895,0.001042277818566047,-0.00010592098294659458,0.49287598944591027,-0.026075069056364565,B2
AAVEUSDT,2-3,240,1895,0.0010775804412357368,0.0,0.49920844327176783,-0.03837964836229078,B2
AAVEUSDT,2-3,1440,1894,0.011891202390438919,0.005153009052883184,0.5623020063357973,-0.05890699127910002,B2
AAVEUSDT,3-4,5,588,0.00022585648372851577,0.0,0.49489795918367346,-0.008467368390764951,B2
AAVEUSDT,3-4,15,588,0.0003630580695116283,0.00010819857318600246,0.5068027210884354,-0.012161588138707774,B2
AAVEUSDT,3-4,30,588,0.0004930510837444566,0.00020488657041617397,0.5068027210884354,-0.017324364854020658,B2
AAVEUSDT,3-4,60,588,0.00044623985881108255,0.0005435142295342477,0.5170068027210885,-0.020964033072391003,B2
AAVEUSDT,3-4,120,588,0.0008168973182207371,0.0006082833223338691,0.5119047619047619,-0.032180455616798005,B2
AAVEUSDT,3-4,240,588,-8.546514736891374e-05,0.0010807692462522223,0.5204081632653061,-0.04402319043266713,B2
AAVEUSDT,3-4,1440,588,0.014391099642065044,0.004236906081731995,0.5493197278911565,-0.09081069066037313,B2
AAVEUSDT,4+,5,384,5.507713549956847e-05,0.0,0.4973958333333333,-0.012359713931045041,B2
AAVEUSDT,4+,15,384,0.0001257099955512779,0.000877038723500756,0.5338541666666666,-0.018405842545518303,B2
AAVEUSDT,4+,30,384,0.0003572764567042683,0.0008010788639651878,0.5364583333333334,-0.02412845834522872,B2
AAVEUSDT,4+,60,384,0.00030854485159516825,0.0016603199848231887,0.5572916666666666,-0.03211932880693373,B2
AAVEUSDT,4+,120,384,0.0018277588625218299,0.0032503402631934852,0.5755208333333334,-0.040404792105606976,B2
AAVEUSDT,4+,240,384,0.0012031731855549229,0.0012196093117757822,0.515625,-0.03730412476031631,B2
AAVEUSDT,4+,1440,384,0.021713261390769883,0.020891420786006587,0.625,-0.10230554835615001,B2
