entry_time,exit_time,gross_pnl,funding,fee,net_pnl,reason,hold_events
2024-07-01 00:05:00+00:00,2024-07-08 08:05:00+00:00,-0.01472250746597343,0.0010323494651236099,0.0008247342952560718,-0.014514892296105891,scheduled,21
2024-08-12 00:05:00+00:00,2024-08-19 08:05:00+00:00,-0.025002590046114347,0.0017254644460669942,0.0008672966317026048,-0.024144422231749958,scheduled,21
2024-08-19 08:05:00+00:00,2024-08-26 16:05:00+00:00,0.050098552062460375,0.0013434328690002616,0.0008618581063395787,0.05058012682512106,scheduled,21
2024-08-30 08:05:00+00:00,2024-09-06 16:05:00+00:00,0.003898559874192669,0.0008677020257370334,0.0008732152652061774,0.0038930466347235253,scheduled,21
2024-09-12 00:05:00+00:00,2024-09-19 08:05:00+00:00,0.007780367660132778,0.001194663444029131,0.0009180330035508419,0.008056998100611069,scheduled,21
2024-11-05 08:05:00+00:00,2024-11-12 16:05:00+00:00,-0.038012227650939916,0.0022678093077680974,0.0008848194975298905,-0.03662923784070171,scheduled,21
2024-11-13 00:05:00+00:00,2024-11-20 08:05:00+00:00,-0.06939603625673559,0.0005030908382594231,0.0008074944904667792,-0.06970043990894295,scheduled,21
2024-12-20 08:05:00+00:00,2024-12-27 16:05:00+00:00,-0.014502434789913716,0.0011005496524819987,0.00074147017049034,-0.014143355307922057,scheduled,21
2024-12-30 00:05:00+00:00,2025-01-06 08:05:00+00:00,0.01933923354166563,0.0006796433253625198,0.0007944027278916825,0.019224474139136465,scheduled,21
2025-04-16 08:05:00+00:00,2025-04-23 16:05:00+00:00,0.002962199082028014,0.0004960840713647381,0.0007995809460623032,0.002658702207330449,scheduled,21
2025-08-12 00:05:00+00:00,2025-08-19 08:05:00+00:00,0.022317565399314666,0.000486934995752964,0.0007600068241358907,0.022044493570931738,scheduled,21
2025-10-25 00:05:00+00:00,2025-11-01 08:05:00+00:00,-0.003593540225145938,0.00047850463387883146,0.0007783952927597418,-0.0038934308840268485,scheduled,21
2025-12-12 08:05:00+00:00,2025-12-19 16:05:00+00:00,-0.011278793716286165,0.0009237303765737211,0.0007854414242056144,-0.011140504763918058,scheduled,21
2025-12-22 08:05:00+00:00,2025-12-29 16:05:00+00:00,0.016882563038923635,0.0007544945832988084,0.0008061199702201899,0.016830937652002255,scheduled,21
2025-12-31 08:05:00+00:00,2026-01-07 16:05:00+00:00,0.03440908540941914,0.0006982307112445951,0.0008201037654758136,0.03428721235518792,scheduled,21
2026-01-17 08:05:00+00:00,2026-01-24 16:05:00+00:00,0.012367395736880227,0.0005956898610702707,0.0008199916268800137,0.012143093971070485,scheduled,21
2026-02-01 08:05:00+00:00,2026-02-08 16:05:00+00:00,0.013329997461703609,0.001819924759064606,0.000833524821820833,0.014316397398947382,scheduled,21
2026-03-22 16:05:00+00:00,2026-03-30 00:05:00+00:00,-0.025618367762852954,0.0016577431683049834,0.0008251365849764912,-0.02478576117952446,scheduled,21
2026-04-08 16:05:00+00:00,2026-04-16 00:05:00+00:00,-0.027710760751702784,0.0029424535637266732,0.0008450697210632317,-0.025613376909039344,scheduled,21
2026-04-18 00:05:00+00:00,2026-04-25 08:05:00+00:00,-0.011024534533840277,0.0001767987696909135,0.0008282806445853591,-0.01167601640873472,scheduled,21
