policy,metric,value
baseline,development_cagr,0.0997451989702755
baseline,validation_cagr,0.067952559543535
baseline,holdout_cagr,0.3205395577770493
baseline,extension_cagr,0.088550461591575
baseline,cagr,0.1470012458777292
baseline,mdd,-0.2165277984771001
baseline,trades,83.0
baseline,fees,0.0880509517073155
baseline,turnover,176.1019034146311
baseline,time_in_market,0.740470397404704
cost1_persist3,development_cagr,0.1213095805571973
cost1_persist3,validation_cagr,0.1779481882714038
cost1_persist3,holdout_cagr,0.3766589623178775
cost1_persist3,extension_cagr,0.2045051536044202
cost1_persist3,cagr,0.2208407271462646
cost1_persist3,mdd,-0.1961528658181202
cost1_persist3,trades,71.0
cost1_persist3,fees,0.0795456370089605
cost1_persist3,turnover,159.0912740179214
cost1_persist3,time_in_market,0.6334144363341444
