time,kind,position_id,target,target_index,symbol,symbol_index,quantity_change,price,fee,fee_bp
2024-07-13 02:05:00+00:00,entry,net:2024-07-13 02:05:00+00:00,BCH,12,SOL,3,4.417122140882847e-05,138.863,3.0668741592470738e-06,5.0
2024-07-13 02:05:00+00:00,entry,net:2024-07-13 02:05:00+00:00,BCH,12,DOGE,5,0.1891774728083535,0.1078,1.0196665784370256e-05,5.0
2024-07-13 02:05:00+00:00,entry,net:2024-07-13 02:05:00+00:00,BCH,12,ADA,6,0.027694961001051635,0.4129,5.717624698667109e-06,5.0
2024-07-13 02:05:00+00:00,entry,net:2024-07-13 02:05:00+00:00,BCH,12,SUI,9,0.04418039529372838,0.7481,1.6525676859619102e-05,5.0
2024-07-13 02:05:00+00:00,entry,net:2024-07-13 02:05:00+00:00,BCH,12,AVAX,10,0.0011097430022490246,25.878,1.435896470610013e-05,5.0
2024-07-13 02:05:00+00:00,entry,net:2024-07-13 02:05:00+00:00,BCH,12,BCH,12,-0.00040038436899423447,374.64,7.5e-05,5.0
2024-07-13 02:05:00+00:00,entry,net:2024-07-13 02:05:00+00:00,BCH,12,FIL,16,0.00999106839282803,4.107,2.0516658944672358e-05,5.0
2024-07-13 02:05:00+00:00,entry,net:2024-07-13 02:05:00+00:00,BCH,12,UNI,17,0.001135366325872626,8.134,4.61753484732397e-06,5.0
2024-07-14 13:05:00+00:00,exit,net:2024-07-14 13:05:00+00:00,BCH,12,SOL,3,-4.417122140882847e-05,144.124,3.183066557162997e-06,5.0
2024-07-14 13:05:00+00:00,exit,net:2024-07-14 13:05:00+00:00,BCH,12,DOGE,5,-0.1891774728083535,0.11184,1.0578804279443127e-05,5.0
2024-07-14 13:05:00+00:00,exit,net:2024-07-14 13:05:00+00:00,BCH,12,ADA,6,-0.027694961001051635,0.4257,5.894872449073841e-06,5.0
2024-07-14 13:05:00+00:00,exit,net:2024-07-14 13:05:00+00:00,BCH,12,SUI,9,-0.04418039529372838,0.8016,1.7707502433726333e-05,5.0
2024-07-14 13:05:00+00:00,exit,net:2024-07-14 13:05:00+00:00,BCH,12,AVAX,10,-0.0011097430022490246,25.763,1.4295154483470812e-05,5.0
2024-07-14 13:05:00+00:00,exit,net:2024-07-14 13:05:00+00:00,BCH,12,BCH,12,0.00040038436899423447,366.44,7.335842408712364e-05,5.0
2024-07-14 13:05:00+00:00,exit,net:2024-07-14 13:05:00+00:00,BCH,12,FIL,16,-0.00999106839282803,4.206,2.101121683011735e-05,5.0
2024-07-14 13:05:00+00:00,exit,net:2024-07-14 13:05:00+00:00,BCH,12,UNI,17,-0.001135366325872626,8.2,4.655001936077767e-06,5.0
2024-07-23 18:05:00+00:00,entry,net:2024-07-23 18:05:00+00:00,BCH,12,SOL,3,-3.564022827503103e-05,173.398,3.0899721512169153e-06,5.0
2024-07-23 18:05:00+00:00,entry,net:2024-07-23 18:05:00+00:00,BCH,12,DOGE,5,-0.1586267490926418,0.12953,1.0273461404984947e-05,5.0
2024-07-23 18:05:00+00:00,entry,net:2024-07-23 18:05:00+00:00,BCH,12,ADA,6,-0.028190294449392795,0.4087,5.760686670733418e-06,5.0
2024-07-23 18:05:00+00:00,entry,net:2024-07-23 18:05:00+00:00,BCH,12,SUI,9,-0.041157184710799495,0.8091,1.6650139074753936e-05,5.0
2024-07-23 18:05:00+00:00,entry,net:2024-07-23 18:05:00+00:00,BCH,12,AVAX,10,-0.0009687687715064204,29.867,1.446710844929113e-05,5.0
2024-07-23 18:05:00+00:00,entry,net:2024-07-23 18:05:00+00:00,BCH,12,BCH,12,0.000415157312991094,364.03,7.556485832407398e-05,5.0
2024-07-23 18:05:00+00:00,entry,net:2024-07-23 18:05:00+00:00,BCH,12,FIL,16,-0.009425982224882274,4.386,2.0671179019166826e-05,5.0
2024-07-23 18:05:00+00:00,entry,net:2024-07-23 18:05:00+00:00,BCH,12,UNI,17,-0.0012096493899965693,7.692,4.652311553926806e-06,5.0
2024-07-25 19:05:00+00:00,exit,net:2024-07-25 19:05:00+00:00,BCH,12,SOL,3,3.564022827503103e-05,167.008,2.9761016218781915e-06,5.0
2024-07-25 19:05:00+00:00,exit,net:2024-07-25 19:05:00+00:00,BCH,12,DOGE,5,0.1586267490926418,0.12091,9.58978011639566e-06,5.0
2024-07-25 19:05:00+00:00,exit,net:2024-07-25 19:05:00+00:00,BCH,12,ADA,6,0.028190294449392795,0.3839,5.411127019560947e-06,5.0
2024-07-25 19:05:00+00:00,exit,net:2024-07-25 19:05:00+00:00,BCH,12,SUI,9,0.041157184710799495,0.7142,1.46972306602265e-05,5.0
2024-07-25 19:05:00+00:00,exit,net:2024-07-25 19:05:00+00:00,BCH,12,AVAX,10,0.0009687687715064204,26.288,1.273349673268039e-05,5.0
2024-07-25 19:05:00+00:00,exit,net:2024-07-25 19:05:00+00:00,BCH,12,BCH,12,-0.000415157312991094,350.23,7.270027286443544e-05,5.0
2024-07-25 19:05:00+00:00,exit,net:2024-07-25 19:05:00+00:00,BCH,12,FIL,16,0.009425982224882274,4.073,1.9196012800972752e-05,5.0
2024-07-25 19:05:00+00:00,exit,net:2024-07-25 19:05:00+00:00,BCH,12,UNI,17,0.0012096493899965693,7.103,4.296069808572816e-06,5.0
2024-07-28 16:05:00+00:00,entry,net:2024-07-28 16:05:00+00:00,BCH,12,SOL,3,3.3827005853759534e-05,184.047,3.1128794731834405e-06,5.0
2024-07-28 16:05:00+00:00,entry,net:2024-07-28 16:05:00+00:00,BCH,12,DOGE,5,0.15987677594478863,0.12947,1.0349623090785894e-05,5.0
2024-07-28 16:05:00+00:00,entry,net:2024-07-28 16:05:00+00:00,BCH,12,ADA,6,0.02846195769263941,0.4078,5.803393173529176e-06,5.0
2024-07-28 16:05:00+00:00,entry,net:2024-07-28 16:05:00+00:00,BCH,12,SUI,9,0.043967428244895565,0.763,1.6773573875427658e-05,5.0
2024-07-28 16:05:00+00:00,entry,net:2024-07-28 16:05:00+00:00,BCH,12,AVAX,10,0.0010702276020147744,27.236,1.4574359484237198e-05,5.0
2024-07-28 16:05:00+00:00,entry,net:2024-07-28 16:05:00+00:00,BCH,12,BCH,12,-0.0003794395206906191,401.25,7.612505383855546e-05,5.0
2024-07-28 16:05:00+00:00,entry,net:2024-07-28 16:05:00+00:00,BCH,12,FIL,16,0.00926559446348069,4.495,2.082442355667285e-05,5.0
2024-07-28 16:05:00+00:00,entry,net:2024-07-28 16:05:00+00:00,BCH,12,UNI,17,0.0012405508694333625,7.556,4.6868011847192434e-06,5.0
2024-08-01 00:00:00+00:00,exit,net:2024-08-01 00:00:00+00:00,BCH,12,SOL,3,-3.3827005853759534e-05,171.632,2.9028983343462284e-06,5.0
2024-08-01 00:00:00+00:00,exit,net:2024-08-01 00:00:00+00:00,BCH,12,DOGE,5,-0.15987677594478863,0.12186,9.741291958315971e-06,5.0
2024-08-01 00:00:00+00:00,exit,net:2024-08-01 00:00:00+00:00,BCH,12,ADA,6,-0.02846195769263941,0.3879,5.520196694487414e-06,5.0
2024-08-01 00:00:00+00:00,exit,net:2024-08-01 00:00:00+00:00,BCH,12,SUI,9,-0.043967428244895565,0.7066,1.5533692398921603e-05,5.0
2024-08-01 00:00:00+00:00,exit,net:2024-08-01 00:00:00+00:00,BCH,12,AVAX,10,-0.0010702276020147744,25.691,1.3747608661680785e-05,5.0
2024-08-01 00:00:00+00:00,exit,net:2024-08-01 00:00:00+00:00,BCH,12,BCH,12,0.0003794395206906191,413.81,7.850793402849254e-05,5.0
2024-08-01 00:00:00+00:00,exit,net:2024-08-01 00:00:00+00:00,BCH,12,FIL,16,-0.00926559446348069,4.207,1.9490177953931628e-05,5.0
2024-08-01 00:00:00+00:00,exit,net:2024-08-01 00:00:00+00:00,BCH,12,UNI,17,-0.0012405508694333625,7.166,4.444893765179738e-06,5.0
2025-02-11 12:05:00+00:00,entry,net:2025-02-11 12:05:00+00:00,ADA,6,SOL,3,3.075323582696682e-05,202.7,3.1168404510630873e-06,5.0
2025-02-11 12:05:00+00:00,entry,net:2025-02-11 12:05:00+00:00,ADA,6,XRP,4,0.005098600867509511,2.4901,6.3480130100927175e-06,5.0
2025-02-11 12:05:00+00:00,entry,net:2025-02-11 12:05:00+00:00,ADA,6,DOGE,5,0.12971494072377382,0.26435,1.7145072290164803e-05,5.0
2025-02-11 12:05:00+00:00,entry,net:2025-02-11 12:05:00+00:00,ADA,6,ADA,6,-0.18620906209543608,0.8059,7.503294157135597e-05,5.0
2025-02-11 12:05:00+00:00,entry,net:2025-02-11 12:05:00+00:00,ADA,6,SUI,9,0.0028973876651376823,3.4887,5.054058173682916e-06,5.0
2025-02-11 12:05:00+00:00,entry,net:2025-02-11 12:05:00+00:00,ADA,6,AVAX,10,0.0004274640654656551,26.413,5.645304180572174e-06,5.0
2025-02-11 12:05:00+00:00,entry,net:2025-02-11 12:05:00+00:00,ADA,6,BCH,12,1.0361099175510563e-05,339.27,1.7576050586377345e-06,5.0
2025-02-11 12:05:00+00:00,entry,net:2025-02-11 12:05:00+00:00,ADA,6,DOT,13,0.0028785442264645743,5.075,7.304305974653857e-06,5.0
2025-02-11 12:05:00+00:00,entry,net:2025-02-11 12:05:00+00:00,ADA,6,HBAR,14,0.030263846309142504,0.24137,3.652392291818863e-06,5.0
2025-02-11 12:05:00+00:00,entry,net:2025-02-11 12:05:00+00:00,ADA,6,XLM,15,0.09961871030624073,0.33357,1.661490659842636e-05,5.0
2025-02-11 12:05:00+00:00,entry,net:2025-02-11 12:05:00+00:00,ADA,6,FIL,16,0.0009178348244587453,3.479,1.5965736771459876e-06,5.0
2025-02-11 12:05:00+00:00,entry,net:2025-02-11 12:05:00+00:00,ADA,6,NEAR,18,0.004041539753327869,3.364,6.797869865097476e-06,5.0
2025-02-15 13:05:00+00:00,exit,net:2025-02-15 13:05:00+00:00,ADA,6,SOL,3,-3.075323582696682e-05,195.79,3.010588021280917e-06,5.0
2025-02-15 13:05:00+00:00,exit,net:2025-02-15 13:05:00+00:00,ADA,6,XRP,4,-0.005098600867509511,2.806,7.153337017115844e-06,5.0
2025-02-15 13:05:00+00:00,exit,net:2025-02-15 13:05:00+00:00,ADA,6,DOGE,5,-0.12971494072377382,0.27876,1.8079668438079597e-05,5.0
2025-02-15 13:05:00+00:00,exit,net:2025-02-15 13:05:00+00:00,ADA,6,ADA,6,0.18620906209543608,0.794,7.392499765188814e-05,5.0
2025-02-15 13:05:00+00:00,exit,net:2025-02-15 13:05:00+00:00,ADA,6,SUI,9,-0.0028973876651376823,3.4764,5.0362392395423195e-06,5.0
2025-02-15 13:05:00+00:00,exit,net:2025-02-15 13:05:00+00:00,ADA,6,AVAX,10,-0.0004274640654656551,26.151,5.589306387996173e-06,5.0
2025-02-15 13:05:00+00:00,exit,net:2025-02-15 13:05:00+00:00,ADA,6,BCH,12,-1.0361099175510563e-05,340.23,1.7625783862419795e-06,5.0
2025-02-15 13:05:00+00:00,exit,net:2025-02-15 13:05:00+00:00,ADA,6,DOT,13,-0.0028785442264645743,5.097,7.335969961144969e-06,5.0
2025-02-15 13:05:00+00:00,exit,net:2025-02-15 13:05:00+00:00,ADA,6,HBAR,14,-0.030263846309142504,0.23665,3.5809696145292865e-06,5.0
2025-02-15 13:05:00+00:00,exit,net:2025-02-15 13:05:00+00:00,ADA,6,XLM,15,-0.09961871030624073,0.3547,1.7667378272811795e-05,5.0
2025-02-15 13:05:00+00:00,exit,net:2025-02-15 13:05:00+00:00,ADA,6,FIL,16,-0.0009178348244587453,3.496,1.6043752731538869e-06,5.0
2025-02-15 13:05:00+00:00,exit,net:2025-02-15 13:05:00+00:00,ADA,6,NEAR,18,-0.004041539753327869,3.508,7.088860727337083e-06,5.0
2025-02-17 05:05:00+00:00,entry,net:2025-02-17 05:05:00+00:00,ADA,6,SOL,3,3.454925727930448e-05,181.81,3.1407002329751736e-06,5.0
2025-02-17 05:05:00+00:00,entry,net:2025-02-17 05:05:00+00:00,ADA,6,XRP,4,0.004789134728193671,2.6713,6.396607799711876e-06,5.0
2025-02-17 05:05:00+00:00,entry,net:2025-02-17 05:05:00+00:00,ADA,6,DOGE,5,0.1327467044009455,0.26029,1.7276319844261054e-05,5.0
2025-02-17 05:05:00+00:00,entry,net:2025-02-17 05:05:00+00:00,ADA,6,ADA,6,-0.18798440478452272,0.8044,7.560732760433504e-05,5.0
2025-02-17 05:05:00+00:00,entry,net:2025-02-17 05:05:00+00:00,ADA,6,SUI,9,0.0031708782679451637,3.2122,5.092747586146727e-06,5.0
2025-02-17 05:05:00+00:00,entry,net:2025-02-17 05:05:00+00:00,ADA,6,AVAX,10,0.0004614682932648082,24.654,5.68851965107529e-06,5.0
2025-02-17 05:05:00+00:00,entry,net:2025-02-17 05:05:00+00:00,ADA,6,BCH,12,1.0948349352611385e-05,323.53,1.7710597330251806e-06,5.0
2025-02-17 05:05:00+00:00,entry,net:2025-02-17 05:05:00+00:00,ADA,6,DOT,13,0.0030546674828404756,4.819,7.360221299904126e-06,5.0
2025-02-17 05:05:00+00:00,entry,net:2025-02-17 05:05:00+00:00,ADA,6,HBAR,14,0.034037935596283535,0.21625,3.6803517863481574e-06,5.0
2025-02-17 05:05:00+00:00,entry,net:2025-02-17 05:05:00+00:00,ADA,6,XLM,15,0.09863667288132977,0.33947,1.6742095671512508e-05,5.0
2025-02-17 05:05:00+00:00,entry,net:2025-02-17 05:05:00+00:00,ADA,6,FIL,16,0.0009610487677909345,3.348,1.6087956372820244e-06,5.0
2025-02-17 05:05:00+00:00,entry,net:2025-02-17 05:05:00+00:00,ADA,6,NEAR,18,0.004093163048755862,3.347,6.849908362092935e-06,5.0
2025-02-27 21:05:00+00:00,exit,net:2025-02-27 21:05:00+00:00,ADA,6,SOL,3,-3.454925727930448e-05,135.83,2.346412808123964e-06,5.0
2025-02-27 21:05:00+00:00,exit,net:2025-02-27 21:05:00+00:00,ADA,6,XRP,4,-0.004789134728193671,2.1528,5.155024621427668e-06,5.0
2025-02-27 21:05:00+00:00,exit,net:2025-02-27 21:05:00+00:00,ADA,6,DOGE,5,-0.1327467044009455,0.20172,1.3388832605879364e-05,5.0
2025-02-27 21:05:00+00:00,exit,net:2025-02-27 21:05:00+00:00,ADA,6,ADA,6,0.18798440478452272,0.6284,5.9064699983297036e-05,5.0
2025-02-27 21:05:00+00:00,exit,net:2025-02-27 21:05:00+00:00,ADA,6,SUI,9,-0.0031708782679451637,2.7667,4.386434451961943e-06,5.0
2025-02-27 21:05:00+00:00,exit,net:2025-02-27 21:05:00+00:00,ADA,6,AVAX,10,-0.0004614682932648082,22.044,5.086303528364716e-06,5.0
2025-02-27 21:05:00+00:00,exit,net:2025-02-27 21:05:00+00:00,ADA,6,BCH,12,-1.0948349352611385e-05,290.53,1.5904119687070928e-06,5.0
2025-02-27 21:05:00+00:00,exit,net:2025-02-27 21:05:00+00:00,ADA,6,DOT,13,-0.0030546674828404756,4.859,7.421314649560935e-06,5.0
2025-02-27 21:05:00+00:00,exit,net:2025-02-27 21:05:00+00:00,ADA,6,HBAR,14,-0.034037935596283535,0.19457,3.3113805644844435e-06,5.0
2025-02-27 21:05:00+00:00,exit,net:2025-02-27 21:05:00+00:00,ADA,6,XLM,15,-0.09863667288132977,0.27736,1.3678933795182814e-05,5.0
2025-02-27 21:05:00+00:00,exit,net:2025-02-27 21:05:00+00:00,ADA,6,FIL,16,-0.0009610487677909345,3.157,1.51701547995799e-06,5.0
2025-02-27 21:05:00+00:00,exit,net:2025-02-27 21:05:00+00:00,ADA,6,NEAR,18,-0.004093163048755862,3.008,6.156117225328817e-06,5.0
2026-01-04 04:05:00+00:00,entry,net:2026-01-04 04:05:00+00:00,LINK,8,BTC,0,-4.978326674289367e-08,91223.8,2.270709384350192e-06,5.0
2026-01-04 04:05:00+00:00,entry,net:2026-01-04 04:05:00+00:00,LINK,8,ETH,1,-3.426649733156583e-06,3146.56,5.391079492180589e-06,5.0
2026-01-04 04:05:00+00:00,entry,net:2026-01-04 04:05:00+00:00,LINK,8,BNB,2,-1.1421723482043388e-05,884.07,5.048801539385049e-06,5.0
2026-01-04 04:05:00+00:00,entry,net:2026-01-04 04:05:00+00:00,LINK,8,SOL,3,-0.000118392082090474,134.57,7.966011243457543e-06,5.0
2026-01-04 04:05:00+00:00,entry,net:2026-01-04 04:05:00+00:00,LINK,8,XRP,4,-0.003190973025938677,2.0577,3.283032597737008e-06,5.0
2026-01-04 04:05:00+00:00,entry,net:2026-01-04 04:05:00+00:00,LINK,8,DOGE,5,-0.08907780698562622,0.15164,6.75387932565018e-06,5.0
2026-01-04 04:05:00+00:00,entry,net:2026-01-04 04:05:00+00:00,LINK,8,ADA,6,-0.03580092991978796,0.3994,7.149445704981656e-06,5.0
2026-01-04 04:05:00+00:00,entry,net:2026-01-04 04:05:00+00:00,LINK,8,TRX,7,-0.005003131599870909,0.29486,7.376116917689682e-07,5.0
2026-01-04 04:05:00+00:00,entry,net:2026-01-04 04:05:00+00:00,LINK,8,LINK,8,0.011422822755245999,13.367,7.634443588468663e-05,5.0
2026-01-04 04:05:00+00:00,entry,net:2026-01-04 04:05:00+00:00,LINK,8,SUI,9,-0.012625551216767889,1.7036,1.0754444526442888e-05,5.0
2026-01-04 04:05:00+00:00,entry,net:2026-01-04 04:05:00+00:00,LINK,8,AVAX,10,-0.0007976482964587738,14.022,5.592312206472463e-06,5.0
2026-01-04 04:05:00+00:00,entry,net:2026-01-04 04:05:00+00:00,LINK,8,LTC,11,-1.368586237780544e-05,82.48,5.644049644606963e-07,5.0
2026-01-04 04:05:00+00:00,entry,net:2026-01-04 04:05:00+00:00,LINK,8,BCH,12,-8.021038734326524e-06,646.99,2.5947659253609585e-06,5.0
2026-01-04 04:05:00+00:00,entry,net:2026-01-04 04:05:00+00:00,LINK,8,DOT,13,-0.0024943451654127606,2.133,2.6602191189127094e-06,5.0
2026-01-04 04:05:00+00:00,entry,net:2026-01-04 04:05:00+00:00,LINK,8,HBAR,14,-0.04936687289790286,0.12194,3.0098982405851377e-06,5.0
2026-01-04 04:05:00+00:00,entry,net:2026-01-04 04:05:00+00:00,LINK,8,XLM,15,-0.04715095013685785,0.22769,5.3678999183305815e-06,5.0
2026-01-04 04:05:00+00:00,entry,net:2026-01-04 04:05:00+00:00,LINK,8,UNI,17,-8.317637048285914e-05,5.927,2.46493173925953e-07,5.0
2026-01-04 04:05:00+00:00,entry,net:2026-01-04 04:05:00+00:00,LINK,8,AAVE,19,-8.45658477431931e-05,164.45,6.9534268306840514e-06,5.0
2026-01-18 11:05:00+00:00,exit,net:2026-01-18 11:05:00+00:00,LINK,8,BTC,0,4.978326674289367e-08,95065.9,2.3663455289266275e-06,5.0
2026-01-18 11:05:00+00:00,exit,net:2026-01-18 11:05:00+00:00,LINK,8,ETH,1,3.426649733156583e-06,3320.17,5.688529822267247e-06,5.0
2026-01-18 11:05:00+00:00,exit,net:2026-01-18 11:05:00+00:00,LINK,8,BNB,2,1.1421723482043388e-05,945.01,5.396821453882911e-06,5.0
2026-01-18 11:05:00+00:00,exit,net:2026-01-18 11:05:00+00:00,LINK,8,SOL,3,0.000118392082090474,142.2,8.4176770366327e-06,5.0
2026-01-18 11:05:00+00:00,exit,net:2026-01-18 11:05:00+00:00,LINK,8,XRP,4,0.003190973025938677,2.054,3.2771292976390214e-06,5.0
2026-01-18 11:05:00+00:00,exit,net:2026-01-18 11:05:00+00:00,LINK,8,DOGE,5,0.08907780698562622,0.13706,6.104502112724964e-06,5.0
2026-01-18 11:05:00+00:00,exit,net:2026-01-18 11:05:00+00:00,LINK,8,ADA,6,0.03580092991978796,0.3926,7.027722543254377e-06,5.0
2026-01-18 11:05:00+00:00,exit,net:2026-01-18 11:05:00+00:00,LINK,8,TRX,7,0.005003131599870909,0.31707,7.931714681855346e-07,5.0
2026-01-18 11:05:00+00:00,exit,net:2026-01-18 11:05:00+00:00,LINK,8,LINK,8,-0.011422822755245999,13.775,7.867469172675682e-05,5.0
2026-01-18 11:05:00+00:00,exit,net:2026-01-18 11:05:00+00:00,LINK,8,SUI,9,0.012625551216767889,1.7707,1.1178031769765452e-05,5.0
2026-01-18 11:05:00+00:00,exit,net:2026-01-18 11:05:00+00:00,LINK,8,AVAX,10,0.0007976482964587738,13.571,5.41244251562101e-06,5.0
2026-01-18 11:05:00+00:00,exit,net:2026-01-18 11:05:00+00:00,LINK,8,LTC,11,1.368586237780544e-05,75.52,5.167781633859334e-07,5.0
2026-01-18 11:05:00+00:00,exit,net:2026-01-18 11:05:00+00:00,LINK,8,BCH,12,8.021038734326524e-06,592.17,2.3749092536530687e-06,5.0
2026-01-18 11:05:00+00:00,exit,net:2026-01-18 11:05:00+00:00,LINK,8,DOT,13,0.0024943451654127606,2.143,2.672690844739773e-06,5.0
2026-01-18 11:05:00+00:00,exit,net:2026-01-18 11:05:00+00:00,LINK,8,HBAR,14,0.04936687289790286,0.11704,2.888949401985276e-06,5.0
2026-01-18 11:05:00+00:00,exit,net:2026-01-18 11:05:00+00:00,LINK,8,XLM,15,0.04715095013685785,0.2265,5.339845102999152e-06,5.0
2026-01-18 11:05:00+00:00,exit,net:2026-01-18 11:05:00+00:00,LINK,8,UNI,17,8.317637048285914e-05,5.311,2.2087485181723246e-07,5.0
2026-01-18 11:05:00+00:00,exit,net:2026-01-18 11:05:00+00:00,LINK,8,AAVE,19,8.45658477431931e-05,173.14,7.3208654391282266e-06,5.0
2026-01-23 16:05:00+00:00,entry,net:2026-01-23 16:05:00+00:00,LINK,8,BTC,0,-5.065494781067702e-08,89901.7,2.276982960795571e-06,5.0
2026-01-23 16:05:00+00:00,entry,net:2026-01-23 16:05:00+00:00,LINK,8,ETH,1,-3.651414616115378e-06,2961.03,5.4059741103780595e-06,5.0
2026-01-23 16:05:00+00:00,entry,net:2026-01-23 16:05:00+00:00,LINK,8,BNB,2,-1.1319859367742987e-05,894.49,5.062750502926212e-06,5.0
2026-01-23 16:05:00+00:00,entry,net:2026-01-23 16:05:00+00:00,LINK,8,SOL,3,-0.00012432715878239915,128.5,7.988019951769145e-06,5.0
2026-01-23 16:05:00+00:00,entry,net:2026-01-23 16:05:00+00:00,LINK,8,XRP,4,-0.0034088563787256676,1.9315,3.2921030477543133e-06,5.0
2026-01-23 16:05:00+00:00,entry,net:2026-01-23 16:05:00+00:00,LINK,8,DOGE,5,-0.10834329105059218,0.12502,6.772539123572517e-06,5.0
2026-01-23 16:05:00+00:00,entry,net:2026-01-23 16:05:00+00:00,LINK,8,ADA,6,-0.03964168307573293,0.3617,7.169198384246302e-06,5.0
2026-01-23 16:05:00+00:00,entry,net:2026-01-23 16:05:00+00:00,LINK,8,TRX,7,-0.004942694944853464,0.29929,7.396495850225966e-07,5.0
2026-01-23 16:05:00+00:00,entry,net:2026-01-23 16:05:00+00:00,LINK,8,LINK,8,0.012472362712317326,12.276,7.655536232820375e-05,5.0
2026-01-23 16:05:00+00:00,entry,net:2026-01-23 16:05:00+00:00,LINK,8,SUI,9,-0.014320638991560145,1.5061,1.0784157192594367e-05,5.0
2026-01-23 16:05:00+00:00,entry,net:2026-01-23 16:05:00+00:00,LINK,8,AVAX,10,-0.0009159269572527108,12.245,5.6077627957797215e-06,5.0
2026-01-23 16:05:00+00:00,entry,net:2026-01-23 16:05:00+00:00,LINK,8,LTC,11,-1.6563193372806852e-05,68.34,5.659643175488101e-07,5.0
2026-01-23 16:05:00+00:00,entry,net:2026-01-23 16:05:00+00:00,LINK,8,BCH,12,-8.740564065573385e-06,595.37,2.6019348138602128e-06,5.0
2026-01-23 16:05:00+00:00,entry,net:2026-01-23 16:05:00+00:00,LINK,8,DOT,13,-0.00274441239016533,1.944,2.6675688432407008e-06,5.0
2026-01-23 16:05:00+00:00,entry,net:2026-01-23 16:05:00+00:00,LINK,8,HBAR,14,-0.05474225206703897,0.11027,3.018214067716194e-06,5.0
2026-01-23 16:05:00+00:00,entry,net:2026-01-23 16:05:00+00:00,LINK,8,XLM,15,-0.050301191434288725,0.21402,5.382730495383236e-06,5.0
2026-01-23 16:05:00+00:00,entry,net:2026-01-23 16:05:00+00:00,LINK,8,UNI,17,-0.00010090801871430222,4.899,2.471741918406833e-07,5.0
2026-01-23 16:05:00+00:00,entry,net:2026-01-23 16:05:00+00:00,LINK,8,AAVE,19,-8.788854785120183e-05,158.67,6.972637943775097e-06,5.0
2026-02-01 00:00:00+00:00,exit,net:2026-02-01 00:00:00+00:00,LINK,8,BTC,0,5.065494781067702e-08,78706.7,1.9934418904253062e-06,5.0
2026-02-01 00:00:00+00:00,exit,net:2026-02-01 00:00:00+00:00,LINK,8,ETH,1,3.651414616115378e-06,2450.38,4.4736766735184e-06,5.0
2026-02-01 00:00:00+00:00,exit,net:2026-02-01 00:00:00+00:00,LINK,8,BNB,2,1.1319859367742987e-05,781.33,4.422272859899315e-06,5.0
2026-02-01 00:00:00+00:00,exit,net:2026-02-01 00:00:00+00:00,LINK,8,SOL,3,0.00012432715878239915,105.44,6.554527811008083e-06,5.0
2026-02-01 00:00:00+00:00,exit,net:2026-02-01 00:00:00+00:00,LINK,8,XRP,4,0.0034088563787256676,1.6459,2.8053183568722882e-06,5.0
2026-02-01 00:00:00+00:00,exit,net:2026-02-01 00:00:00+00:00,LINK,8,DOGE,5,0.10834329105059218,0.10417,5.643060314370093e-06,5.0
2026-02-01 00:00:00+00:00,exit,net:2026-02-01 00:00:00+00:00,LINK,8,ADA,6,0.03964168307573293,0.2933,5.8134528230562345e-06,5.0
2026-02-01 00:00:00+00:00,exit,net:2026-02-01 00:00:00+00:00,LINK,8,TRX,7,0.004942694944853464,0.28649,7.080163373755345e-07,5.0
2026-02-01 00:00:00+00:00,exit,net:2026-02-01 00:00:00+00:00,LINK,8,LINK,8,-0.012472362712317326,9.982,6.224956229717577e-05,5.0
2026-02-01 00:00:00+00:00,exit,net:2026-02-01 00:00:00+00:00,LINK,8,SUI,9,0.014320638991560145,1.1527,8.25370028278569e-06,5.0
2026-02-01 00:00:00+00:00,exit,net:2026-02-01 00:00:00+00:00,LINK,8,AVAX,10,0.0009159269572527108,10.113,4.631384659348332e-06,5.0
2026-02-01 00:00:00+00:00,exit,net:2026-02-01 00:00:00+00:00,LINK,8,LTC,11,1.6563193372806852e-05,59.49,4.926721868741399e-07,5.0
2026-02-01 00:00:00+00:00,exit,net:2026-02-01 00:00:00+00:00,LINK,8,BCH,12,8.740564065573385e-06,507.08,2.216082613185476e-06,5.0
2026-02-01 00:00:00+00:00,exit,net:2026-02-01 00:00:00+00:00,LINK,8,DOT,13,0.00274441239016533,1.546,2.1214307775978e-06,5.0
2026-02-01 00:00:00+00:00,exit,net:2026-02-01 00:00:00+00:00,LINK,8,HBAR,14,0.05474225206703897,0.09286,2.5416827634726194e-06,5.0
2026-02-01 00:00:00+00:00,exit,net:2026-02-01 00:00:00+00:00,LINK,8,XLM,15,0.050301191434288725,0.18079,4.5469761997025295e-06,5.0
2026-02-01 00:00:00+00:00,exit,net:2026-02-01 00:00:00+00:00,LINK,8,UNI,17,0.00010090801871430222,3.959,1.9974742304496124e-07,5.0
2026-02-01 00:00:00+00:00,exit,net:2026-02-01 00:00:00+00:00,LINK,8,AAVE,19,8.788854785120183e-05,129.03,5.670129664620287e-06,5.0
2026-02-04 10:05:00+00:00,entry,net:2026-02-04 10:05:00+00:00,FIL,16,DOT,13,0.03613600388023849,1.507,2.72284789237597e-05,5.0
2026-02-04 10:05:00+00:00,entry,net:2026-02-04 10:05:00+00:00,FIL,16,HBAR,14,0.030950286061105958,0.09289,1.4374860361080661e-06,5.0
2026-02-04 10:05:00+00:00,entry,net:2026-02-04 10:05:00+00:00,FIL,16,FIL,16,-0.13954074446689888,1.095,7.639855759562714e-05,5.0
2026-02-04 10:05:00+00:00,entry,net:2026-02-04 10:05:00+00:00,FIL,16,UNI,17,0.0001816745791517823,3.866,3.511769615003952e-07,5.0
2026-02-04 10:05:00+00:00,entry,net:2026-02-04 10:05:00+00:00,FIL,16,NEAR,18,0.07976669305430804,1.188,4.7381415674258976e-05,5.0
2026-02-06 01:05:00+00:00,entry,net:2026-02-06 01:05:00+00:00,XLM,15,BTC,0,1.7982587642174992e-08,64219.3,5.774145952845642e-07,5.0
2026-02-06 01:05:00+00:00,entry,net:2026-02-06 01:05:00+00:00,XLM,15,BNB,2,4.901147847802271e-06,619.86,1.5190127524693578e-06,5.0
2026-02-06 01:05:00+00:00,entry,net:2026-02-06 01:05:00+00:00,XLM,15,SOL,3,0.00013457523197203306,76.47,5.1454839944506845e-06,5.0
2026-02-06 01:05:00+00:00,entry,net:2026-02-06 01:05:00+00:00,XLM,15,XRP,4,0.021306838284908074,1.2317,1.312181635776064e-05,5.0
2026-02-06 01:05:00+00:00,entry,net:2026-02-06 01:05:00+00:00,XLM,15,DOGE,5,0.2062361911928989,0.08837,9.112546107858238e-06,5.0
2026-02-06 01:05:00+00:00,entry,net:2026-02-06 01:05:00+00:00,XLM,15,ADA,6,0.0447462669647971,0.2462,5.508265463366523e-06,5.0
2026-02-06 01:05:00+00:00,entry,net:2026-02-06 01:05:00+00:00,XLM,15,TRX,7,0.01660595723347537,0.26963,2.2387321244309817e-06,5.0
2026-02-06 01:05:00+00:00,entry,net:2026-02-06 01:05:00+00:00,XLM,15,LINK,8,0.00020256608941894737,8.004,8.106694898546273e-07,5.0
2026-02-06 01:05:00+00:00,entry,net:2026-02-06 01:05:00+00:00,XLM,15,AVAX,10,0.00045647504089313363,8.294,1.8930019945838252e-06,5.0
2026-02-06 01:05:00+00:00,entry,net:2026-02-06 01:05:00+00:00,XLM,15,LTC,11,2.2305722701995867e-05,50.13,5.590929395255264e-07,5.0
2026-02-06 01:05:00+00:00,entry,net:2026-02-06 01:05:00+00:00,XLM,15,BCH,12,2.6540848370623816e-05,454.07,6.025701509824578e-06,5.0
2026-02-06 01:05:00+00:00,entry,net:2026-02-06 01:05:00+00:00,XLM,15,HBAR,14,0.5143552270199843,0.0795,2.0445620274044375e-05,5.0
2026-02-06 01:05:00+00:00,entry,net:2026-02-06 01:05:00+00:00,XLM,15,XLM,15,-1.0061751477435712,0.15219,7.656489786754704e-05,5.0
2026-02-06 01:05:00+00:00,entry,net:2026-02-06 01:05:00+00:00,XLM,15,UNI,17,0.00017457699961001438,3.169,2.766172558820678e-07,5.0
2026-02-06 01:05:00+00:00,entry,net:2026-02-06 01:05:00+00:00,XLM,15,AAVE,19,0.00018404187392921203,101.4,9.330923008211051e-06,5.0
2026-02-06 17:05:00+00:00,exit,net:2026-02-06 17:05:00+00:00,XLM,15,BTC,0,-1.7982587642174992e-08,69747.5,6.271202657863001e-07,5.0
2026-02-06 17:05:00+00:00,exit,net:2026-02-06 17:05:00+00:00,XLM,15,BNB,2,-4.901147847802271e-06,659.72,1.616692629076057e-06,5.0
2026-02-06 17:05:00+00:00,exit,net:2026-02-06 17:05:00+00:00,XLM,15,SOL,3,-0.00013457523197203306,86.46,5.817687278150989e-06,5.0
2026-02-06 17:05:00+00:00,exit,net:2026-02-06 17:05:00+00:00,XLM,15,XRP,4,-0.021306838284908074,1.4898,1.5871463838428025e-05,5.0
2026-02-06 17:05:00+00:00,exit,net:2026-02-06 17:05:00+00:00,XLM,15,DOGE,5,-0.2062361911928989,0.09896,1.0204566740224638e-05,5.0
2026-02-06 17:05:00+00:00,exit,net:2026-02-06 17:05:00+00:00,XLM,15,ADA,6,-0.0447462669647971,0.2775,6.208544541365599e-06,5.0
2026-02-06 17:05:00+00:00,exit,net:2026-02-06 17:05:00+00:00,XLM,15,TRX,7,-0.01660595723347537,0.27301,2.2667961921555553e-06,5.0
2026-02-06 17:05:00+00:00,exit,net:2026-02-06 17:05:00+00:00,XLM,15,LINK,8,-0.00020256608941894737,8.802,8.914933595327874e-07,5.0
2026-02-06 17:05:00+00:00,exit,net:2026-02-06 17:05:00+00:00,XLM,15,AVAX,10,-0.00045647504089313363,9.251,2.1114253016511896e-06,5.0
2026-02-06 17:05:00+00:00,exit,net:2026-02-06 17:05:00+00:00,XLM,15,LTC,11,-2.2305722701995867e-05,55.26,6.163071182561459e-07,5.0
2026-02-06 17:05:00+00:00,exit,net:2026-02-06 17:05:00+00:00,XLM,15,BCH,12,-2.6540848370623816e-05,496.3,6.5861115231703e-06,5.0
2026-02-06 17:05:00+00:00,exit,net:2026-02-06 17:05:00+00:00,XLM,15,HBAR,14,-0.5143552270199843,0.09441,2.4280138491478354e-05,5.0
2026-02-06 17:05:00+00:00,exit,net:2026-02-06 17:05:00+00:00,XLM,15,XLM,15,1.0061751477435712,0.16778,8.44080331442082e-05,5.0
2026-02-06 17:05:00+00:00,exit,net:2026-02-06 17:05:00+00:00,XLM,15,UNI,17,-0.00017457699961001438,3.541,3.090885778095305e-07,5.0
2026-02-06 17:05:00+00:00,exit,net:2026-02-06 17:05:00+00:00,XLM,15,AAVE,19,-0.00018404187392921203,113.2,1.04167700643934e-05,5.0
2026-02-09 16:05:00+00:00,entry,net:2026-02-09 16:05:00+00:00,XLM,15,BTC,0,-1.67460906912753e-08,69435.4,5.813857527924884e-07,5.0
2026-02-09 16:05:00+00:00,entry,net:2026-02-09 16:05:00+00:00,XLM,15,BNB,2,-4.8509617582550435e-06,630.58,1.5294597327602328e-06,5.0
2026-02-09 16:05:00+00:00,entry,net:2026-02-09 16:05:00+00:00,XLM,15,SOL,3,-0.00012165955052932805,85.17,5.1808719592914355e-06,5.0
2026-02-09 16:05:00+00:00,entry,net:2026-02-09 16:05:00+00:00,XLM,15,XRP,4,-0.018314473788952713,1.4428,1.3212061391350487e-05,5.0
2026-02-09 16:05:00+00:00,entry,net:2026-02-09 16:05:00+00:00,XLM,15,DOGE,5,-0.19328454738276332,0.09494,9.175217464259775e-06,5.0
2026-02-09 16:05:00+00:00,entry,net:2026-02-09 16:05:00+00:00,XLM,15,ADA,6,-0.04157532571675722,0.2668,5.546148450615413e-06,5.0
2026-02-09 16:05:00+00:00,entry,net:2026-02-09 16:05:00+00:00,XLM,15,TRX,7,-0.01625593307993322,0.27733,2.25412896052894e-06,5.0
2026-02-09 16:05:00+00:00,entry,net:2026-02-09 16:05:00+00:00,XLM,15,LINK,8,-0.0001873195303055468,8.715,8.162448533064202e-07,5.0
2026-02-09 16:05:00+00:00,entry,net:2026-02-09 16:05:00+00:00,XLM,15,AVAX,10,-0.00042502421195725164,8.969,1.906021078522295e-06,5.0
2026-02-09 16:05:00+00:00,entry,net:2026-02-09 16:05:00+00:00,XLM,15,LTC,11,-2.074200774527561e-05,54.28,5.629380902067802e-07,5.0
2026-02-09 16:05:00+00:00,entry,net:2026-02-09 16:05:00+00:00,XLM,15,BCH,12,-2.304138827371402e-05,526.63,6.067143153293007e-06,5.0
2026-02-09 16:05:00+00:00,entry,net:2026-02-09 16:05:00+00:00,XLM,15,HBAR,14,-0.4485995777912241,0.09178,2.0586234624839277e-05,5.0
2026-02-09 16:05:00+00:00,entry,net:2026-02-09 16:05:00+00:00,XLM,15,XLM,15,0.9685466605292128,0.15919,7.709147144482269e-05,5.0
2026-02-09 16:05:00+00:00,entry,net:2026-02-09 16:05:00+00:00,XLM,15,UNI,17,-0.00016259176042727132,3.426,2.7851968561191577e-07,5.0
2026-02-09 16:05:00+00:00,entry,net:2026-02-09 16:05:00+00:00,XLM,15,AAVE,19,-0.00016764982597152427,112.08,9.39509624744422e-06,5.0
2026-02-12 16:05:00+00:00,exit,net:2026-02-12 16:05:00+00:00,XLM,15,BTC,0,1.67460906912753e-08,67172.8,5.624409003934489e-07,5.0
2026-02-12 16:05:00+00:00,exit,net:2026-02-12 16:05:00+00:00,XLM,15,BNB,2,4.8509617582550435e-06,609.66,1.478718672768885e-06,5.0
2026-02-12 16:05:00+00:00,exit,net:2026-02-12 16:05:00+00:00,XLM,15,SOL,3,0.00012165955052932805,80.12,4.8736815942048816e-06,5.0
2026-02-12 16:05:00+00:00,exit,net:2026-02-12 16:05:00+00:00,XLM,15,XRP,4,0.018314473788952713,1.3763,1.260310513786781e-05,5.0
2026-02-12 16:05:00+00:00,exit,net:2026-02-12 16:05:00+00:00,XLM,15,DOGE,5,0.19328454738276332,0.0936,9.045716817513323e-06,5.0
2026-02-12 16:05:00+00:00,exit,net:2026-02-12 16:05:00+00:00,XLM,15,ADA,6,0.04157532571675722,0.2631,5.469234098039412e-06,5.0
2026-02-12 16:05:00+00:00,exit,net:2026-02-12 16:05:00+00:00,XLM,15,TRX,7,0.01625593307993322,0.27726,2.2535600028711423e-06,5.0
2026-02-12 16:05:00+00:00,exit,net:2026-02-12 16:05:00+00:00,XLM,15,LINK,8,0.0001873195303055468,8.369,7.838385745635605e-07,5.0
2026-02-12 16:05:00+00:00,exit,net:2026-02-12 16:05:00+00:00,XLM,15,AVAX,10,0.00042502421195725164,8.804,1.8709565810358218e-06,5.0
2026-02-12 16:05:00+00:00,exit,net:2026-02-12 16:05:00+00:00,XLM,15,LTC,11,2.074200774527561e-05,52.82,5.477964245527289e-07,5.0
2026-02-12 16:05:00+00:00,exit,net:2026-02-12 16:05:00+00:00,XLM,15,BCH,12,2.304138827371402e-05,504.86,5.816337641933631e-06,5.0
2026-02-12 16:05:00+00:00,exit,net:2026-02-12 16:05:00+00:00,XLM,15,HBAR,14,0.4485995777912241,0.09301,2.0862123365180875e-05,5.0
2026-02-12 16:05:00+00:00,exit,net:2026-02-12 16:05:00+00:00,XLM,15,XLM,15,-0.9685466605292128,0.16092,7.792926430618046e-05,5.0
2026-02-12 16:05:00+00:00,exit,net:2026-02-12 16:05:00+00:00,XLM,15,UNI,17,0.00016259176042727132,3.339,2.7144694403332947e-07,5.0
2026-02-12 16:05:00+00:00,exit,net:2026-02-12 16:05:00+00:00,XLM,15,AAVE,19,0.00016764982597152427,107.91,9.045546360293591e-06,5.0
2026-02-13 00:05:00+00:00,entry,net:2026-02-13 00:05:00+00:00,XLM,15,BTC,0,-1.7519384942272812e-08,66422.2,5.818380452563166e-07,5.0
2026-02-13 00:05:00+00:00,entry,net:2026-02-13 00:05:00+00:00,XLM,15,BNB,2,-4.975861336247094e-06,615.23,1.53064958494965e-06,5.0
2026-02-13 00:05:00+00:00,entry,net:2026-02-13 00:05:00+00:00,XLM,15,SOL,3,-0.000132116255550665,78.49,5.184902449085848e-06,5.0
2026-02-13 00:05:00+00:00,entry,net:2026-02-13 00:05:00+00:00,XLM,15,XRP,4,-0.01938191115826986,1.3644,1.32223397921717e-05,5.0
2026-02-13 00:05:00+00:00,entry,net:2026-02-13 00:05:00+00:00,XLM,15,DOGE,5,-0.1973638985194828,0.09305,9.182355378618937e-06,5.0
2026-02-13 00:05:00+00:00,entry,net:2026-02-13 00:05:00+00:00,XLM,15,ADA,6,-0.041921926808182644,0.2648,5.550463109403382e-06,5.0
2026-02-13 00:05:00+00:00,entry,net:2026-02-13 00:05:00+00:00,XLM,15,TRX,7,-0.016103094963264883,0.28018,2.2558825734037773e-06,5.0
2026-02-13 00:05:00+00:00,entry,net:2026-02-13 00:05:00+00:00,XLM,15,LINK,8,-0.0001938490402914139,8.428,8.168798557880183e-07,5.0
2026-02-13 00:05:00+00:00,entry,net:2026-02-13 00:05:00+00:00,XLM,15,AVAX,10,-0.00042802734855247674,8.913,1.907503878824113e-06,5.0
2026-02-13 00:05:00+00:00,entry,net:2026-02-13 00:05:00+00:00,XLM,15,LTC,11,-2.1179550045227917e-05,53.2,5.633760312030626e-07,5.0
2026-02-13 00:05:00+00:00,entry,net:2026-02-13 00:05:00+00:00,XLM,15,BCH,12,-2.4130124082869225e-05,503.26,6.071863122972383e-06,5.0
2026-02-13 00:05:00+00:00,entry,net:2026-02-13 00:05:00+00:00,XLM,15,HBAR,14,-0.4413506813854671,0.09336,2.0602249807073607e-05,5.0
2026-02-13 00:05:00+00:00,entry,net:2026-02-13 00:05:00+00:00,XLM,15,XLM,15,0.9848911113574331,0.15667,7.715144520818452e-05,5.0
2026-02-13 00:05:00+00:00,entry,net:2026-02-13 00:05:00+00:00,XLM,15,UNI,17,-0.00017195333845681924,3.242,2.78736361638504e-07,5.0
2026-02-13 00:05:00+00:00,entry,net:2026-02-13 00:05:00+00:00,XLM,15,AAVE,19,-0.00016359121736050857,114.95,9.40240521779523e-06,5.0
2026-02-25 12:05:00+00:00,exit,net:2026-02-25 12:05:00+00:00,FIL,16,DOT,13,-0.03613600388023849,1.376,2.4861570669604082e-05,5.0
2026-02-25 12:05:00+00:00,exit,net:2026-02-25 12:05:00+00:00,FIL,16,HBAR,14,-0.030950286061105958,0.09821,1.519813797030608e-06,5.0
2026-02-25 12:05:00+00:00,exit,net:2026-02-25 12:05:00+00:00,FIL,16,FIL,16,0.13954074446689888,0.92,6.418874245477349e-05,5.0
2026-02-25 12:05:00+00:00,exit,net:2026-02-25 12:05:00+00:00,FIL,16,UNI,17,-0.0001816745791517823,3.561,3.234715881797484e-07,5.0
2026-02-25 12:05:00+00:00,exit,net:2026-02-25 12:05:00+00:00,FIL,16,NEAR,18,-0.07976669305430804,1.03,4.107984692296864e-05,5.0
2026-02-25 16:05:00+00:00,entry,net:2026-02-25 16:05:00+00:00,FIL,16,DOT,13,0.03609136060280951,1.527,2.755575382024506e-05,5.0
2026-02-25 16:05:00+00:00,entry,net:2026-02-25 16:05:00+00:00,FIL,16,HBAR,14,0.028685083611380946,0.10143,1.4547640153511848e-06,5.0
2026-02-25 16:05:00+00:00,entry,net:2026-02-25 16:05:00+00:00,FIL,16,FIL,16,-0.14251951376003058,1.085,7.731683621481658e-05,5.0
2026-02-25 16:05:00+00:00,entry,net:2026-02-25 16:05:00+00:00,FIL,16,UNI,17,0.0001802677967470783,3.943,3.5539796128686484e-07,5.0
2026-02-25 16:05:00+00:00,entry,net:2026-02-25 16:05:00+00:00,FIL,16,NEAR,18,0.08616517595315992,1.113,4.795092041793349e-05,5.0
2026-02-25 20:05:00+00:00,exit,net:2026-02-25 20:05:00+00:00,FIL,16,DOT,13,-0.03609136060280951,1.636,2.9522732973098174e-05,5.0
2026-02-25 20:05:00+00:00,exit,net:2026-02-25 20:05:00+00:00,FIL,16,HBAR,14,-0.028685083611380946,0.10424,1.4950665578251748e-06,5.0
2026-02-25 20:05:00+00:00,exit,net:2026-02-25 20:05:00+00:00,FIL,16,FIL,16,0.14251951376003058,1.087,7.745935572857662e-05,5.0
2026-02-25 20:05:00+00:00,exit,net:2026-02-25 20:05:00+00:00,FIL,16,UNI,17,-0.0001802677967470783,4.069,3.667548324819308e-07,5.0
2026-02-25 20:05:00+00:00,exit,net:2026-02-25 20:05:00+00:00,FIL,16,NEAR,18,-0.08616517595315992,1.201,5.174218815987254e-05,5.0
2026-02-26 04:05:00+00:00,entry,net:2026-02-26 04:05:00+00:00,FIL,16,DOT,13,-0.034018727623114635,1.64,2.7895356650954e-05,5.0
2026-02-26 04:05:00+00:00,entry,net:2026-02-26 04:05:00+00:00,FIL,16,HBAR,14,-0.029061525981020624,0.10135,1.47269282908822e-06,5.0
2026-02-26 04:05:00+00:00,entry,net:2026-02-26 04:05:00+00:00,FIL,16,FIL,16,0.15362061816575862,1.019,7.8269704955454e-05,5.0
2026-02-26 04:05:00+00:00,entry,net:2026-02-26 04:05:00+00:00,FIL,16,UNI,17,-0.0001791276871013563,4.017,3.597779595430742e-07,5.0
2026-02-26 04:05:00+00:00,entry,net:2026-02-26 04:05:00+00:00,FIL,16,NEAR,18,-0.08354884254022155,1.162,4.8541877515868714e-05,5.0
2026-02-26 21:05:00+00:00,exit,net:2026-02-26 21:05:00+00:00,FIL,16,DOT,13,0.034018727623114635,1.563,2.6585635637464085e-05,5.0
2026-02-26 21:05:00+00:00,exit,net:2026-02-26 21:05:00+00:00,FIL,16,HBAR,14,0.029061525981020624,0.10178,1.4789410571741395e-06,5.0
2026-02-26 21:05:00+00:00,exit,net:2026-02-26 21:05:00+00:00,FIL,16,FIL,16,-0.15362061816575862,1.014,7.788565341003962e-05,5.0
2026-02-26 21:05:00+00:00,exit,net:2026-02-26 21:05:00+00:00,FIL,16,UNI,17,0.0001791276871013563,3.827,3.4276082926844525e-07,5.0
2026-02-26 21:05:00+00:00,exit,net:2026-02-26 21:05:00+00:00,FIL,16,NEAR,18,0.08354884254022155,1.109,4.6327833188552845e-05,5.0
2026-02-28 19:05:00+00:00,entry,net:2026-02-28 19:05:00+00:00,FIL,16,DOT,13,-0.03571425463954223,1.573,2.8089261273999965e-05,5.0
2026-02-28 19:05:00+00:00,entry,net:2026-02-28 19:05:00+00:00,FIL,16,HBAR,14,-0.030291690901082274,0.09791,1.4829297280624827e-06,5.0
2026-02-28 19:05:00+00:00,entry,net:2026-02-28 19:05:00+00:00,FIL,16,FIL,16,0.16283836548559255,0.968,7.88137688950268e-05,5.0
2026-02-28 19:05:00+00:00,entry,net:2026-02-28 19:05:00+00:00,FIL,16,UNI,17,-0.00019321537478195577,3.75,3.6227882771616706e-07,5.0
2026-02-28 19:05:00+00:00,entry,net:2026-02-28 19:05:00+00:00,FIL,16,NEAR,18,-0.08871016164291866,1.102,4.887929906524818e-05,5.0
2026-03-01 00:00:00+00:00,exit,net:2026-03-01 00:00:00+00:00,XLM,15,BTC,0,1.7519384942272812e-08,66937.0,5.863475349404576e-07,5.0
2026-03-01 00:00:00+00:00,exit,net:2026-03-01 00:00:00+00:00,XLM,15,BNB,2,4.975861336247094e-06,617.13,1.5353766532190847e-06,5.0
2026-03-01 00:00:00+00:00,exit,net:2026-03-01 00:00:00+00:00,XLM,15,SOL,3,0.000132116255550665,84.29,5.568039590182777e-06,5.0
2026-03-01 00:00:00+00:00,exit,net:2026-03-01 00:00:00+00:00,XLM,15,XRP,4,0.01938191115826986,1.3752,1.3327002112426356e-05,5.0
2026-03-01 00:00:00+00:00,exit,net:2026-03-01 00:00:00+00:00,XLM,15,DOGE,5,0.1973638985194828,0.09399,9.275116410923093e-06,5.0
2026-03-01 00:00:00+00:00,exit,net:2026-03-01 00:00:00+00:00,XLM,15,ADA,6,0.041921926808182644,0.2808,5.885838523868844e-06,5.0
2026-03-01 00:00:00+00:00,exit,net:2026-03-01 00:00:00+00:00,XLM,15,TRX,7,0.016103094963264883,0.28164,2.2676378327269606e-06,5.0
2026-03-01 00:00:00+00:00,exit,net:2026-03-01 00:00:00+00:00,XLM,15,LINK,8,0.0001938490402914139,8.839,8.567158335679039e-07,5.0
2026-03-01 00:00:00+00:00,exit,net:2026-03-01 00:00:00+00:00,XLM,15,AVAX,10,0.00042802734855247674,9.161,1.9605792700446195e-06,5.0
2026-03-01 00:00:00+00:00,exit,net:2026-03-01 00:00:00+00:00,XLM,15,LTC,11,2.1179550045227917e-05,54.38,5.758719657297471e-07,5.0
2026-03-01 00:00:00+00:00,exit,net:2026-03-01 00:00:00+00:00,XLM,15,BCH,12,2.4130124082869225e-05,457.15,5.515543112241833e-06,5.0
2026-03-01 00:00:00+00:00,exit,net:2026-03-01 00:00:00+00:00,FIL,16,DOT,13,0.03571425463954223,1.66,2.9642831350820052e-05,5.0
2026-03-01 00:00:00+00:00,exit,net:2026-03-01 00:00:00+00:00,XLM,15,HBAR,14,0.47164237228654937,0.10012,2.3610417156664663e-05,5.0
2026-03-01 00:00:00+00:00,exit,net:2026-03-01 00:00:00+00:00,XLM,15,XLM,15,-0.9848911113574331,0.15879,7.819542978622341e-05,5.0
2026-03-01 00:00:00+00:00,exit,net:2026-03-01 00:00:00+00:00,FIL,16,FIL,16,-0.16283836548559255,1.004,8.174485947376746e-05,5.0
2026-03-01 00:00:00+00:00,exit,net:2026-03-01 00:00:00+00:00,XLM,15,UNI,17,0.00036516871323877503,3.808,6.952812300066276e-07,5.0
2026-03-01 00:00:00+00:00,exit,net:2026-03-01 00:00:00+00:00,FIL,16,NEAR,18,0.08871016164291866,1.17,5.189544456110741e-05,5.0
2026-03-01 00:00:00+00:00,exit,net:2026-03-01 00:00:00+00:00,XLM,15,AAVE,19,0.00016359121736050857,111.83,9.147202918712838e-06,5.0
2026-03-02 19:05:00+00:00,entry,net:2026-03-02 19:05:00+00:00,LINK,8,BTC,0,-1.0240368501322112e-07,68862.3,3.5258766392429685e-06,5.0
2026-03-02 19:05:00+00:00,entry,net:2026-03-02 19:05:00+00:00,LINK,8,ETH,1,-1.0430399031372018e-05,2031.41,1.0594208448159718e-05,5.0
2026-03-02 19:05:00+00:00,entry,net:2026-03-02 19:05:00+00:00,LINK,8,BNB,2,-1.4230572352838763e-06,640.28,4.5557754330378015e-07,5.0
2026-03-02 19:05:00+00:00,entry,net:2026-03-02 19:05:00+00:00,LINK,8,SOL,3,-0.00015556440584313443,87.45,6.802053645491053e-06,5.0
2026-03-02 19:05:00+00:00,entry,net:2026-03-02 19:05:00+00:00,LINK,8,ADA,6,-0.024580280343388026,0.2803,3.444926290125832e-06,5.0
2026-03-02 19:05:00+00:00,entry,net:2026-03-02 19:05:00+00:00,LINK,8,LINK,8,0.017448913693428946,9.01,7.86073561888974e-05,5.0
2026-03-02 19:05:00+00:00,entry,net:2026-03-02 19:05:00+00:00,LINK,8,SUI,9,-0.004960901512611778,0.9355,2.320461682524159e-06,5.0
2026-03-02 19:05:00+00:00,entry,net:2026-03-02 19:05:00+00:00,LINK,8,AVAX,10,-0.0011009582986347439,9.235,5.0836749439459295e-06,5.0
2026-03-02 19:05:00+00:00,entry,net:2026-03-02 19:05:00+00:00,LINK,8,LTC,11,-9.524612731618975e-05,54.59,2.5997430450953997e-06,5.0
2026-03-02 19:05:00+00:00,entry,net:2026-03-02 19:05:00+00:00,LINK,8,DOT,13,-0.0038309054483718153,1.535,2.940219931625368e-06,5.0
2026-03-02 19:05:00+00:00,entry,net:2026-03-02 19:05:00+00:00,LINK,8,HBAR,14,-0.13987158187230245,0.0999,6.986585514521507e-06,5.0
2026-03-02 19:05:00+00:00,entry,net:2026-03-02 19:05:00+00:00,LINK,8,XLM,15,-0.04326161192615668,0.15812,3.4202630388819473e-06,5.0
2026-03-02 19:05:00+00:00,entry,net:2026-03-02 19:05:00+00:00,LINK,8,FIL,16,-0.006383766254783213,0.993,3.169539945499865e-06,5.0
2026-03-02 19:05:00+00:00,entry,net:2026-03-02 19:05:00+00:00,LINK,8,UNI,17,-0.002919931171310476,3.917,5.718685199011567e-06,5.0
2026-03-02 19:05:00+00:00,entry,net:2026-03-02 19:05:00+00:00,LINK,8,NEAR,18,-0.0132578665470363,1.319,8.743562987770441e-06,5.0
2026-03-02 19:05:00+00:00,entry,net:2026-03-02 19:05:00+00:00,LINK,8,AAVE,19,-0.00020605146199417134,124.26,1.2801977333697865e-05,5.0
2026-03-03 07:05:00+00:00,entry,net:2026-03-03 07:05:00+00:00,ADA,6,DOGE,5,-0.19618798710084573,0.09175,9.000123908251298e-06,5.0
2026-03-03 07:05:00+00:00,entry,net:2026-03-03 07:05:00+00:00,ADA,6,ADA,6,0.582253934501781,0.2698,7.854605576429024e-05,5.0
2026-03-03 07:05:00+00:00,entry,net:2026-03-03 07:05:00+00:00,ADA,6,LINK,8,-0.0004348621292350911,8.82,1.917741989926752e-06,5.0
2026-03-03 07:05:00+00:00,entry,net:2026-03-03 07:05:00+00:00,ADA,6,SUI,9,-0.0017887420387028654,0.9139,8.173656745852744e-07,5.0
2026-03-03 07:05:00+00:00,entry,net:2026-03-03 07:05:00+00:00,ADA,6,AVAX,10,-0.0006526259475432217,9.121,2.976300633770863e-06,5.0
2026-03-03 07:05:00+00:00,entry,net:2026-03-03 07:05:00+00:00,ADA,6,DOT,13,-0.011554081268014117,1.501,8.671337991644594e-06,5.0
2026-03-03 07:05:00+00:00,entry,net:2026-03-03 07:05:00+00:00,ADA,6,HBAR,14,-0.3947466145397293,0.09635,1.901691815545146e-05,5.0
2026-03-03 07:05:00+00:00,entry,net:2026-03-03 07:05:00+00:00,ADA,6,XLM,15,-0.16682502242354275,0.15237,1.2709564333337605e-05,5.0
2026-03-03 07:05:00+00:00,entry,net:2026-03-03 07:05:00+00:00,ADA,6,FIL,16,-0.0005547001958708218,0.99,2.7457659695605684e-07,5.0
2026-03-03 07:05:00+00:00,entry,net:2026-03-03 07:05:00+00:00,ADA,6,NEAR,18,-0.007163577108839164,1.351,4.838996337020856e-06,5.0
2026-03-03 07:05:00+00:00,entry,net:2026-03-03 07:05:00+00:00,ADA,6,AAVE,19,-0.0003054364084571677,119.98,1.8323130143345493e-05,5.0
2026-03-04 16:05:00+00:00,exit,net:2026-03-04 16:05:00+00:00,LINK,8,BTC,0,1.0240368501322112e-07,73213.7,3.7486763367262333e-06,5.0
2026-03-04 16:05:00+00:00,exit,net:2026-03-04 16:05:00+00:00,LINK,8,ETH,1,1.0430399031372018e-05,2147.23,1.119823285606647e-05,5.0
2026-03-04 16:05:00+00:00,exit,net:2026-03-04 16:05:00+00:00,LINK,8,BNB,2,1.4230572352838763e-06,660.34,4.698508073736775e-07,5.0
2026-03-04 16:05:00+00:00,exit,net:2026-03-04 16:05:00+00:00,LINK,8,SOL,3,0.00015556440584313443,92.28,7.177741685602222e-06,5.0
2026-03-04 16:05:00+00:00,exit,net:2026-03-04 16:05:00+00:00,LINK,8,ADA,6,0.024580280343388026,0.2819,3.4645905144005423e-06,5.0
2026-03-04 16:05:00+00:00,exit,net:2026-03-04 16:05:00+00:00,LINK,8,LINK,8,-0.017448913693428946,9.502,8.289978895748094e-05,5.0
2026-03-04 16:05:00+00:00,exit,net:2026-03-04 16:05:00+00:00,LINK,8,SUI,9,0.004960901512611778,0.976,2.4209199381545476e-06,5.0
2026-03-04 16:05:00+00:00,exit,net:2026-03-04 16:05:00+00:00,LINK,8,AVAX,10,0.0011009582986347439,9.71,5.345152539871682e-06,5.0
2026-03-04 16:05:00+00:00,exit,net:2026-03-04 16:05:00+00:00,LINK,8,LTC,11,9.524612731618975e-05,56.78,2.7040375545066273e-06,5.0
2026-03-04 16:05:00+00:00,exit,net:2026-03-04 16:05:00+00:00,LINK,8,DOT,13,0.0038309054483718153,1.545,2.959374458867227e-06,5.0
2026-03-04 16:05:00+00:00,exit,net:2026-03-04 16:05:00+00:00,LINK,8,HBAR,14,0.13987158187230245,0.10356,7.24255050934782e-06,5.0
2026-03-04 16:05:00+00:00,exit,net:2026-03-04 16:05:00+00:00,LINK,8,XLM,15,0.04326161192615668,0.16024,3.4661203475236726e-06,5.0
2026-03-04 16:05:00+00:00,exit,net:2026-03-04 16:05:00+00:00,LINK,8,FIL,16,0.006383766254783213,1.028,3.2812558549585715e-06,5.0
2026-03-04 16:05:00+00:00,exit,net:2026-03-04 16:05:00+00:00,LINK,8,UNI,17,0.002919931171310476,4.019,5.867601688748402e-06,5.0
2026-03-04 16:05:00+00:00,exit,net:2026-03-04 16:05:00+00:00,LINK,8,NEAR,18,0.0132578665470363,1.353,8.968946719070058e-06,5.0
2026-03-04 16:05:00+00:00,exit,net:2026-03-04 16:05:00+00:00,LINK,8,AAVE,19,0.00020605146199417134,118.14,1.21714598599957e-05,5.0
2026-03-07 16:05:00+00:00,entry,net:2026-03-07 16:05:00+00:00,FIL,16,SOL,3,-2.377060875715977e-06,83.6,9.936114460492784e-08,5.0
2026-03-07 16:05:00+00:00,entry,net:2026-03-07 16:05:00+00:00,FIL,16,TRX,7,-0.021172523796988908,0.28482,3.0151791139291904e-06,5.0
2026-03-07 16:05:00+00:00,entry,net:2026-03-07 16:05:00+00:00,FIL,16,SUI,9,-0.03542652932100087,0.8969,1.5887027074002842e-05,5.0
2026-03-07 16:05:00+00:00,entry,net:2026-03-07 16:05:00+00:00,FIL,16,AVAX,10,-0.0027840880846305644,8.959,1.2471322575102614e-05,5.0
2026-03-07 16:05:00+00:00,entry,net:2026-03-07 16:05:00+00:00,FIL,16,DOT,13,-0.035466557958787344,1.467,2.601472026277052e-05,5.0
2026-03-07 16:05:00+00:00,entry,net:2026-03-07 16:05:00+00:00,FIL,16,HBAR,14,-0.017287070797867433,0.09594,8.292607861737007e-07,5.0
2026-03-07 16:05:00+00:00,entry,net:2026-03-07 16:05:00+00:00,FIL,16,FIL,16,0.16426634270090473,0.958,7.868357815373336e-05,5.0
2026-03-07 16:05:00+00:00,entry,net:2026-03-07 16:05:00+00:00,FIL,16,UNI,17,-0.0029987599123907295,3.787,5.678151894111847e-06,5.0
2026-03-07 16:05:00+00:00,entry,net:2026-03-07 16:05:00+00:00,FIL,16,NEAR,18,-0.02405987764625343,1.221,1.4688555303037721e-05,5.0
2026-03-30 10:05:00+00:00,entry,net:2026-03-30 10:05:00+00:00,LINK,8,BTC,0,1.0374879340288468e-07,67434.8,3.498139566682424e-06,5.0
2026-03-30 10:05:00+00:00,entry,net:2026-03-30 10:05:00+00:00,LINK,8,ETH,1,1.023528184811574e-05,2053.85,1.0510866811876257e-05,5.0
2026-03-30 10:05:00+00:00,entry,net:2026-03-30 10:05:00+00:00,LINK,8,BNB,2,1.462407648130723e-06,618.15,4.519936438460032e-07,5.0
2026-03-30 10:05:00+00:00,entry,net:2026-03-30 10:05:00+00:00,LINK,8,SOL,3,0.0001605267320798572,84.08,6.748543816637197e-06,5.0
2026-03-30 10:05:00+00:00,entry,net:2026-03-30 10:05:00+00:00,LINK,8,ADA,6,0.027529810962760633,0.2483,3.4178260310267326e-06,5.0
2026-03-30 10:05:00+00:00,entry,net:2026-03-30 10:05:00+00:00,LINK,8,LINK,8,-0.01783828325457374,8.744,7.79889743889964e-05,5.0
2026-03-30 10:05:00+00:00,entry,net:2026-03-30 10:05:00+00:00,LINK,8,SUI,9,0.005247794091422101,0.8774,2.3022072679068758e-06,5.0
2026-03-30 10:05:00+00:00,entry,net:2026-03-30 10:05:00+00:00,LINK,8,AVAX,10,0.0011320128186469943,8.911,5.043683113481683e-06,5.0
2026-03-30 10:05:00+00:00,entry,net:2026-03-30 10:05:00+00:00,LINK,8,LTC,11,9.579541701487382e-05,53.85,2.5792916031254775e-06,5.0
2026-03-30 10:05:00+00:00,entry,net:2026-03-30 10:05:00+00:00,LINK,8,DOT,13,0.004604719896533381,1.267,2.9170900544538967e-06,5.0
2026-03-30 10:05:00+00:00,entry,net:2026-03-30 10:05:00+00:00,LINK,8,HBAR,14,0.154775572752842,0.08957,6.931624025736029e-06,5.0
2026-03-30 10:05:00+00:00,entry,net:2026-03-30 10:05:00+00:00,LINK,8,XLM,15,0.039788436402564666,0.17057,3.3933567985927276e-06,5.0
2026-03-30 10:05:00+00:00,entry,net:2026-03-30 10:05:00+00:00,LINK,8,FIL,16,0.007451673158177193,0.844,3.144606072750775e-06,5.0
2026-03-30 10:05:00+00:00,entry,net:2026-03-30 10:05:00+00:00,LINK,8,UNI,17,0.003235641815103193,3.507,5.673697922783449e-06,5.0
2026-03-30 10:05:00+00:00,entry,net:2026-03-30 10:05:00+00:00,LINK,8,NEAR,18,0.014482103263763372,1.198,8.67477985499426e-06,5.0
2026-03-30 10:05:00+00:00,entry,net:2026-03-30 10:05:00+00:00,LINK,8,AAVE,19,0.0002596334383708626,97.84,1.27012678051026e-05,5.0
2026-04-01 00:00:00+00:00,exit,net:2026-04-01 00:00:00+00:00,LINK,8,BTC,0,-1.0374879340288468e-07,68241.4,3.539981455061807e-06,5.0
2026-04-01 00:00:00+00:00,exit,net:2026-04-01 00:00:00+00:00,LINK,8,ETH,1,-1.023528184811574e-05,2104.48,1.0769972971861306e-05,5.0
2026-04-01 00:00:00+00:00,exit,net:2026-04-01 00:00:00+00:00,LINK,8,BNB,2,-1.462407648130723e-06,617.64,4.516207298957299e-07,5.0
2026-04-01 00:00:00+00:00,exit,net:2026-04-01 00:00:00+00:00,FIL,16,SOL,3,-0.00015814967120414124,83.16,6.575863328668192e-06,5.0
2026-04-01 00:00:00+00:00,exit,net:2026-04-01 00:00:00+00:00,ADA,6,DOGE,5,0.19618798710084573,0.09227,9.051132784897519e-06,5.0
2026-04-01 00:00:00+00:00,exit,net:2026-04-01 00:00:00+00:00,ADA,6,ADA,6,-0.6097837454645416,0.2415,7.36313872648434e-05,5.0
2026-04-01 00:00:00+00:00,exit,net:2026-04-01 00:00:00+00:00,FIL,16,TRX,7,0.021172523796988908,0.31315,3.315087913513538e-06,5.0
2026-04-01 00:00:00+00:00,exit,net:2026-04-01 00:00:00+00:00,ADA,6,LINK,8,0.018273145383808833,8.778,8.020083508953697e-05,5.0
2026-04-01 00:00:00+00:00,exit,net:2026-04-01 00:00:00+00:00,ADA,6,SUI,9,0.031967477268281634,0.8777,1.4028927399185396e-05,5.0
2026-04-01 00:00:00+00:00,exit,net:2026-04-01 00:00:00+00:00,ADA,6,AVAX,10,0.002304701213526792,8.907,1.0263986854441567e-05,5.0
2026-04-01 00:00:00+00:00,exit,net:2026-04-01 00:00:00+00:00,LINK,8,LTC,11,-9.579541701487382e-05,53.91,2.5821654656359235e-06,5.0
2026-04-01 00:00:00+00:00,exit,net:2026-04-01 00:00:00+00:00,ADA,6,DOT,13,0.04241591933026808,1.251,2.653115754108268e-05,5.0
2026-04-01 00:00:00+00:00,exit,net:2026-04-01 00:00:00+00:00,ADA,6,HBAR,14,0.25725811258475473,0.08757,1.1264046459523485e-05,5.0
2026-04-01 00:00:00+00:00,exit,net:2026-04-01 00:00:00+00:00,ADA,6,XLM,15,0.1270365860209781,0.16717,1.0618353042563456e-05,5.0
2026-04-01 00:00:00+00:00,exit,net:2026-04-01 00:00:00+00:00,ADA,6,FIL,16,-0.1711633156632111,0.831,7.111835765806421e-05,5.0
2026-04-01 00:00:00+00:00,exit,net:2026-04-01 00:00:00+00:00,FIL,16,UNI,17,-0.00023688190271246336,3.542,4.195178497037726e-07,5.0
2026-04-01 00:00:00+00:00,exit,net:2026-04-01 00:00:00+00:00,ADA,6,NEAR,18,0.016741351491329222,1.188,9.944362785849557e-06,5.0
2026-04-01 00:00:00+00:00,exit,net:2026-04-01 00:00:00+00:00,ADA,6,AAVE,19,4.5802970086305074e-05,98.14,2.2475517421349903e-06,5.0
