target,target_index,position_id,entry_time,exit_time,entry_z,exit_z,gross_pnl,target_leg_pnl,hedge_leg_pnl,entry_fee,exit_fee,fee,net_pnl,funding,hold_bars,reason,hedge_symbols
BCH,12,12:2024-07-13T02:05:00+00:00,2024-07-13 02:05:00+00:00,2024-07-14 13:05:00+00:00,3.1427459606390973,0.3436988223988579,0.007934389763897173,0.003283151825752718,0.004651237938144455,0.00015000000000000001,0.00015068404305619587,0.0003006840430561959,0.0075314443209863165,-0.00010226139985466045,420,mean,"SOL,DOGE,ADA,SUI,AVAX,FIL,UNI"
BCH,12,12:2024-07-23T18:05:00+00:00,2024-07-23 18:05:00+00:00,2024-07-25 19:05:00+00:00,-3.134899028286829,-0.45199105690632035,0.007600908208296366,-0.0057291709192770785,0.013330079127573445,0.00015112971664814798,0.0001416000916247227,0.00029272980827287065,0.007469273526419717,0.0001610951263962213,588,mean,"SOL,DOGE,ADA,SUI,AVAX,FIL,UNI"
BCH,12,12:2024-07-28T16:05:00+00:00,2024-07-28 16:05:00+00:00,2024-08-01 00:00:00+00:00,3.075186296071363,,-0.014254348523258357,-0.004765760379874177,-0.009488588143384179,0.00015225010767711092,0.00014988869379535592,0.0003021388014724668,-0.014561496895993085,-5.0095712622609205e-06,959,month_boundary,"SOL,DOGE,ADA,SUI,AVAX,FIL,UNI"
ADA,6,6:2025-02-11T12:05:00+00:00,2025-02-11 12:05:00+00:00,2025-02-15 13:05:00+00:00,3.199506504966734,0.36806862064226503,0.007968547374691418,0.002215887838935673,0.005752659535755746,0.00015006588314271194,0.00015183426899112196,0.00030190015213383387,0.007658480439720767,-8.166782836816314e-06,1164,mean,"SOL,XRP,DOGE,SUI,AVAX,BCH,DOT,HBAR,XLM,FIL,NEAR"
ADA,6,6:2025-02-17T05:05:00+00:00,2025-02-17 05:05:00+00:00,2025-02-27 21:05:00+00:00,4.264458108084022,0.0855525667265766,0.009946963431365386,0.033085255242076006,-0.023138291810710622,0.00015121465520867008,0.0001231028816822768,0.0002743175368909469,0.009828110404687803,0.00015546451021336444,3072,mean,"SOL,XRP,DOGE,SUI,AVAX,BCH,DOT,HBAR,XLM,FIL,NEAR"
LINK,8,8:2026-01-04T04:05:00+00:00,2026-01-04 04:05:00+00:00,2026-01-18 11:05:00+00:00,-3.1214874141266504,-0.6264578757366712,0.0033548102402966053,0.0046605116841403615,-0.0013057014438437563,0.00015268887176937324,0.0001556719783333653,0.00030836085010273856,0.002812352580228024,-0.00023409680996584224,4116,mean,"BTC,ETH,BNB,SOL,XRP,DOGE,ADA,TRX,SUI,AVAX,LTC,BCH,DOT,HBAR,XLM,UNI,AAVE"
LINK,8,8:2026-01-23T16:05:00+00:00,2026-01-23 16:05:00+00:00,2026-02-01 00:00:00+00:00,-3.1824134951044245,,-0.001676022679962651,-0.02861160006205595,0.0269355773820933,0.00015311072465640747,0.00012533713593433285,0.0002784478605907403,-0.002090729767688019,-0.00013625922713462752,2399,month_boundary,"BTC,ETH,BNB,SOL,XRP,DOGE,ADA,TRX,SUI,AVAX,LTC,BCH,DOT,HBAR,XLM,UNI,AAVE"
XLM,15,15:2026-02-06T01:05:00+00:00,2026-02-06 01:05:00+00:00,2026-02-06 17:05:00+00:00,4.669386039349642,0.2436898455341938,0.006832345554541375,-0.015686270553322296,0.02251861610786367,0.00015312979573509409,0.0001722322390656871,0.0003253620348007812,0.006493203718720178,-1.3779801020415423e-05,192,mean,"BTC,BNB,SOL,XRP,DOGE,ADA,TRX,LINK,AVAX,LTC,BCH,HBAR,UNI,AAVE"
XLM,15,15:2026-02-09T16:05:00+00:00,2026-02-09 16:05:00+00:00,2026-02-12 16:05:00+00:00,-3.1128318018633045,0.2002095829644352,0.00488952238185603,0.0016755857227155472,0.0032139366591404823,0.00015418294288964534,0.00015341376742143294,0.0003075967103110783,0.004650944993670717,6.90193221257651e-05,864,mean,"BTC,BNB,SOL,XRP,DOGE,ADA,TRX,LINK,AVAX,LTC,BCH,HBAR,UNI,AAVE"
FIL,16,16:2026-02-04T10:05:00+00:00,2026-02-04 10:05:00+00:00,2026-02-25 12:05:00+00:00,3.442601340439724,-0.7717751624656289,0.0071919210460191785,0.024419630281707294,-0.017227709235688116,0.00015279711519125428,0.00013197344543255655,0.00028477056062381083,0.006665938560766739,-0.0002412119246286291,6072,mean,"DOT,HBAR,UNI,NEAR"
FIL,16,16:2026-02-25T16:05:00+00:00,2026-02-25 16:05:00+00:00,2026-02-25 20:05:00+00:00,5.1754890911568365,0.39202944149512514,0.011334773589402367,-0.00028503902752006143,0.011619812616922428,0.00015463367242963318,0.00016058609825185446,0.00031521977068148764,0.011019553818720879,0.0,48,mean,"DOT,HBAR,UNI,NEAR"
FIL,16,16:2026-02-26T04:05:00+00:00,2026-02-26 04:05:00+00:00,2026-02-26 21:05:00+00:00,-3.0800395910693146,-0.16625591753997696,0.006300965395160204,-0.0007681030908287767,0.007069068485988981,0.000156539409910908,0.00015262082412249915,0.0003091602340334072,0.0059883281820805895,-3.476979046207111e-06,204,mean,"DOT,HBAR,UNI,NEAR"
XLM,15,15:2026-02-13T00:05:00+00:00,2026-02-13 00:05:00+00:00,2026-03-01 00:00:00+00:00,-3.214893561646915,,-0.001454512477878772,0.0020879691560777413,-0.0035424816339565133,0.00015430289041636907,0.00015711811581138618,0.0003114210062277553,-0.0016478169328120848,0.00011811655129444229,4607,month_boundary,"BTC,BNB,SOL,XRP,DOGE,ADA,TRX,LINK,AVAX,LTC,BCH,HBAR,UNI,AAVE"
FIL,16,16:2026-02-28T19:05:00+00:00,2026-02-28 19:05:00+00:00,2026-03-01 00:00:00+00:00,-3.213340109318817,-2.3346349667084585,-0.0033554011165060358,0.005862181157481337,-0.009217582273987373,0.0001576275377900536,0.00016516741950578794,0.0003227949572958415,-0.003719504430876951,-4.130835707507386e-05,59,month_boundary,"DOT,HBAR,UNI,NEAR"
LINK,8,8:2026-03-02T19:05:00+00:00,2026-03-02 19:05:00+00:00,2026-03-04 16:05:00+00:00,-3.0234125927900593,0.08171969124581045,0.004826554572534946,0.008584865537167056,-0.0037583109646321103,0.0001572147123777948,0.00016338630062869442,0.0003206010130064892,0.004466267168291425,-3.9686391237031554e-05,540,mean,"BTC,ETH,BNB,SOL,ADA,SUI,AVAX,LTC,DOT,HBAR,XLM,FIL,UNI,NEAR,AAVE"
ADA,6,6:2026-03-03T07:05:00+00:00,2026-03-03 07:05:00+00:00,2026-03-31 07:05:00+00:00,-3.003852541152853,-3.70309359147707,-0.001850056444394752,-0.014498122969094333,0.012648066524699582,0.0001570921115285805,0.00014351901678168357,0.0003006111283102641,-0.002096915976271563,5.375159643345304e-05,8064,timeout,"DOGE,LINK,SUI,AVAX,DOT,HBAR,XLM,FIL,NEAR,AAVE"
FIL,16,16:2026-03-07T16:05:00+00:00,2026-03-07 16:05:00+00:00,2026-04-01 00:00:00+00:00,-3.063110584511502,,-0.011301493829495959,-0.020861825523014903,0.009560331693518944,0.00015736715630746673,0.00010987350506569217,0.0002672406613731589,-0.011781286397950421,-0.00021255190708130284,7007,month_boundary,"SOL,TRX,SUI,AVAX,DOT,HBAR,UNI,NEAR"
LINK,8,8:2026-03-30T10:05:00+00:00,2026-03-30 10:05:00+00:00,2026-04-01 00:00:00+00:00,3.231029524144053,,-0.0009065072941867154,-0.0006065016306555196,-0.0003000056635311958,0.00015597794877799282,0.00013842658629553673,0.00029440453507352955,-0.001140917662041243,5.999416721900203e-05,455,month_boundary,"BTC,ETH,BNB,SOL,ADA,SUI,AVAX,LTC,DOT,HBAR,XLM,FIL,UNI,NEAR,AAVE"
