strategy,horizon_min,fee_bp,trades,allocation_per_pair,mean_price_bp,mean_funding_bp,mean_gross_bp,return,may_jun_return,jul_aug_return,max_drawdown,win_rate,break_even_one_way_bp
sign_reversal,15.0,0.0,17662,1.0,0.31858000942227876,0.0,0.31858000942227876,0.6853725158714064,0.14525356209457407,-0.017346300323707764,-0.1961193780636965,0.5270637526893897,0.15929000471113938
cross_sectional_q5,15.0,0.0,17661,1.0,0.4237610179104938,0.0,0.4237610179104938,1.0951052563322348,0.37111067567692957,0.1721999671327754,-0.07194624811774752,0.537115678613895,0.2118805089552469
sign_reversal,15.0,0.5,17662,1.0,0.31858000942227876,0.0,0.31858000942227876,-0.7118440842979941,-0.36236644037955656,-0.4581309928160495,-0.7369468438093176,0.4812025818140641,0.15929000471113938
cross_sectional_q5,15.0,0.5,17661,1.0,0.4237610179104938,0.0,0.4237610179104938,-0.6417454205890499,-0.23660298013389203,-0.3535967985260219,-0.6433518299812359,0.47805900005662194,0.2118805089552469
sign_reversal,15.0,1.0,17662,1.0,0.31858000942227876,0.0,0.31858000942227876,-0.9507413556170652,-0.6450107142895039,-0.701212602701978,-0.9516463754262708,0.4403238591326011,0.15929000471113938
cross_sectional_q5,15.0,1.0,17661,1.0,0.4237610179104938,0.0,0.4237610179104938,-0.9387507260769236,-0.5749862569657345,-0.6435657413584992,-0.9387952352545879,0.42092746730083236,0.2118805089552469
sign_reversal,15.0,2.0,17662,1.0,0.31858000942227876,0.0,0.31858000942227876,-0.9985613270561642,-0.8899912897330522,-0.9091718188768064,-0.9985764204126761,0.3616238251613634,0.15929000471113938
cross_sectional_q5,15.0,2.0,17661,1.0,0.4237610179104938,0.0,0.4237610179104938,-0.9982106753602777,-0.8682860799668111,-0.8916438061794806,-0.9982112604786362,0.31527093596059114,0.2118805089552469
sign_reversal,15.0,3.0,17662,1.0,0.31858000942227876,0.0,0.31858000942227876,-0.9999580110856313,-0.9659170565780978,-0.9723957800906071,-0.9999581179323745,0.2941909183557921,0.15929000471113938
cross_sectional_q5,15.0,3.0,17661,1.0,0.4237610179104938,0.0,0.4237610179104938,-0.9999477639514864,-0.9591907533850798,-0.9670675099758413,-0.9999477601425056,0.2332257516561916,0.2118805089552469
sign_reversal,15.0,5.0,17662,1.0,0.31858000942227876,0.0,0.31858000942227876,-0.9999999643090473,-0.9967307242714664,-0.9974521456789446,-0.999999964262875,0.2100554863548862,0.15929000471113938
cross_sectional_q5,15.0,5.0,17661,1.0,0.4237610179104938,0.0,0.4237610179104938,-0.9999999555766708,-0.9960852248892851,-0.9969601256303967,-0.9999999555553979,0.11647132098975142,0.2118805089552469
sign_reversal,30.0,0.0,8831,1.0,1.0110147397495073,0.0,1.0110147397495073,1.3467889693711768,0.20585529398969715,0.20460769918164856,-0.11768474424910913,0.5257615219114483,0.5055073698747536
cross_sectional_q5,30.0,0.0,8830,1.0,0.7479796553998088,0.0,0.7479796553998088,0.9193716066374606,0.23172180053819913,0.09873237182134265,-0.07648128843073743,0.5405436013590034,0.3739898276999044
sign_reversal,30.0,0.5,8831,1.0,1.0110147397495073,0.0,1.0110147397495073,-0.029568844422384832,-0.10022315745064037,-0.10545792792681674,-0.3422572108553844,0.496093307666176,0.5055073698747536
cross_sectional_q5,30.0,0.5,8830,1.0,0.7479796553998088,0.0,0.7479796553998088,-0.20624620608240185,-0.08091915199753963,-0.18408783639217285,-0.33261009897578775,0.5004530011325028,0.3739898276999044
sign_reversal,30.0,1.0,8831,1.0,1.0110147397495073,0.0,1.0110147397495073,-0.5987481290996981,-0.3286303394147194,-0.3357325348512783,-0.6776798062645831,0.46846336768202923,0.5055073698747536
cross_sectional_q5,30.0,1.0,8830,1.0,0.7479796553998088,0.0,0.7479796553998088,-0.6717730690963479,-0.3142243073929446,-0.39412648456463895,-0.6890590364903839,0.45968289920724803,0.3739898276999044
sign_reversal,30.0,2.0,8831,1.0,1.0110147397495073,0.0,1.0110147397495073,-0.9314185508188203,-0.6262533153286818,-0.6337407381987029,-0.9328607638352653,0.40867398935567884,0.5055073698747536
cross_sectional_q5,30.0,2.0,8830,1.0,0.7479796553998088,0.0,0.7479796553998088,-0.9438905611062177,-0.6182309926492369,-0.6659432120693727,-0.9443872534004637,0.3795016987542469,0.3739898276999044
sign_reversal,30.0,3.0,8831,1.0,1.0110147397495073,0.0,1.0110147397495073,-0.9882822901681592,-0.7919622795143825,-0.7980785224048568,-0.9884584113374011,0.3599818820065678,0.5055073698747536
cross_sectional_q5,30.0,3.0,8830,1.0,0.7479796553998088,0.0,0.7479796553998088,-0.9904116440955366,-0.7874953920640138,-0.815835085153654,-0.9904206216636241,0.3053227633069083,0.3739898276999044
sign_reversal,30.0,5.0,8831,1.0,1.0110147397495073,0.0,1.0110147397495073,-0.9996582927934657,-0.935565452910395,-0.9386499345552684,-0.9996604335446669,0.2791303363152531,0.5055073698747536
cross_sectional_q5,30.0,5.0,8830,1.0,0.7479796553998088,0.0,0.7479796553998088,-0.9997202952380618,-0.9341810513069827,-0.9440468172964427,-0.9997203335412568,0.1856172140430351,0.3739898276999044
sign_reversal,60.0,0.0,4415,1.0,0.1429020850481758,0.0,0.1429020850481758,0.024428412261169097,-0.0855715566866535,0.09679876606792326,-0.394856834027175,0.5143827859569648,0.0714510425240879
cross_sectional_q5,60.0,0.0,4414,1.0,0.29110289478435847,0.0,0.29110289478435847,0.12783204681768878,-0.09004219916904577,0.04365345300301349,-0.15961786698327463,0.5321703670140462,0.14555144739217923
sign_reversal,60.0,0.5,4415,1.0,0.1429020850481758,0.0,0.1429020850481758,-0.341235227457343,-0.21011979659759628,-0.05484222790778581,-0.5280563389985212,0.48901472253680633,0.0714510425240879
cross_sectional_q5,60.0,0.5,4414,1.0,0.29110289478435847,0.0,0.29110289478435847,-0.2746591619737522,-0.2139809207715514,-0.10064362615028632,-0.3392614889313935,0.5045310376076122,0.14555144739217923
sign_reversal,60.0,1.0,4415,1.0,0.1429020850481758,0.0,0.1429020850481758,-0.5763961086489586,-0.3177141383284896,-0.18552979097857447,-0.6735218027482982,0.46296715741789357,0.0714510425240879
cross_sectional_q5,60.0,1.0,4414,1.0,0.29110289478435847,0.0,0.29110289478435847,-0.5335332890685078,-0.3210487954875052,-0.22500151023676085,-0.5537434799457142,0.47417308563661076,0.14555144739217923
sign_reversal,60.0,2.0,4415,1.0,0.1429020850481758,0.0,0.1429020850481758,-0.8248696006318379,-0.4909533651732829,-0.3952197541564675,-0.848339731958097,0.42355605889014725,0.0714510425240879
cross_sectional_q5,60.0,2.0,4414,1.0,0.29110289478435847,0.0,0.29110289478435847,-0.807105353185396,-0.49344054282744965,-0.42453417182425723,-0.8087580795947237,0.4154961486180335,0.14555144739217923
sign_reversal,60.0,3.0,4415,1.0,0.1429020850481758,0.0,0.1429020850481758,-0.9276087000580113,-0.6202276755633347,-0.5509505969554251,-0.9338660619555301,0.38663646659116646,0.0714510425240879
cross_sectional_q5,60.0,3.0,4414,1.0,0.29110289478435847,0.0,0.29110289478435847,-0.9202477475367774,-0.6220826450984922,-0.5727202066964443,-0.9206169722364722,0.360444041685546,0.14555144739217923
sign_reversal,60.0,5.0,4415,1.0,0.1429020850481758,0.0,0.1429020850481758,-0.9876375186869567,-0.7886616145986335,-0.752480435456742,-0.9881836247938132,0.31619479048697624,0.0714510425240879
cross_sectional_q5,60.0,5.0,4414,1.0,0.29110289478435847,0.0,0.29110289478435847,-0.9863743198700861,-0.7896932346136756,-0.7644840427677867,-0.986426570517935,0.25917535115541457,0.14555144739217923
sign_reversal,240.0,0.0,1103,1.0,-1.4461015491827907,0.0,-1.4461015491827907,-0.17257401148760443,-0.053544815900618214,0.10764184368852647,-0.34451388472271904,0.5113327289211242,-0.7230507745913953
cross_sectional_q5,240.0,0.0,1102,1.0,1.8458221478002346,0.0,1.8458221478002346,0.21537135003447228,0.08682821136207863,0.04802593651445708,-0.09527685174936862,0.5499092558983666,0.9229110739001173
sign_reversal,240.0,0.5,1103,1.0,-1.4461015491827907,0.0,-1.4461015491827907,-0.2590062349673723,-0.08756676143720865,0.06720273510112507,-0.37532513778807397,0.499546690843155,-0.7230507745913953
cross_sectional_q5,240.0,0.5,1102,1.0,1.8458221478002346,0.0,1.8458221478002346,0.0885677337920372,0.047775815164381674,0.009758237038317352,-0.10725622154175007,0.5381125226860254,0.9229110739001173
sign_reversal,240.0,1.0,1103,1.0,-1.4461015491827907,0.0,-1.4461015491827907,-0.3364171451431961,-0.12036895167406414,0.02823620169433383,-0.4178637608219028,0.485947416137806,-0.7230507745913953
cross_sectional_q5,240.0,1.0,1102,1.0,1.8458221478002346,0.0,1.8458221478002346,-0.025016794884064164,0.010122970812216803,-0.02711577175995039,-0.13733887153357194,0.5199637023593466,0.9229110739001173
sign_reversal,240.0,2.0,1103,1.0,-1.4461015491827907,0.0,-1.4461015491827907,-0.46784030554452927,-0.1824869714734163,-0.04549113811044869,-0.5270592256912066,0.4551223934723481,-0.7230507745913953
cross_sectional_q5,240.0,2.0,1102,1.0,1.8458221478002346,0.0,1.8458221478002346,-0.21789307782626177,-0.06118237651416503,-0.09688338591962742,-0.25489826370116464,0.49727767695099817,0.9229110739001173
sign_reversal,240.0,3.0,1103,1.0,-1.4461015491827907,0.0,-1.4461015491827907,-0.5732538470006121,-0.2402294614334597,-0.1139452154647661,-0.6157880924055008,0.44061650045330913,-0.7230507745913953
cross_sectional_q5,240.0,3.0,1102,1.0,1.8458221478002346,0.0,1.8458221478002346,-0.37264123228251,-0.12746700419591583,-0.16166029660196946,-0.39500717854762535,0.46370235934664245,0.9229110739001173
sign_reversal,240.0,5.0,1103,1.0,-1.4461015491827907,0.0,-1.4461015491827907,-0.7256106177563693,-0.3437959998275816,-0.236511689960074,-0.7499459933500672,0.40525838621940163,-0.7230507745913953
cross_sectional_q5,240.0,5.0,1102,1.0,1.8458221478002346,0.0,1.8458221478002346,-0.5963934857773654,-0.24635986477666483,-0.27764109340360665,-0.6067387646198252,0.397459165154265,0.9229110739001173
funding_reversal_q5,480.0,0.0,550,1.0,-2.180464333471069,0.356465463275902,-1.8239988701951668,-0.10065971059814405,-0.10161557521404252,-0.08301434246587336,-0.1895944997271095,0.48727272727272725,-0.9119994350975834
funding_reversal_q5,480.0,0.5,550,1.0,-2.180464333471069,0.356465463275902,-1.8239988701951668,-0.14879963738334967,-0.1179170104836863,-0.0999213972120937,-0.21449832184474527,0.4763636363636364,-0.9119994350975834
funding_reversal_q5,480.0,1.0,550,1.0,-2.180464333471069,0.356465463275902,-1.8239988701951668,-0.19436716181387004,-0.133924238870767,-0.11651837089522243,-0.24554474175800878,0.4690909090909091,-0.9119994350975834
funding_reversal_q5,480.0,2.0,550,1.0,-2.180464333471069,0.356465463275902,-1.8239988701951668,-0.2783265834192675,-0.16507710538762554,-0.14880459967196147,-0.3063307576805119,0.44181818181818183,-0.9119994350975834
funding_reversal_q5,480.0,3.0,550,1.0,-2.180464333471069,0.356465463275902,-1.8239988701951668,-0.35355037222294694,-0.1951153027067829,-0.17991706261197749,-0.3720184856431601,0.42,-0.9119994350975834
funding_reversal_q5,480.0,5.0,550,1.0,-2.180464333471069,0.356465463275902,-1.8239988701951668,-0.4813266438641072,-0.2520049742687267,-0.23878896363596158,-0.48905134814704887,0.39090909090909093,-0.9119994350975834
distance_pair,,0.0,829,0.2,-3.67155102779302,0.0,-3.67155102779302,-0.05965613878416165,-0.022433009429289608,-0.038077318192936804,-0.09122944240892672,0.5078407720144753,-1.83577551389651
distance_pair,,0.5,829,0.2,-3.67155102779302,0.0,-3.67155102779302,-0.07511980571424348,-0.03126967322989582,-0.04526557213352744,-0.10138866139946101,0.49095295536791317,-1.83577551389651
distance_pair,,1.0,829,0.2,-3.67155102779302,0.0,-3.67155102779302,-0.09032947908010247,-0.04002663284321761,-0.0524002518797696,-0.11143450949189715,0.4776839565741858,-1.83577551389651
distance_pair,,2.0,829,0.2,-3.67155102779302,0.0,-3.67155102779302,-0.1200034445795265,-0.05730430241147344,-0.0665104787562334,-0.13119113062826682,0.4499396863691194,-1.83577551389651
distance_pair,,3.0,829,0.2,-3.67155102779302,0.0,-3.67155102779302,-0.14871055808935674,-0.07427167986824523,-0.08041114936455451,-0.15564222156793384,0.4294330518697226,-1.83577551389651
distance_pair,,5.0,829,0.2,-3.67155102779302,0.0,-3.67155102779302,-0.20334906890750992,-0.10729770101521563,-0.10759619192369874,-0.206666872837433,0.3896260554885404,-1.83577551389651
