time,equity,cash_pnl,gap_pnl,intrabar_pnl,funding,fees,component_error,in_event_Asia_Shanghai,in_event_UTC
2025-10-10 16:00:00+00:00,1.054828193811732,-0.0006385707251217454,-2.8910481739563574e-05,-0.0005847477787299177,-2.4912464652315852e-05,0.0,5.1723219891136596e-17,True,False
2025-10-10 16:05:00+00:00,1.0538217536880072,-0.001006440123724861,0.0,-0.001006440123724841,0.0,0.0,-1.9949319973733282e-17,True,False
2025-10-10 16:10:00+00:00,1.0533752227594158,-0.000446530928591482,3.378694112543392e-05,-0.0004803178697169203,0.0,0.0,4.336808689942018e-18,True,False
2025-10-10 16:15:00+00:00,1.0524653250758378,-0.0009098976835779649,5.849810478215987e-05,-0.0009683957883601414,0.0,0.0,1.6696713456276768e-17,True,False
2025-10-10 16:20:00+00:00,1.0520815691084784,-0.00038375596735940043,8.025889777794253e-05,-0.00046401486513734133,0.0,0.0,-1.6263032587282567e-18,True,False
2025-10-10 16:25:00+00:00,1.051197669525396,-0.000883899583082437,8.44582158607933e-05,-0.0009683577989431939,0.0,0.0,-3.63207727782644e-17,True,False
2025-10-10 16:30:00+00:00,1.0495359659229555,-0.0016617036024404452,8.201998616785812e-05,-0.0017437235886083513,0.0,0.0,4.7921736023859296e-17,True,False
2025-10-10 16:35:00+00:00,1.0499684093078319,0.0004324433848763576,-0.00016715534333167098,0.0005995987282081538,0.0,0.0,-1.2522535092207576e-16,True,False
2025-10-10 16:40:00+00:00,1.0509991563649783,0.0010307470571464528,-5.849810478219629e-05,0.0010892451619285365,0.0,0.0,1.1254018550399536e-16,True,False
2025-10-10 16:45:00+00:00,1.0511841984841643,0.00018504211918601854,-0.00011404583890337644,0.00029908795808950613,0.0,0.0,-1.111307226797642e-16,True,False
2025-10-10 16:50:00+00:00,1.0518590000860155,0.0006748016018511827,8.201998616785812e-05,0.000592781615683323,0.0,0.0,1.5178830414797062e-18,True,False
2025-10-10 16:55:00+00:00,1.052272749819879,0.0004137497338634333,-0.00011404583890337644,0.0005277955727667489,0.0,0.0,6.08237418764368e-17,True,False
2025-10-10 17:00:00+00:00,1.05126194095156,-0.0010108088683189465,-0.00011160760921044127,-0.0008992012591086342,0.0,0.0,1.2902005852577503e-16,True,False
2025-10-10 17:05:00+00:00,1.050138649852415,-0.0011232910991449963,3.13487114324709e-05,-0.001154639810577269,0.0,0.0,-1.981921571303502e-16,True,False
2025-10-10 17:10:00+00:00,1.0512165866231622,0.0010779367707471899,2.438229692935174e-06,0.0010754985410540816,0.0,0.0,1.730386667286865e-16,True,False
2025-10-10 17:15:00+00:00,1.0513044619422518,8.787531908960311e-05,-5.3109504428358806e-05,0.00014098482351792814,0.0,0.0,3.3772897672923463e-17,True,False
2025-10-10 17:20:00+00:00,1.0513768637306435,7.24017883917405e-05,5.243236312522542e-05,1.9969425266557563e-05,0.0,0.0,-4.2487172634275705e-17,True,False
2025-10-10 17:25:00+00:00,1.0500172381661779,-0.0013596255644656718,-7.958175647492295e-05,-0.0012800438079906469,0.0,0.0,-1.0213184464813452e-16,True,False
2025-10-10 17:30:00+00:00,1.0504824001927704,0.0004651620265925249,5.067127473542364e-05,0.00041449075185702835,0.0,0.0,7.296680620827445e-17,True,False
2025-10-10 17:35:00+00:00,1.0493995694643323,-0.0010828307284380667,5.310950442832239e-05,-0.0011359402328662877,0.0,0.0,-1.0148132334464322e-16,True,False
2025-10-10 17:40:00+00:00,1.0480532820458293,-0.001346287418503067,3.134871143249875e-05,-0.0013776361299357343,0.0,0.0,1.684850176042474e-16,True,False
2025-10-10 17:45:00+00:00,1.04809465916265,4.137711682083989e-05,3.6225170818424536e-05,5.151946002512767e-06,0.0,0.0,-9.741556519782257e-17,True,False
2025-10-10 17:50:00+00:00,1.0486480659565938,0.0005534067939436671,-8.44582158607933e-05,0.0006378650098044706,0.0,0.0,-1.0299920638612292e-17,True,False
2025-10-10 17:55:00+00:00,1.0485031304747783,-0.0001449354818154891,-5.067127473542364e-05,-9.426420708014908e-05,0.0,0.0,8.361909255294453e-17,True,False
2025-10-10 18:00:00+00:00,1.0481026558364663,-0.00040047463831194285,-5.067127473538722e-05,-0.0003498033635764544,0.0,0.0,-1.0121027280152184e-16,True,False
2025-10-10 18:05:00+00:00,1.0481905817150534,8.792587858708067e-05,0.0001913726399260067,-0.00010344676133889881,0.0,0.0,-2.721347452938616e-17,True,False
2025-10-10 18:10:00+00:00,1.0480714556007324,-0.00011912611432096654,-0.00014051809095000484,2.1391976628922426e-05,0.0,0.0,1.1587410718438829e-16,True,False
2025-10-10 18:15:00+00:00,1.0482746225613024,0.00020316696056998929,-2.9587623042583142e-05,0.00023275458361265197,0.0,0.0,-7.952622935181175e-17,True,False
2025-10-10 18:20:00+00:00,1.047361101530304,-0.0009135210309985098,2.8910481739563574e-05,-0.0009424315127381673,0.0,0.0,9.400032835449323e-17,True,False
2025-10-10 18:25:00+00:00,1.0477378215367552,0.000376720006451281,-2.438229692935174e-06,0.0003791582361443817,0.0,0.0,-1.6550346162991225e-16,True,False
2025-10-10 18:30:00+00:00,1.0474942001156076,-0.00024362142114764396,-6.0936334475054045e-05,-0.00018268508667257345,0.0,0.0,-1.6479873021779667e-17,True,False
2025-10-10 18:35:00+00:00,1.047169174384496,-0.0003250257311115945,-5.605987508921154e-05,-0.00026896585602253923,0.0,0.0,1.5628774316378546e-16,True,False
2025-10-10 18:40:00+00:00,1.0480273022818378,0.0008581278973418538,3.134871143249875e-05,0.0008267791859093256,0.0,0.0,2.938187887435717e-17,True,False
2025-10-10 18:45:00+00:00,1.0482274377418157,0.0002001354599778793,-3.13487114324709e-05,0.00023148417141034448,0.0,0.0,5.719166459861036e-18,True,False
2025-10-10 18:50:00+00:00,1.0485025209196575,0.0002750831778417506,-3.134871143249875e-05,0.0003064318892742849,0.0,0.0,-3.550762114890027e-17,True,False
2025-10-10 18:55:00+00:00,1.04763935465676,-0.0008631662628975079,8.26971274708777e-05,-0.0009458633903682632,0.0,0.0,-1.222980050563649e-16,True,False
2025-10-10 19:00:00+00:00,1.0470556636906223,-0.0005836909661376399,0.0,-0.0005836909661376798,0.0,0.0,3.9898639947466563e-17,True,False
2025-10-10 19:05:00+00:00,1.0452623790835465,-0.0017932846070758401,2.9587623042596288e-05,-0.0018228722301183726,0.0,0.0,-6.375108774214766e-17,True,False
2025-10-10 19:10:00+00:00,1.044851640325053,-0.0004107387584935118,7.017711227884077e-05,-0.00048091587077253074,0.0,0.0,1.7813441693936838e-16,True,False
2025-10-10 19:15:00+00:00,1.0425118920268117,-0.00233974829824124,-0.00014295632064291217,-0.002196791977598422,0.0,0.0,9.410874857174178e-17,True,False
2025-10-10 19:20:00+00:00,1.0425997150324853,8.78230056735596e-05,0.00011336869760036544,-2.5545691926685842e-05,0.0,0.0,-1.199940754398332e-16,True,False
2025-10-10 19:25:00+00:00,1.0414930446853752,-0.0011066703471100947,0.0,-0.0011066703471100717,0.0,0.0,-2.2985086056692694e-17,True,False
2025-10-10 19:30:00+00:00,1.0403259479772649,-0.0011670967081103267,0.0001814364469136235,-0.0013485331550240256,0.0,0.0,7.546047120499111e-17,True,False
2025-10-10 19:35:00+00:00,1.0399500709387313,-0.00037587703853358967,-1.219114846467587e-05,-0.0003636858900687883,0.0,0.0,-1.2549640146519714e-16,True,False
2025-10-10 19:40:00+00:00,1.0398918807075166,-5.819023121467204e-05,0.00010673114982457091,-0.00016492138103923418,0.0,0.0,-8.782037597132586e-18,True,False
2025-10-10 19:45:00+00:00,1.0399531445638224,6.126385630578213e-05,-0.00011127874248317206,0.00017254259878905678,0.0,0.0,-1.0259263057144086e-16,True,False
2025-10-10 19:50:00+00:00,1.0409453701034528,0.0009922255396304092,-5.798596381425675e-05,0.0010502115034444572,0.0,0.0,2.0860049798621105e-16,True,False
2025-10-10 19:55:00+00:00,1.0373993431222266,-0.0035460269812261913,-3.899226723863748e-05,-0.0035070347139875995,0.0,0.0,4.5536491244391186e-17,True,False
2025-10-10 20:00:00+00:00,1.0373091963737273,-9.014674849927573e-05,3.413521570114787e-05,-0.00012428196420026408,0.0,0.0,-1.5954034968124198e-16,True,False
2025-10-10 20:05:00+00:00,1.0392889769006766,0.0019797805269492486,0.0,0.0019797805269491766,0.0,0.0,7.19910242530375e-17,True,False
2025-10-10 20:10:00+00:00,1.0386491427749107,-0.000639834125765848,-6.093633447513146e-05,-0.0005788977912906469,0.0,0.0,-6.960577947356938e-17,True,False
2025-10-10 20:15:00+00:00,1.0385723471183321,-7.679565657858767e-05,0.00011336869760032903,-0.0001901643541791006,0.0,0.0,1.8388068845354155e-16,True,False
2025-10-10 20:20:00+00:00,1.0384594489595005,-0.00011289815883164245,2.8910481739563574e-05,-0.00014180864057111264,0.0,0.0,-9.337691210531407e-17,True,False
2025-10-10 20:25:00+00:00,1.0398677144420405,0.0014082654825400276,8.44582158607933e-05,0.0013238072666791586,0.0,0.0,7.567731163948821e-17,True,False
2025-10-10 20:30:00+00:00,1.040820498998786,0.0009527845567454118,8.689644555372848e-05,0.0008658881111918134,0.0,0.0,-1.3010426069826053e-16,True,False
2025-10-10 20:35:00+00:00,1.0411424532289866,0.0003219542302006495,0.00014295632064294,0.00017899790955764022,0.0,0.0,6.928051882182373e-17,True,False
2025-10-10 20:40:00+00:00,1.0404164280508388,-0.0007260251781477933,0.0001091693795175061,-0.000835194557665342,0.0,0.0,4.2609145378680324e-17,True,False
2025-10-10 20:45:00+00:00,1.0423032122746092,0.0018867842237704213,-0.00011404583890337644,0.0020008300626739844,0.0,0.0,-1.8648277366750676e-16,True,False
2025-10-10 20:50:00+00:00,1.0381322757756137,-0.00417093649899547,-0.00019118936568536423,-0.0039797471333102,0.0,0.0,9.454242944073599e-17,True,False
2025-10-10 20:55:00+00:00,1.0341965860972797,-0.00393568967833402,2.1595792660730208e-05,-0.003957285470994682,0.0,0.0,-6.852157730108388e-17,True,False
2025-10-10 21:00:00+00:00,1.0364631061472793,0.0022665200499996097,-0.00034289259706972826,0.00260941264706915,0.0,0.0,1.8778381627448937e-16,True,False
2025-10-10 21:05:00+00:00,1.036506132652125,4.3026504845666835e-05,3.134871143249875e-05,1.1677793413210217e-05,0.0,0.0,-4.212803066463988e-17,True,False
2025-10-10 21:10:00+00:00,1.0303484417292217,-0.006157690922903303,-0.00016227888394585019,-0.005995412038957463,0.0,0.0,1.0408340855860843e-17,True,False
2025-10-10 21:15:00+00:00,1.0158901609533633,-0.014458280775858423,-0.0001389790924974158,-0.01431930168336086,0.0,0.0,-1.474514954580286e-16,True,False
2025-10-10 21:20:00+00:00,0.9121193978615162,-0.10377076309184707,0.0024138473960080395,-0.10618461048785516,0.0,0.0,4.163336342344337e-17,True,False
2025-10-10 21:25:00+00:00,0.962893167137189,0.050773769275672787,0.0002793153508127654,0.050494453924859975,0.0,0.0,4.85722573273506e-17,True,False
2025-10-10 21:30:00+00:00,0.9460413869276318,-0.016851780209557132,0.0002074148318977974,-0.017059195041454846,0.0,0.0,-8.326672684688674e-17,True,False
2025-10-10 21:35:00+00:00,0.9575853034327687,0.011543916505136864,-0.0004388819600548432,0.011982798465191699,0.0,0.0,8.673617379884035e-18,True,False
2025-10-10 21:40:00+00:00,0.955775707227523,-0.0018095962052456782,-0.00035942865610396767,-0.0014501675491417638,0.0,0.0,5.334274688628682e-17,True,False
2025-10-10 21:45:00+00:00,0.9918711969535765,0.036095489726053476,-0.0002751719883892582,0.03637066171444278,0.0,0.0,-4.85722573273506e-17,True,False
2025-10-10 21:50:00+00:00,0.9848186677698123,-0.0070525291837642,-0.0003794660424637559,-0.006673063141300469,0.0,0.0,2.42861286636753e-17,True,False
2025-10-10 21:55:00+00:00,0.9880605893689077,0.003241921599095421,-0.00029922428464849765,0.0035411458837439997,0.0,0.0,-8.109832250191573e-17,True,False
2025-10-10 22:00:00+00:00,0.9855741543743487,-0.002486434994559028,0.0001741217578348428,-0.002660556752393961,0.0,0.0,9.020562075079397e-17,True,False
2025-10-10 22:05:00+00:00,0.9848697233842717,-0.0007044309900769985,-0.00032826321891208965,-0.0003761677711649194,0.0,0.0,1.0570971181733668e-17,True,False
2025-10-10 22:10:00+00:00,0.9868009029156215,0.0019311795313498026,0.00022497630681079812,0.0017062032245390001,0.0,0.0,4.336808689942018e-18,True,False
2025-10-10 22:15:00+00:00,0.9859587053127915,-0.0008421976028299971,-4.026062250896362e-05,-0.000801936980320947,0.0,0.0,-8.651933336434325e-17,True,False
2025-10-10 22:20:00+00:00,0.9819918587843094,-0.003966846528482115,-7.521743805700657e-05,-0.003891629090425115,0.0,0.0,6.5052130349130266e-18,True,False
2025-10-10 22:25:00+00:00,0.9830615471438582,0.0010696883595487927,5.763768923850639e-05,0.0010120506703103192,0.0,0.0,-3.2959746043559335e-17,True,False
2025-10-10 22:30:00+00:00,0.9831084506798773,4.690353601910502e-05,3.604189657772074e-05,1.0861639441260389e-05,0.0,0.0,1.2389042699720298e-16,True,False
2025-10-10 22:35:00+00:00,0.9843212024988846,0.0012127518190072628,0.00011160760921044127,0.0011011442097968683,0.0,0.0,-4.683753385137379e-17,True,False
2025-10-10 22:40:00+00:00,0.9851856004549969,0.0008643979561123727,-5.81692380548411e-05,0.0009225671941671862,0.0,0.0,2.7538735181131813e-17,True,False
2025-10-10 22:45:00+00:00,0.9862858988762626,0.0011002984212656886,0.0,0.0011002984212657688,0.0,0.0,-8.023096076392733e-17,True,False
2025-10-10 22:50:00+00:00,0.9902890376357694,0.0040031387595067525,0.0001062372827621997,0.0038969014767445617,0.0,0.0,-9.107298248878237e-18,True,False
2025-10-10 22:55:00+00:00,0.9950135164944853,0.004724478858715964,-8.025889777794253e-05,0.004804737756493869,0.0,0.0,3.729655473350135e-17,True,False
2025-10-10 23:00:00+00:00,0.9975807539807027,0.002567237486217344,3.13487114324709e-05,0.002535888774784867,0.0,0.0,6.5052130349130266e-18,True,False
2025-10-10 23:05:00+00:00,1.0013547734495623,0.0037740194688595796,-3.622517081836909e-05,0.003810244639678046,0.0,0.0,-9.75781955236954e-17,True,False
2025-10-10 23:10:00+00:00,0.9957554362317549,-0.005599337217807365,0.00010882110494179215,-0.005708158322749217,0.0,0.0,5.898059818321144e-17,True,False
2025-10-10 23:15:00+00:00,1.0015495745652898,0.005794138333534926,8.44582158607933e-05,0.005709680117674178,0.0,0.0,-4.5102810375396984e-17,True,False
2025-10-10 23:20:00+00:00,1.0032750410574724,0.0017254664921826368,-0.00025423506312607566,0.0019797015553085816,0.0,0.0,1.3097162243624894e-16,True,False
2025-10-10 23:25:00+00:00,1.002865227580484,-0.00040981347698854087,-0.00019850405476420615,-0.0002113094222243182,0.0,0.0,-1.6534083130403943e-17,True,False
2025-10-10 23:30:00+00:00,1.007492477519925,0.00462724993944108,0.00013320340187119624,0.004494046537569848,0.0,0.0,3.642919299551295e-17,True,False
2025-10-10 23:35:00+00:00,1.0073929609423407,-9.951657758433541e-05,0.0,-9.95165775843807e-05,0.0,0.0,4.529254575558195e-17,True,False
2025-10-10 23:40:00+00:00,1.0076083077957636,0.00021534685342294857,9.664936432552461e-05,0.0001186974890975581,0.0,0.0,-1.3414291379076904e-16,True,False
2025-10-10 23:45:00+00:00,1.0063807914732306,-0.0012275163225330399,7.017711227884077e-05,-0.0012976934348118904,0.0,0.0,9.75781955236954e-18,True,False
2025-10-10 23:50:00+00:00,1.0086369329797455,0.002256141506514986,5.8498104782171487e-05,0.002197643401732858,0.0,0.0,-4.336808689942018e-17,True,False
2025-10-10 23:55:00+00:00,1.0061217621648797,-0.0025151708148658525,8.445821586082971e-05,-0.0025996290307267037,0.0,0.0,2.168404344971009e-17,True,False
2025-10-11 00:00:00+00:00,1.007957155895727,0.00183539373084729,4.788477046674667e-05,0.0018039797078666583,-1.647074748602973e-05,0.0,-8.514036372621325e-17,True,True
2025-10-11 00:05:00+00:00,1.0086717865609727,0.0007146306652456857,0.00018143644691365993,0.0005331942183318867,0.0,0.0,1.3910313872989022e-16,True,True
2025-10-11 00:10:00+00:00,1.0100597359584431,0.0013879493974704449,0.0,0.00138794939747049,0.0,0.0,-4.5102810375396984e-17,True,True
2025-10-11 00:15:00+00:00,1.0110860369316623,0.0010263009732192074,3.378694112543392e-05,0.0009925140320937841,0.0,0.0,-1.0625181290357943e-17,True,True
2025-10-11 00:20:00+00:00,1.007976795202396,-0.00310924172926641,0.00019606582507127098,-0.0033053075543375988,0.0,0.0,-8.196568423990414e-17,True,True
2025-10-11 00:25:00+00:00,1.0080802156250925,0.00010342042269662066,0.00015496419486702297,-5.154377217046974e-05,0.0,0.0,6.743737512859838e-17,True,True
2025-10-11 00:30:00+00:00,1.0074286282420133,-0.000651587383079244,0.00010396405340427469,-0.0007555514364835313,0.0,0.0,1.2576745200831851e-17,True,True
2025-10-11 00:35:00+00:00,1.0077491514517423,0.0003205232097289734,-0.00018440622542291818,0.0005049294351518452,0.0,0.0,4.640385298237959e-17,True,True
2025-10-11 00:40:00+00:00,1.0035721492939471,-0.004177002157795151,5.3109504428294554e-05,-0.004230111662223259,0.0,0.0,-1.8648277366750676e-16,True,True
2025-10-11 00:45:00+00:00,1.00346884888781,-0.00010330040613704128,4.876459385870348e-06,-0.00010817686552317676,0.0,0.0,2.6512808875417404e-16,True,True
2025-10-11 00:50:00+00:00,1.003068929126608,-0.0003999197612021277,0.00012346989094781153,-0.0005233896521497665,0.0,0.0,-1.728218262941894e-16,True,True
2025-10-11 00:55:00+00:00,1.003774787024266,0.0007058578976579799,-0.00021245629161873337,0.0009183141892768045,0.0,0.0,-9.118140270603092e-17,True,True
2025-10-11 01:00:00+00:00,1.0045641987047678,0.0007894116805018392,-5.118341570331334e-05,0.0008405950962049691,0.0,0.0,1.8344700758454735e-16,True,True
2025-10-11 01:05:00+00:00,1.0030005211840245,-0.0015636775207432674,7.958175647492295e-05,-0.0016432592772180922,0.0,0.0,-9.80118763926896e-17,True,True
2025-10-11 01:10:00+00:00,1.000809746087175,-0.0021907750968495066,2.7149393349672747e-05,-0.0022179244901991213,0.0,0.0,-5.811323644522304e-17,True,True
2025-10-11 01:15:00+00:00,1.0019077419504434,0.0010979958632684195,-2.4382296929407177e-05,0.001122378160197841,0.0,0.0,-1.431146867680866e-17,True,True
2025-10-11 01:20:00+00:00,1.0005186673500208,-0.0013890746004225907,-0.00013564163156410381,-0.0012534329688585024,0.0,0.0,1.5612511283791264e-17,True,True
2025-10-11 01:25:00+00:00,1.002055077297624,0.001536409947603179,-2.9587623042607916e-05,0.0015659975706456613,0.0,0.0,1.2555061157382141e-16,True,True
2025-10-11 01:30:00+00:00,1.000171156172282,-0.0018839211253420807,2.9587623042583142e-05,-0.0019135087483845674,0.0,0.0,-9.64939933512099e-17,True,True
2025-10-11 01:35:00+00:00,1.0000202734068018,-0.00015088276548014257,3.134871143249875e-05,-0.0001822314769127411,0.0,0.0,9.980080997729068e-17,True,True
2025-10-11 01:40:00+00:00,1.001171128449261,0.0011508550424592645,-9.421113463258943e-05,0.0012450661770919786,0.0,0.0,-1.24683249835833e-16,True,True
2025-10-11 01:45:00+00:00,1.001464927021098,0.00029379857183697844,-0.00011160760921046604,0.00040540618104734603,0.0,0.0,9.84455572616838e-17,True,True
2025-10-11 01:50:00+00:00,0.9998877321949822,-0.0015771948261158464,9.488827593557835e-05,-0.0016720831020514426,0.0,0.0,1.7780915628762273e-17,True,True
2025-10-11 01:55:00+00:00,1.0007371232267939,0.0008493910318116971,3.378694112543392e-05,0.0008156040906863132,0.0,0.0,-5.0090140368830305e-17,True,True
2025-10-11 02:00:00+00:00,1.001335286006313,0.0005981627795190736,-9.976473532144868e-05,0.000697927514840495,0.0,0.0,2.7321894746634712e-17,True,True
2025-10-11 02:05:00+00:00,1.001948894435889,0.0006136084295760291,4.1993180828229305e-06,0.0006094091114933076,0.0,0.0,-1.0148132334464322e-16,True,True
2025-10-11 02:10:00+00:00,1.001724306824914,-0.00022458761097499114,-0.00015740242455995813,-6.718518641509559e-05,0.0,0.0,6.258557040672574e-17,True,True
2025-10-11 02:15:00+00:00,1.0025914097509911,0.0008671029260771679,0.00011580692729326421,0.000751295998783923,0.0,0.0,-1.929879867024198e-17,True,True
2025-10-11 02:20:00+00:00,1.0007518253993104,-0.0018395843516807453,0.00014539455033587518,-0.0019849789020165436,0.0,0.0,-7.676151381197371e-17,True,True
2025-10-11 02:25:00+00:00,1.0026977505561034,0.001945925156793038,0.00011093046790739386,0.0018349946888856369,0.0,0.0,7.37257477290143e-18,True,True
2025-10-11 02:30:00+00:00,1.0026984004652364,6.499091329548179e-07,7.958175647495937e-05,-7.893184734212254e-05,0.0,0.0,1.1798830142073502e-16,True,True
2025-10-11 02:35:00+00:00,1.0029704845754668,0.00027208411023038614,0.00019118936568536423,8.089474454494152e-05,0.0,0.0,8.039359108980015e-17,True,True
2025-10-11 02:40:00+00:00,1.003886007432643,0.0009155228571762208,-5.3109504428294554e-05,0.000968632361604512,0.0,0.0,3.3610267347050637e-18,True,True
2025-10-11 02:45:00+00:00,1.0023147285948368,-0.001571278837806167,4.823304504239661e-05,-0.0016195118828483829,0.0,0.0,-1.8084492237058214e-16,True,True
2025-10-11 02:50:00+00:00,1.0033628116858098,0.0010480830909729288,-0.00015514746910764066,0.0012032305600805254,0.0,0.0,4.423544863740858e-17,True,True
2025-10-11 02:55:00+00:00,1.0020603378811201,-0.001302473804689619,1.4097829341331772e-05,-0.0013165716340309227,0.0,0.0,-2.7972416050126014e-17,True,True
2025-10-11 03:00:00+00:00,1.0021460660375627,8.572815644258824e-05,-7.3146890788055216e-06,9.304284552144951e-05,0.0,0.0,-5.5741544192911e-17,True,True
2025-10-11 03:05:00+00:00,1.0013326573974521,-0.0008134086401105911,-1.7067607850546218e-05,-0.0007963410322600738,0.0,0.0,2.894819800536297e-17,True,True
2025-10-11 03:10:00+00:00,1.0011058771859689,-0.00022678021148325733,-3.13487114324709e-05,-0.000195431500050968,0.0,0.0,1.8157675883700986e-16,True,True
2025-10-11 03:15:00+00:00,1.0000476890281995,-0.0010581881577693686,0.00012345048309945862,-0.0011816386408687709,0.0,0.0,-5.637851296924623e-17,True,True
2025-10-11 03:20:00+00:00,1.0011770580844224,0.0011293690562228509,0.00011613579402059766,0.0010132332622023467,0.0,0.0,-9.345822726825048e-17,True,True
2025-10-11 03:25:00+00:00,1.0007125160422827,-0.00046454204213963735,-4.1101630204239446e-05,-0.0004234404119355136,0.0,0.0,1.157385819128276e-16,True,True
2025-10-11 03:30:00+00:00,0.9977521690530519,-0.0029603469892308665,7.958175647495937e-05,-0.0030399287457057527,0.0,0.0,-7.32920668600201e-17,True,True
2025-10-11 03:35:00+00:00,0.9992043799706205,0.0014522109175686415,0.00012346989094775608,0.0013287410266209216,0.0,0.0,-3.621235256101585e-17,True,True
2025-10-11 03:40:00+00:00,1.0015515596832325,0.002347179712612002,-1.950583754353683e-05,0.0023666855501554914,0.0,0.0,4.7271214720367993e-17,True,True
2025-10-11 03:45:00+00:00,1.001568439788734,1.6880105501604348e-05,5.8498104782171487e-05,-4.161799928050457e-05,0.0,0.0,-6.257201787956967e-17,True,True
2025-10-11 03:50:00+00:00,1.0018526875545921,0.0002842477658580034,-1.0081785499065342e-05,0.0002943295513570532,0.0,0.0,1.5504091066542713e-17,True,True
2025-10-11 03:55:00+00:00,1.0025887349497975,0.0007360473952053859,6.060746774777627e-05,0.000675439927457508,0.0,0.0,1.0158974356189177e-16,True,True
2025-10-11 04:00:00+00:00,1.0011646001496557,-0.0014241348001418075,-0.00013807986125706967,-0.0012860549388846515,0.0,0.0,-8.630249292984615e-17,True,True
2025-10-11 04:05:00+00:00,1.000720661857803,-0.00044393829185263023,-4.057008138790473e-05,-0.00040336821046486817,0.0,0.0,1.4268100589909238e-16,True,True
2025-10-11 04:10:00+00:00,1.000155616832282,-0.000565045025521016,4.353985989723006e-05,-0.0006085848854182444,0.0,0.0,-1.6263032587282567e-18,True,True
2025-10-11 04:15:00+00:00,0.9986732265590866,-0.0014823902731954108,-7.714352678202419e-05,-0.0014052467464132651,0.0,0.0,-1.214306433183765e-16,True,True
2025-10-11 04:20:00+00:00,0.9996999836743012,0.0010267571152146049,-4.5281848102118335e-06,0.0010312853000248646,0.0,0.0,-4.7921736023859296e-17,True,True
2025-10-11 04:25:00+00:00,1.0002553739376665,0.000555390263365263,-6.530065289299827e-05,0.0006206909162582636,0.0,0.0,-2.3852447794681098e-18,True,True
2025-10-11 04:30:00+00:00,1.0017932636994011,0.0015378897617346343,5.607928293756444e-05,0.0014818104787970477,0.0,0.0,2.211772431870429e-17,True,True
2025-10-11 04:35:00+00:00,1.0006998644804013,-0.0010933992189998687,1.915756296782288e-05,-0.001112556781967812,0.0,0.0,1.20346441145891e-16,True,True
2025-10-11 04:40:00+00:00,0.999998849120546,-0.0007010153598552282,0.0001042929201315803,-0.0008053082799866786,0.0,0.0,-1.2988742026376343e-16,True,True
2025-10-11 04:45:00+00:00,1.0004505918039968,0.00045174268345071766,6.757388225084e-05,0.00038416880119978214,0.0,0.0,9.551821139597294e-17,True,True
2025-10-11 04:50:00+00:00,0.9998343270590595,-0.000616264744937256,0.0,-0.0006162647449372565,0.0,0.0,4.336808689942018e-19,True,True
2025-10-11 04:55:00+00:00,1.0007004995515678,0.0008661724925083103,0.000236984181034859,0.0006291883114733793,0.0,0.0,7.19910242530375e-17,True,True
2025-10-11 05:00:00+00:00,1.0038326337008856,0.003132134149317789,-0.00022253807711787154,0.00335467222643579,0.0,0.0,-1.2967057982926633e-16,True,True
2025-10-11 05:05:00+00:00,1.0030459661597386,-0.0007866675411469792,4.386872662449619e-05,-0.0008305362677714795,0.0,0.0,4.0115480381963664e-18,True,True
2025-10-11 05:10:00+00:00,1.0012255471280995,-0.0018204190316390978,-0.00011824515698622722,-0.0017021738746528644,0.0,0.0,-6.071532165918825e-18,True,True
2025-10-11 05:15:00+00:00,1.001865251068641,0.0006397039405414695,-2.8910481739563574e-05,0.0006686144222810692,0.0,0.0,-3.61039323437673e-17,True,True
2025-10-11 05:20:00+00:00,1.0041147844638711,0.002249533395230152,-9.6978231052855e-05,0.0023465116262830154,0.0,0.0,-8.239936510889834e-18,True,True
2025-10-11 05:25:00+00:00,1.0051799055456776,0.0010651210818064527,0.00011336869760035688,0.0009517523842060395,0.0,0.0,5.627009275199768e-17,True,True
2025-10-11 05:30:00+00:00,1.0041893399873614,-0.0009905655583162254,-0.00010916937951753087,-0.000881396178798611,0.0,0.0,-8.348356728138384e-17,True,True
2025-10-11 05:35:00+00:00,1.0056064210713065,0.0014170810839451153,-2.9587623042607916e-05,0.00144666870698756,0.0,0.0,1.6328084717631697e-16,True,True
2025-10-11 05:40:00+00:00,1.0057579455476529,0.00015152447634636523,3.134871143249875e-05,0.00012017576491390177,0.0,0.0,-3.52772281872471e-17,True,True
2025-10-11 05:45:00+00:00,1.0060888548801237,0.000330909332470819,2.8910481739563574e-05,0.00030199885073125773,0.0,0.0,-2.3310346708438345e-18,True,True
2025-10-11 05:50:00+00:00,1.0057302481315296,-0.0003586067485941147,-0.00019362759537836058,-0.0001649791532156085,0.0,0.0,-1.4560835176480325e-16,True,True
2025-10-11 05:55:00+00:00,1.0060530447437834,0.0003227966122538728,-7.259593412342304e-05,0.0003953925463771441,0.0,0.0,1.5173409403934635e-16,True,True
2025-10-11 06:00:00+00:00,1.0073288443604764,0.0012757996166929964,9.001181654973583e-05,0.0011857878001433812,0.0,0.0,-1.207801220148852e-16,True,True
2025-10-11 06:05:00+00:00,1.0075269970464995,0.00019815268602307867,-0.0002060020180836236,0.00040415470410662716,0.0,0.0,7.513521055324546e-17,True,True
2025-10-11 06:10:00+00:00,1.006931378787991,-0.0005956182585085124,-5.067127473535938e-05,-0.0005449469837730371,0.0,0.0,-1.1579279202145187e-16,True,True
2025-10-11 06:15:00+00:00,1.008333739723008,0.0014023609350171107,-2.438229692935174e-06,0.0014047991647100726,0.0,0.0,-2.667137344314341e-17,True,True
2025-10-11 06:20:00+00:00,1.0072852010325917,-0.001048538690416434,1.1862281737326464e-05,-0.0010604009721539873,0.0,0.0,2.2681509448396753e-16,True,True
2025-10-11 06:25:00+00:00,1.007257042229383,-2.8158803208722105e-05,0.0,-2.8158803208550476e-05,0.0,0.0,-1.7162920390445535e-16,True,True
2025-10-11 06:30:00+00:00,1.0072337450134834,-2.329721589955369e-05,-2.9587623042583142e-05,6.290407142881416e-06,0.0,0.0,1.4803425412573956e-16,True,True
2025-10-11 06:35:00+00:00,1.007158628307591,-7.511670589233077e-05,3.134871143249875e-05,-0.00010646541732479114,0.0,0.0,-3.836720437883079e-17,True,True
2025-10-11 06:40:00+00:00,1.0083638061135138,0.0012051778059227747,9.210177166695988e-05,0.0011130760342558635,0.0,0.0,-4.87890977618477e-17,True,True
2025-10-11 06:45:00+00:00,1.0077479138447218,-0.0006158922687919954,-3.4135215701092436e-05,-0.000581757053090816,0.0,0.0,-8.695301423333746e-17,True,True
2025-10-11 06:50:00+00:00,1.0070188582492454,-0.0007290555954764244,3.13487114324709e-05,-0.0007604043069089799,0.0,0.0,8.456776945386935e-17,True,True
2025-10-11 06:55:00+00:00,1.0074990998619269,0.0004802416126814535,0.0001109304679074217,0.0003693111447739124,0.0,0.0,1.1937065919065404e-16,True,True
2025-10-11 07:00:00+00:00,1.0087799083911158,0.0012808085291888816,0.0001091693795175061,0.0011716391496714531,0.0,0.0,-7.762887554996212e-17,True,True
2025-10-11 07:05:00+00:00,1.0089205863313033,0.0001406779401875724,2.1760792995823658e-05,0.00011891714719178856,0.0,0.0,-3.981732478453015e-17,True,True
2025-10-11 07:10:00+00:00,1.0091973107486163,0.00027672441731296793,-9.752918771740695e-06,0.00028647733608472975,0.0,0.0,-2.1141942363467336e-17,True,True
2025-10-11 07:15:00+00:00,1.0107198171857767,0.0015225064371604535,2.9587623042546727e-05,0.0014929188141177612,0.0,0.0,1.454999315475547e-16,True,True
2025-10-11 07:20:00+00:00,1.0090698933902458,-0.001649923795530972,-8.201998616785812e-05,-0.001567903809363093,0.0,0.0,-2.0816681711721685e-17,True,True
2025-10-11 07:25:00+00:00,1.0084962381352016,-0.0005736552550441587,-2.438229692935174e-06,-0.0005712170253511924,0.0,0.0,-3.111660235033398e-17,True,True
2025-10-11 07:30:00+00:00,1.007411639565396,-0.0010845985698055838,-8.201998616789454e-05,-0.0010025785836376832,0.0,0.0,-6.071532165918825e-18,True,True
2025-10-11 07:35:00+00:00,1.005958286620901,-0.001453352944495112,-0.00014295632064296478,-0.0013103966238520457,0.0,0.0,-1.0169816377914032e-16,True,True
2025-10-11 07:40:00+00:00,1.004564604070885,-0.0013936825500158179,7.958175647492295e-05,-0.0014732643064907399,0.0,0.0,-8.673617379884035e-19,True,True
2025-10-11 07:45:00+00:00,1.0043348100468503,-0.00022979402403477955,0.00011160760921046604,-0.0003414016332452951,0.0,0.0,4.949382917396328e-17,True,True
2025-10-11 07:50:00+00:00,1.0052269550602437,0.0008921450133934083,-0.00010361577882865259,0.0009957607922219114,0.0,0.0,1.496198998029996e-16,True,True
2025-10-11 07:55:00+00:00,1.006071889510582,0.0008449344503382861,3.134871143249875e-05,0.0008135857389058173,0.0,0.0,-3.003240017784847e-17,True,True
2025-10-11 08:00:00+00:00,1.0053873724797802,-0.0006845170308018567,-1.739647457787085e-05,-0.0006535067317121195,-1.3613824511655756e-05,0.0,-2.1057069662152456e-16,True,True
2025-10-11 08:05:00+00:00,1.0049511642698268,-0.0004362082099533815,-0.0002005940098814712,-0.00023561420007201786,0.0,0.0,1.0755285551056204e-16,True,True
2025-10-11 08:10:00+00:00,1.0053631612112426,0.00041199694141580423,0.000116155201869006,0.00029584173954680924,0.0,0.0,-1.100465205072787e-17,True,True
2025-10-11 08:15:00+00:00,1.0058683768736891,0.0005052156624465454,0.00011336869760036544,0.0003918469648461647,0.0,0.0,1.5178830414797062e-17,True,True
2025-10-11 08:20:00+00:00,1.0048063546686696,-0.0010620222050194972,-0.0001518488238710768,-0.0009101733811483579,0.0,0.0,-6.245004513516506e-17,True,True
2025-10-11 08:25:00+00:00,1.0067709127565494,0.001964558087879764,-0.0001913726399259819,0.002155930727805625,0.0,0.0,1.209969624493823e-16,True,True
2025-10-11 08:30:00+00:00,1.0066536986685874,-0.00011721408796194766,-8.445821586082971e-05,-3.275587210115345e-05,0.0,0.0,3.550762114890027e-17,True,True
2025-10-11 08:35:00+00:00,1.006301564467434,-0.0003521342011534312,0.0001497394609054356,-0.0005018736620587122,0.0,0.0,-1.5460722979643293e-16,True,True
2025-10-11 08:40:00+00:00,1.0057951075878948,-0.0005064568795392077,0.00010916937951753087,-0.0006156262590567124,0.0,0.0,-2.6237692574149207e-17,True,True
2025-10-11 08:45:00+00:00,1.0034145332262066,-0.002380574361688259,-2.9587623042583142e-05,-0.0023509867386455876,0.0,0.0,-8.847089727481716e-17,True,True
2025-10-11 08:50:00+00:00,1.0031201625912671,-0.0002943706349394226,-3.202585273550667e-05,-0.00026234478220398254,0.0,0.0,6.657001339060997e-17,True,True
2025-10-11 08:55:00+00:00,1.0022016582273834,-0.0009185043638837431,-6.841602388897778e-05,-0.0008500883399948553,0.0,0.0,8.998878031629687e-17,True,True
2025-10-11 09:00:00+00:00,1.0009995040682695,-0.001202154159113844,-0.00013320340187117146,-0.0010689507572425657,0.0,0.0,-1.0690233420707074e-16,True,True
2025-10-11 09:05:00+00:00,1.0007112642823297,-0.0002882397859398367,5.3109504428294554e-05,-0.0003413492903681113,0.0,0.0,-1.9949319973733282e-17,True,True
2025-10-11 09:10:00+00:00,0.9997789369097158,-0.0009323273726139503,3.378694112543392e-05,-0.0009661143137394287,0.0,0.0,4.445228907190568e-17,True,True
2025-10-11 09:15:00+00:00,0.9995115661210833,-0.00026737078863248165,8.201998616785812e-05,-0.00034939077480033477,0.0,0.0,-4.9873299934333204e-18,True,True
2025-10-11 09:20:00+00:00,0.9993069509162622,-0.0002046152048210681,3.899226723857039e-05,-0.00024360747205974163,0.0,0.0,1.0313473165768361e-16,True,True
2025-10-11 09:25:00+00:00,1.000029434606491,0.00072248369022887,8.201998616785812e-05,0.0006404637040611091,0.0,0.0,-9.71445146547012e-17,True,True
2025-10-11 09:30:00+00:00,1.0008246531799476,0.0007952185734565465,-5.3109504428294554e-05,0.0008483280778847813,0.0,0.0,5.97395397039513e-17,True,True
2025-10-11 09:35:00+00:00,1.0005119182627704,-0.00031273491717720425,-0.00015984065425289027,-0.00015289426292425948,0.0,0.0,-5.4508264221708735e-17,True,True
2025-10-11 09:40:00+00:00,1.0002629630795543,-0.0002489551832161041,-6.581279386095225e-05,-0.00018314238935524614,0.0,0.0,9.427137889761461e-17,True,True
2025-10-11 09:45:00+00:00,0.9994083610684837,-0.000854602011070571,-0.0001506192842974595,-0.0007039827267730572,0.0,0.0,-5.421010862427522e-17,True,True
2025-10-11 09:50:00+00:00,1.000041946178352,0.0006335851098683287,7.991062320228401e-05,0.0005536744866660722,0.0,0.0,-2.7538735181131813e-17,True,True
2025-10-11 09:55:00+00:00,1.0000211346114476,-2.0811566904477274e-05,0.00018143644691364828,-0.0002022480138182632,0.0,0.0,1.376394657970348e-16,True,True
2025-10-11 10:00:00+00:00,0.9990331514337051,-0.000987983177742513,-9.454000135989505e-05,-0.0008934431763825314,0.0,0.0,-8.66277535815918e-17,True,True
2025-10-11 10:05:00+00:00,0.9997176876804225,0.0006845362467173821,2.4382296929906126e-06,0.0006820980170244286,0.0,0.0,-3.71881345162528e-17,True,True
2025-10-11 10:10:00+00:00,0.9990273184425229,-0.0006903692378995574,0.0,-0.0006903692378995652,0.0,0.0,7.806255641895632e-18,True,True
2025-10-11 10:15:00+00:00,0.9984573650422858,-0.0005699534002371331,-8.44582158607933e-05,-0.0004854951843763926,0.0,0.0,5.274643569141979e-17,True,True
2025-10-11 10:20:00+00:00,0.9990204491639709,0.0005630841216851534,-0.00019362759537832415,0.0007567117170635279,0.0,0.0,-5.0306980803327406e-17,True,True
2025-10-11 10:25:00+00:00,0.9984772684196853,-0.0005431807442856096,0.00011336869760039328,-0.0006565494418860449,0.0,0.0,4.206704429243757e-17,True,True
2025-10-11 10:30:00+00:00,0.9973973560332998,-0.0010799123863854954,6.093633447507882e-05,-0.0011408487208605556,0.0,0.0,-1.8648277366750676e-17,True,True
2025-10-11 10:35:00+00:00,0.9971520879139205,-0.00024526811937930493,-2.438229692935174e-06,-0.00024282988968636225,0.0,0.0,-7.508100044462118e-18,True,True
2025-10-11 10:40:00+00:00,0.9965363091113313,-0.0006157788025892286,0.0,-0.0006157788025892428,0.0,0.0,1.4203048459560108e-17,True,True
2025-10-11 10:45:00+00:00,0.9963145055727817,-0.0002218035385496142,7.958175647495937e-05,-0.0003013852950245184,0.0,0.0,-5.5185890579512176e-17,True,True
2025-10-11 10:50:00+00:00,0.9973684802828543,0.0010539747100726249,-9.210177166690444e-05,0.001146076481739483,0.0,0.0,4.640385298237959e-17,True,True
2025-10-11 10:55:00+00:00,0.9973500484144345,-1.8431868419765962e-05,-8.201998616785812e-05,6.358811774806851e-05,0.0,0.0,2.3649159887340065e-17,True,True
2025-10-11 11:00:00+00:00,0.9977795273828528,0.00042947896841827315,0.00011336869760032903,0.00031611027081799876,0.0,0.0,-5.4643789493269423e-17,True,True
2025-10-11 11:05:00+00:00,0.9979262765234579,0.0001467491406050847,-0.00011336869760035688,0.0002601178382053965,0.0,0.0,4.5102810375396984e-17,True,True
2025-10-11 11:10:00+00:00,0.9979702636573952,4.398713393727327e-05,-3.2025852735543086e-05,7.601298667280106e-05,0.0,0.0,1.530080315920168e-17,True,True
2025-10-11 11:15:00+00:00,0.9968987376613265,-0.001071525996068634,-2.438229692935174e-06,-0.001069087766375707,0.0,0.0,8.239936510889834e-18,True,True
2025-10-11 11:20:00+00:00,0.9967403584708421,-0.00015837919048444782,-0.00011160760921044127,-4.6771581273962154e-05,0.0,0.0,-4.4398078963281407e-17,True,True
2025-10-11 11:25:00+00:00,0.9968746555573483,0.00013429708650625205,-8.269712747090247e-05,0.00021699421397716674,0.0,0.0,-1.2224379494774062e-17,True,True
2025-10-11 11:30:00+00:00,0.9968080899510136,-6.656560633477859e-05,0.00011160760921046604,-0.0001781732155452654,0.0,0.0,2.076247160309741e-17,True,True
2025-10-11 11:35:00+00:00,0.9977172225090208,0.0009091325580072862,-8.025889777797036e-05,0.000989391455785222,0.0,0.0,3.469446951953614e-17,True,True
2025-10-11 11:40:00+00:00,0.9978704233476122,0.000153200838591383,-0.00011336869760039328,0.0002665695361918538,0.0,0.0,-7.752045533271357e-17,True,True
2025-10-11 11:45:00+00:00,0.9985785162742575,0.0007080929266453095,-8.201998616785812e-05,0.0007901129128131219,0.0,0.0,4.575333167888829e-17,True,True
2025-10-11 11:50:00+00:00,0.9994843225504856,0.0009058062762280494,-0.00014295632064294,0.0010487625968709775,0.0,0.0,1.1926223897340549e-17,True,True
2025-10-11 11:55:00+00:00,0.9990884569192522,-0.00039586563123339413,-0.00011160760921044127,-0.00028425802202296956,0.0,0.0,1.6696713456276768e-17,True,True
2025-10-11 12:00:00+00:00,0.9998780622268687,0.0007896053076165144,0.0,0.0007896053076165972,0.0,0.0,-8.283304597789254e-17,True,True
2025-10-11 12:05:00+00:00,1.0001300991164817,0.0002520368896129499,5.849810478213507e-05,0.00019353878483078355,0.0,0.0,3.12792326762068e-17,True,True
2025-10-11 12:10:00+00:00,1.0005287552525697,0.00039865613608802697,-9.454000135991983e-05,0.0004931961374478594,0.0,0.0,8.738669510233166e-17,True,True
2025-10-11 12:15:00+00:00,0.9995482027089482,-0.0009805525436215046,-5.3109504428294554e-05,-0.0009274430391931687,0.0,0.0,-4.130810277169772e-17,True,True
2025-10-11 12:20:00+00:00,1.0000785489413435,0.0005303462323953401,8.44582158607933e-05,0.00044588801653449396,0.0,0.0,5.2800645800044066e-17,True,True
2025-10-11 12:25:00+00:00,1.000308915597777,0.0002303666564333895,-0.00014295632064293694,0.00037332297707650883,0.0,0.0,-1.8236280541206185e-16,True,True
2025-10-11 12:30:00+00:00,1.0004419122497252,0.000132996651948325,2.9587623042607916e-05,0.00010340902890559845,0.0,0.0,1.1862527019707025e-16,True,True
2025-10-11 12:35:00+00:00,1.000969028624257,0.0005271163745317331,0.00010673114982457091,0.00042038522470720776,0.0,0.0,-4.559070135301546e-17,True,True
2025-10-11 12:40:00+00:00,1.0013253396414794,0.00035631101722244374,-7.782066808503213e-05,0.0004341316853073296,0.0,0.0,1.4625887306829455e-16,True,True
2025-10-11 12:45:00+00:00,1.0013727415600804,4.7401918600975534e-05,-0.00010464119470737754,0.00015204311330835937,0.0,0.0,-6.288372600415926e-18,True,True
2025-10-11 12:50:00+00:00,1.0009279771326092,-0.0004447644274712115,-2.471116365671279e-05,-0.0004200532638144062,0.0,0.0,-9.248244531301353e-17,True,True
2025-10-11 12:55:00+00:00,1.001666968111387,0.0007389909787778315,8.201998616789454e-05,0.0006569709926099282,0.0,0.0,8.782037597132586e-18,True,True
2025-10-11 13:00:00+00:00,1.0020565741628948,0.00038960605150784033,-0.00010916937951753087,0.0004987754310254503,0.0,0.0,-7.903833837419327e-17,True,True
2025-10-11 13:05:00+00:00,1.002256314851984,0.00019974068908923392,3.848012627071135e-05,0.0001612605628184991,0.0,0.0,2.347297703431117e-17,True,True
2025-10-11 13:10:00+00:00,1.001426778096249,-0.0008295367557351607,-2.438229692935174e-06,-0.0008270985260421804,0.0,0.0,-4.5211230592645535e-17,True,True
2025-10-11 13:15:00+00:00,1.0027359487260616,0.0013091706298127281,6.025919317203447e-05,0.0012489114366405728,0.0,0.0,1.209969624493823e-16,True,True
2025-10-11 13:20:00+00:00,1.0021223834876793,-0.0006135652383822965,-5.849810478211606e-05,-0.0005550671336002406,0.0,0.0,6.01732205729455e-17,True,True
2025-10-11 13:25:00+00:00,1.0014930970030214,-0.0006292864846579871,-1.761088389862987e-06,-0.0006275253962681052,0.0,0.0,-1.8865117801247777e-17,True,True
2025-10-11 13:30:00+00:00,1.0014556581512604,-3.743885176099582e-05,-5.067127473535938e-05,1.3232422974478533e-05,0.0,0.0,-1.149728641285097e-16,True,True
2025-10-11 13:35:00+00:00,1.0011221836454265,-0.00033347450583387506,-4.874518601036653e-05,-0.00028472931982350996,0.0,0.0,1.4094628242311558e-18,True,True
2025-10-11 13:40:00+00:00,0.9998150304904352,-0.001307153154991303,5.067127473535938e-05,-0.0013578244297266801,0.0,0.0,1.7780915628762273e-17,True,True
2025-10-11 13:45:00+00:00,1.000038075654133,0.00022304516369775484,-3.134871143249875e-05,0.0002543938751302401,0.0,0.0,1.349831704744453e-17,True,True
2025-10-11 13:50:00+00:00,1.001765326414644,0.0017272507605110565,5.310950442832239e-05,0.0016741412560826706,0.0,0.0,6.353424730765056e-17,True,True
2025-10-11 13:55:00+00:00,1.0009286674123226,-0.0008366590023214382,3.116543719190583e-05,-0.0008678244395131601,0.0,0.0,-1.8388068845354155e-16,True,True
2025-10-11 14:00:00+00:00,1.0015927254780657,0.0006640580657431006,7.958175647495937e-05,0.0005844763092678967,0.0,0.0,2.4448758989548125e-16,True,True
2025-10-11 14:05:00+00:00,1.0015728348181354,-1.989065993024397e-05,-0.00017203180271756918,0.0001521411427873278,0.0,0.0,-2.6020852139652106e-18,True,True
2025-10-11 14:10:00+00:00,1.0009502851883805,-0.0006225496297549427,6.060746774772083e-05,-0.0006831570975024769,0.0,0.0,-1.8659119388475531e-16,True,True
2025-10-11 14:15:00+00:00,0.9999583498600552,-0.0009919353283253107,2.438229692935174e-06,-0.0009943735580182557,0.0,0.0,9.75781955236954e-18,True,True
2025-10-11 14:20:00+00:00,1.0003119544832417,0.00035360462318656527,2.8910481739563574e-05,0.0003246941414468917,0.0,0.0,1.0999231039865442e-16,True,True
2025-10-11 14:25:00+00:00,1.0010675085422702,0.0007555540590284959,7.782066808505997e-05,0.0006777333909435284,0.0,0.0,-9.248244531301353e-17,True,True
2025-10-11 14:30:00+00:00,1.0014759384465841,0.0004084299043138895,-0.00019118936568540064,0.0005996192699993439,0.0,0.0,-5.377642775528102e-17,True,True
2025-10-11 14:35:00+00:00,1.0031822905789118,0.0017063521323277264,5.362164539627637e-05,0.0016527304869315134,0.0,0.0,-6.331740687315346e-17,True,True
2025-10-11 14:40:00+00:00,1.0033989689982905,0.0002166784193786686,-0.00011160760921044127,0.0003282860285889151,0.0,0.0,1.9477692028702087e-16,True,True
2025-10-11 14:45:00+00:00,1.003250969257704,-0.00014799974058643528,8.445821586088515e-05,-0.000232457956447373,0.0,0.0,5.2583805365546965e-17,True,True
2025-10-11 14:50:00+00:00,1.0038995406239108,0.0006485713662067738,-3.134871143249875e-05,0.0006799200776394722,0.0,0.0,-1.9960161995458137e-16,True,True
2025-10-11 14:55:00+00:00,1.0038425729646554,-5.696765925544689e-05,-0.00019606582507123457,0.00013909816581571862,0.0,0.0,6.906367838732663e-17,True,True
2025-10-11 15:00:00+00:00,1.0030347602431513,-0.0008078127215040976,8.44582158607933e-05,-0.0008922709373648491,0.0,0.0,-4.174178364069192e-17,True,True
2025-10-11 15:05:00+00:00,1.0019953278499578,-0.0010394323931934846,9.752918771740695e-06,-0.0010491853119652746,0.0,0.0,4.92227786308419e-17,True,True
2025-10-11 15:10:00+00:00,0.9987085551972279,-0.003286772652729919,-0.000191189365685389,-0.00309558328704459,0.0,0.0,6.028164079019405e-17,True,True
2025-10-11 15:15:00+00:00,1.0006163376639723,0.00190778246674439,-8.478708258815435e-05,0.0019925695493325504,0.0,0.0,-6.071532165918825e-18,True,True
2025-10-11 15:20:00+00:00,1.000477296946101,-0.0001390407178711861,-8.201998616789454e-05,-5.7020731703147365e-05,0.0,0.0,-1.441988889405721e-16,True,True
2025-10-11 15:25:00+00:00,1.0012489862191887,0.0007716892730875724,-2.9587623042607916e-05,0.000801276896130106,0.0,0.0,7.43762690325056e-17,True,True
2025-10-11 15:30:00+00:00,1.0019021462616367,0.0006531600424479755,-0.0001598406542528655,0.0008130006967008761,0.0,0.0,-3.5019730171281793e-17,True,True
2025-10-11 15:35:00+00:00,1.0013022332311152,-0.0005999130305214262,-0.00011093046790739386,-0.0004889825626141666,0.0,0.0,1.34332649170954e-16,True,True
2025-10-11 15:40:00+00:00,1.0017385703956407,0.0004363371645255132,4.5794815349516875e-05,0.0003905423491760804,0.0,0.0,-8.413408858487514e-17,True,True
2025-10-11 15:45:00+00:00,1.0014029329192082,-0.0003356374764325043,-8.44582158607933e-05,-0.00025117926057171885,0.0,0.0,7.860465750519907e-18,True,True
2025-10-11 15:50:00+00:00,1.0014923758128509,8.944289364265501e-05,-8.44582158607933e-05,0.00017390110950333453,0.0,0.0,1.137870180023537e-16,True,True
2025-10-11 15:55:00+00:00,1.0024497978901767,0.0009574220773258535,-0.00023472922558253885,0.0011921513029084186,0.0,0.0,-2.6237692574149207e-17,True,True
2025-10-11 16:00:00+00:00,1.003368298886306,0.0009185009961292234,2.438229692935174e-06,0.0008850029380176527,3.105982841869816e-05,0.0,-6.254491282525754e-17,False,True
2025-10-11 16:05:00+00:00,1.003742993496905,0.00037469461059913556,8.02588977779673e-05,0.0002944357128210165,0.0,0.0,1.5173409403934635e-16,False,True
2025-10-11 16:10:00+00:00,1.004784124024787,0.001041130527881906,0.00011160760921046604,0.0009295229186715157,0.0,0.0,-7.567731163948821e-17,False,True
2025-10-11 16:15:00+00:00,1.0030208533510954,-0.0017632706736916415,5.067127473535938e-05,-0.001813941948427037,0.0,0.0,3.599551212651875e-17,False,True
2025-10-11 16:20:00+00:00,1.0030341804017202,1.3327050624845072e-05,0.00014051809095000484,-0.00012719104032499087,0.0,0.0,-1.6889159341892945e-16,False,True
2025-10-11 16:25:00+00:00,1.0031950136169638,0.0001608332152436276,2.7149393349672747e-05,0.00013368382189377296,0.0,0.0,1.819020194887555e-16,False,True
2025-10-11 16:30:00+00:00,1.003457890774264,0.0002628771573001121,-8.201998616785812e-05,0.0003448971434679805,0.0,0.0,-1.0299920638612292e-17,False,True
2025-10-11 16:35:00+00:00,1.0025246633441298,-0.0009332274301341315,2.9587623042607916e-05,-0.000962815053176766,0.0,0.0,2.667137344314341e-17,False,True
2025-10-11 16:40:00+00:00,1.0024025294618826,-0.00012213388224724397,-8.025889777799514e-05,-4.187498446927978e-05,0.0,0.0,3.094041949730508e-17,False,True
2025-10-11 16:45:00+00:00,1.0020041602826597,-0.0003983691792228683,-5.849810478214365e-05,-0.00033987107444066565,0.0,0.0,-5.898059818321144e-17,False,True
2025-10-11 16:50:00+00:00,1.001260440868826,-0.0007437194138337766,-1.915756296782288e-05,-0.0007245618508659973,0.0,0.0,4.358492733391728e-17,False,True
2025-10-11 16:55:00+00:00,1.0010755056701355,-0.00018493519869045016,5.067127473538722e-05,-0.00023560647342578476,0.0,0.0,-5.263801547417124e-17,False,True
2025-10-11 17:00:00+00:00,1.001571497674489,0.0004959920043534627,-0.00010673114982459569,0.0006027231541781439,0.0,0.0,-8.55435514091063e-17,False,True
2025-10-11 17:05:00+00:00,1.0009899007478713,-0.0005815969266176335,-5.067127473538722e-05,-0.0005309256518823501,0.0,0.0,1.0375814790686277e-16,False,True
2025-10-11 17:10:00+00:00,0.9994555939620102,-0.0015343067858610837,-0.00014539455033584734,-0.0013889122355251373,0.0,0.0,-9.90960785651751e-17,False,True
2025-10-11 17:15:00+00:00,0.998028893255252,-0.0014267007067582105,-0.0001091693795175061,-0.001317531327240748,0.0,0.0,4.358492733391728e-17,False,True
2025-10-11 17:20:00+00:00,0.9984801799173516,0.00045128666209959256,4.82330450424242e-05,0.0004030536170571462,0.0,0.0,2.2171934427328566e-17,False,True
2025-10-11 17:25:00+00:00,0.9963726859529446,-0.0021074939644070145,-0.00019362759537832415,-0.0019138663690286956,0.0,0.0,5.204170427930421e-18,False,True
2025-10-11 17:30:00+00:00,0.9955558099107744,-0.0008168760421701782,-2.8910481739563574e-05,-0.0007879655604306443,0.0,0.0,2.970713952610282e-17,False,True
2025-10-11 17:35:00+00:00,0.995695449830892,0.00013963992011756243,0.00011336869760039328,2.6271222517221628e-05,0.0,0.0,-5.2475385148298415e-17,False,True
2025-10-11 17:40:00+00:00,0.9960036733955586,0.00030822356466664314,-0.00014295632064294,0.00045117988530952297,0.0,0.0,6.01732205729455e-17,False,True
2025-10-11 17:45:00+00:00,0.9962955169902575,0.0002918435946989151,0.00011336869760032903,0.00017847489709866388,0.0,0.0,-7.784571598445922e-17,False,True
2025-10-11 17:50:00+00:00,0.9953956235574946,-0.0008998934327629771,-0.0001453945503358721,-0.0007544988824271478,0.0,0.0,4.2825985813177425e-17,False,True
2025-10-11 17:55:00+00:00,0.9954823333269791,8.670976948454978e-05,-2.9587623042583142e-05,0.00011629739252719078,0.0,0.0,-5.785573842925773e-17,False,True
2025-10-11 18:00:00+00:00,0.9961118039121575,0.0006294705851783711,-8.02588977779673e-05,0.0007097294829563616,0.0,0.0,-2.3201926491189795e-17,False,True
2025-10-11 18:05:00+00:00,0.9950456401105523,-0.00106616380160518,-8.201998616785812e-05,-0.0009841438154373902,0.0,0.0,6.830473686658678e-17,False,True
2025-10-11 18:10:00+00:00,0.9950373218922823,-8.318218269964817e-06,9.697823105283022e-05,-0.00010529644932268524,0.0,0.0,-1.0980257501846946e-16,False,True
2025-10-11 18:15:00+00:00,0.9961308577925008,0.0010935359002184342,0.00016471711363882485,0.0009288187865795583,0.0,0.0,5.095750210681871e-17,False,True
2025-10-11 18:20:00+00:00,0.9960503476593889,-8.051013311183297e-05,7.958175647492295e-05,-0.0001600918895867695,0.0,0.0,1.3552527156068805e-17,False,True
2025-10-11 18:25:00+00:00,0.9957624521474389,-0.0002878955119500759,-2.8910481739563574e-05,-0.0002589850302105105,0.0,0.0,-1.7889335846010823e-18,False,True
2025-10-11 18:30:00+00:00,0.9955682187736794,-0.00019423337375945593,-5.8498104782118876e-05,-0.00013573526897741364,0.0,0.0,7.659888348610089e-17,False,True
2025-10-11 18:35:00+00:00,0.996384544782174,0.0008163260084945723,-5.067127473535938e-05,0.0008669972832299931,0.0,0.0,-6.136584296267955e-17,False,True
2025-10-11 18:40:00+00:00,0.9961097755824139,-0.0002747691997601054,-0.00011404583890340121,-0.00016072336085670957,0.0,0.0,5.3939058081153846e-18,False,True
2025-10-11 18:45:00+00:00,0.9960148881327581,-9.488744965580054e-05,-2.438229692935174e-06,-9.244921996282935e-05,0.0,0.0,-3.6022617180830885e-17,False,True
2025-10-11 18:50:00+00:00,0.9942698518637428,-0.0017450362690152321,0.00019118936568536423,-0.0019362256347006303,0.0,0.0,3.404394821604484e-17,False,True
2025-10-11 18:55:00+00:00,0.9962309625230242,0.0019611106592813954,0.00019362759537832415,0.001767483063903116,0.0,0.0,-4.466912950640278e-17,False,True
2025-10-11 19:00:00+00:00,0.9939749520915784,-0.002256010431445854,2.438229692935174e-06,-0.0022584486611388634,0.0,0.0,7.41594285980085e-17,False,True
2025-10-11 19:05:00+00:00,0.9951591601173498,0.0011842080257714604,5.067127473542364e-05,0.0011335367510360449,0.0,0.0,-8.023096076392733e-18,False,True
2025-10-11 19:10:00+00:00,0.9957295670766675,0.0005704069593176486,-0.00011336869760035688,0.0006837756569180295,0.0,0.0,-2.3960868011929648e-17,False,True
2025-10-11 19:15:00+00:00,0.9951750838983258,-0.0005544831783417248,-5.067127473538722e-05,-0.0005038119036063675,0.0,0.0,2.992397996059992e-17,False,True
2025-10-11 19:20:00+00:00,0.9947338242000088,-0.00044125969831698697,2.8910481739563574e-05,-0.00047017018005657784,0.0,0.0,2.7267684638010437e-17,False,True
2025-10-11 19:25:00+00:00,0.9947209245642069,-1.289963580186626e-05,0.00010673114982459569,-0.00011963078562647763,0.0,0.0,1.5680273919571608e-17,False,True
2025-10-11 19:30:00+00:00,0.9960016376394656,0.001280713075258677,0.0,0.0012807130752587013,0.0,0.0,-2.42861286636753e-17,False,True
2025-10-11 19:35:00+00:00,0.9974865877912207,0.0014849501517550934,-0.00014051809095000177,0.001625468242705215,0.0,0.0,-1.199127602768968e-16,False,True
2025-10-11 19:40:00+00:00,0.9968844754532432,-0.0006021123379774673,0.0,-0.0006021123379775519,0.0,0.0,8.456776945386935e-17,False,True
2025-10-11 19:45:00+00:00,0.9970402832313542,0.00015580777811097235,-1.219114846467587e-05,0.00016799892657569417,0.0,0.0,-4.594306705907325e-17,False,True
2025-10-11 19:50:00+00:00,0.9968766730181848,-0.00016361021316935176,1.7067607850601654e-05,-0.00018067782101999306,0.0,0.0,3.9654694458657325e-17,False,True
2025-10-11 19:55:00+00:00,0.9968946068586819,1.793384049708635e-05,-8.933467524666365e-05,0.00010726851574382459,0.0,0.0,-7.45931094670027e-17,False,True
2025-10-11 20:00:00+00:00,0.9984126627424256,0.001518055883743652,-0.00014051809095000484,0.0016585739746936353,0.0,0.0,2.1467203015212988e-17,False,True
2025-10-11 20:05:00+00:00,0.9972889557152749,-0.0011237070271507,0.0,-0.0011237070271507194,0.0,0.0,1.951563910473908e-17,False,True
2025-10-11 20:10:00+00:00,0.996275461449763,-0.001013494265511894,0.00014295632064296478,-0.001156450586154916,0.0,0.0,5.724587470723463e-17,False,True
2025-10-11 20:15:00+00:00,0.9987846144913184,0.002509153041555412,-3.1696986008212696e-05,0.002540850027563577,0.0,0.0,4.7704895589362195e-17,False,True
2025-10-11 20:20:00+00:00,0.9975961015046169,-0.0011885129867015287,-5.816923805478566e-05,-0.0011303437486466113,0.0,0.0,-1.3183898417423734e-16,False,True
2025-10-11 20:25:00+00:00,0.9957588317532877,-0.0018372697513291403,-9.752918771796134e-06,-0.0018275168325574461,0.0,0.0,1.0191500421363742e-16,False,True
2025-10-11 20:30:00+00:00,0.9953915507345227,-0.00036728101876504216,5.3109504428294554e-05,-0.00042039052319331385,0.0,0.0,-2.2876665839444144e-17,False,True
2025-10-11 20:35:00+00:00,0.9952777075777082,-0.00011384315681450818,-0.00011892229828930223,5.079141474846822e-06,0.0,0.0,-5.277354074573193e-17,False,True
2025-10-11 20:40:00+00:00,0.9950730818256277,-0.0002046257520804673,7.749180135767413e-05,-0.0002821175534381114,0.0,0.0,-3.003240017784847e-17,False,True
2025-10-11 20:45:00+00:00,0.994862220795784,-0.0002108610298436897,-2.8910481739563574e-05,-0.00018195054810418943,0.0,0.0,6.329030181884132e-17,False,True
2025-10-11 20:50:00+00:00,0.995854089604622,0.000991868808837948,0.00019850405476419452,0.0007933647540736885,0.0,0.0,6.483528991463317e-17,False,True
2025-10-11 20:55:00+00:00,0.9964097070795607,0.0005556174749387077,-1.0081785499090116e-05,0.0005656992604378421,0.0,0.0,-4.423544863740858e-17,False,True
2025-10-11 21:00:00+00:00,0.9970780508586594,0.0006683437790987456,-1.950583754348139e-05,0.0006878496166422905,0.0,0.0,-6.353424730765056e-17,False,True
2025-10-11 21:05:00+00:00,0.9970494870459323,-2.85638127270893e-05,8.757358685677589e-05,-0.00011613739958393873,0.0,0.0,7.354956487598541e-17,False,True
2025-10-11 21:10:00+00:00,0.9958250803813679,-0.0012244066645644702,7.347575751543529e-05,-0.0012978824220798446,0.0,0.0,-6.093216209368535e-17,False,True
2025-10-11 21:15:00+00:00,0.9966973293727798,0.0008722489914119169,0.0001304363054509031,0.0007418126859609906,0.0,0.0,2.3201926491189795e-17,False,True
2025-10-11 21:20:00+00:00,0.9947756299393434,-0.0019216994334363413,-7.001211194380302e-05,-0.001851687321492588,0.0,0.0,4.9873299934333204e-17,False,True
2025-10-11 21:25:00+00:00,0.9936749245676219,-0.0011007053717215776,-1.2520015192036928e-05,-0.0010881853565295073,0.0,0.0,-3.3393426912553537e-17,False,True
2025-10-11 21:30:00+00:00,0.9931742304668546,-0.0005006941007672516,8.26971274708777e-05,-0.0005833912282381632,0.0,0.0,3.393552799879629e-17,False,True
2025-10-11 21:35:00+00:00,0.9925491204906025,-0.0006251099762520917,-8.201998616789454e-05,-0.0005430899900841927,0.0,0.0,-4.553649124439119e-18,False,True
2025-10-11 21:40:00+00:00,0.99265475589886,0.0001056354082574762,0.0,0.00010563540825747774,0.0,0.0,-1.5449880957918438e-18,False,True
2025-10-11 21:45:00+00:00,0.9925210593125006,-0.00013369658635942194,3.378694112543392e-05,-0.00016748352748488797,0.0,0.0,3.209238430557093e-17,False,True
2025-10-11 21:50:00+00:00,0.9927672425724308,0.0002461832599301994,0.0,0.0002461832599301999,0.0,0.0,-4.87890977618477e-19,False,True
2025-10-11 21:55:00+00:00,0.9927578744760457,-9.368096385076186e-06,5.067127473538722e-05,-6.003937112042336e-05,0.0,0.0,-4.004771774618332e-17,False,True
2025-10-11 22:00:00+00:00,0.9935692389240985,0.0008113644480528537,-2.8910481739563574e-05,0.0008402749297924337,0.0,0.0,-1.6479873021779667e-17,False,True
2025-10-11 22:05:00+00:00,0.993213232003704,-0.00035600692039450266,6.25141486243213e-05,-0.0004185210690188176,0.0,0.0,-6.342582709040201e-18,False,True
2025-10-11 22:10:00+00:00,0.9938172900492086,0.000604058045504563,0.00016471711363873583,0.0004393409318657965,0.0,0.0,3.0682921481339775e-17,False,True
2025-10-11 22:15:00+00:00,0.9943565815496166,0.0005392915004079901,0.0,0.0005392915004079854,0.0,0.0,4.7704895589362195e-18,False,True
2025-10-11 22:20:00+00:00,0.9943557725705297,-8.089790869414415e-07,-5.849810478214671e-05,5.768912569516804e-05,0.0,0.0,3.722879209772101e-17,False,True
2025-10-11 22:25:00+00:00,0.9945067516162198,0.0001509790456901694,0.0001695935730246704,-1.861452733435356e-05,0.0,0.0,-1.474514954580286e-16,False,True
2025-10-11 22:30:00+00:00,0.994551042846985,4.429123076521435e-05,0.00011580692729330061,-7.151569652815261e-05,0.0,0.0,6.635317295611287e-17,False,True
2025-10-11 22:35:00+00:00,0.9942301075532378,-0.0003209352937472154,-2.438229692935174e-06,-0.00031849706405424454,0.0,0.0,-3.5670251474773096e-17,False,True
2025-10-11 22:40:00+00:00,0.994736043169587,0.0005059356163491513,-0.00014051809095000177,0.0006464537072991244,0.0,0.0,2.862293735361732e-17,False,True
2025-10-11 22:45:00+00:00,0.9943459230168885,-0.0003901201526984588,-0.0001622788839458649,-0.00022784126875265989,0.0,0.0,6.600080725005508e-17,False,True
2025-10-11 22:50:00+00:00,0.9930659585895603,-0.0012799644273282507,-2.438229692935174e-06,-0.0012775261976353152,0.0,0.0,-2.168404344971009e-19,False,True
2025-10-11 22:55:00+00:00,0.993784462476095,0.000718503886534716,4.8233045042452045e-05,0.0006702708414923389,0.0,0.0,-7.491837011874836e-17,False,True
2025-10-11 23:00:00+00:00,0.9938339010203818,4.943854428685057e-05,-3.13487114324709e-05,8.078725571937539e-05,0.0,0.0,-5.391195302684171e-17,False,True
2025-10-11 23:05:00+00:00,0.9938587968998851,2.4895879503272766e-05,-5.8498104782171487e-05,8.339398428540632e-05,0.0,0.0,3.7933523509836586e-17,False,True
2025-10-11 23:10:00+00:00,0.9942658173922134,0.00040702049232832493,1.7610883899272394e-06,0.000405259403938351,0.0,0.0,4.6674903525500966e-17,False,True
2025-10-11 23:15:00+00:00,0.9934533345061947,-0.0008124828860187616,0.0,-0.0008124828860187066,0.0,0.0,-5.4969050145015075e-17,False,True
2025-10-11 23:20:00+00:00,0.9938388853905007,0.0003855508843060296,-2.471116365671279e-05,0.0004102620479626615,0.0,0.0,8.088148206741863e-17,False,True
2025-10-11 23:25:00+00:00,0.9940637183727103,0.00022483298220965509,-1.4958244884960456e-05,0.0002397912270947176,0.0,0.0,-1.020505294851981e-16,False,True
2025-10-11 23:30:00+00:00,0.993489819967321,-0.0005738984053893503,-0.00011160760921046604,-0.00046229079617894734,0.0,0.0,6.304635633003208e-17,False,True
2025-10-11 23:35:00+00:00,0.9932865839117149,-0.00020323605560612634,5.8498104782171487e-05,-0.00026173416038828063,0.0,0.0,-1.7184604433895245e-17,False,True
2025-10-11 23:40:00+00:00,0.9935797041576264,0.00029312024591154895,-2.438229692935174e-06,0.0002955584756044855,0.0,0.0,-1.3552527156068805e-18,False,True
2025-10-11 23:45:00+00:00,0.9940323907051172,0.0004526865474907549,3.2025852735543086e-05,0.0004206606947552092,0.0,0.0,2.6020852139652106e-18,False,True
2025-10-11 23:50:00+00:00,0.9944872406275789,0.00045484992246169753,4.82330450424242e-05,0.0004066168774192776,0.0,0.0,-4.228388472693467e-18,False,True
2025-10-11 23:55:00+00:00,0.9955261985615584,0.0010389579339795674,-5.3109504428294554e-05,0.0010920674384077662,0.0,0.0,9.562663161322149e-17,False,True
