ridge_lambda,cost_bp,period,return,start_equity,end_equity,max_drawdown,sharpe_daily,trades,win_rate,profit_factor,net_pnl,gross_price_pnl,funding_cashflow,net_pnl_including_funding,fees,turnover,break_even_bp,median_hold_min
50.0,0.0,validation,-0.000680765426076757,100163.96604559559,100095.77788057302,-0.019841762362780235,-0.07538901730245914,990,0.6393939393939394,0.9955846136649158,-69.73102698992767,-69.73102698992767,1.5428619673808903,-68.18816502254678,0.0,19846401.356620602,-0.035135350604338124,135.0
50.0,0.0,holdout,0.015903502265512293,100095.77788057302,101687.65131086492,-0.013152233416501513,3.1079711690700482,989,0.6400404448938322,1.1153205363962093,1558.552747730369,1558.552747730369,33.32068256147115,1591.8734302918401,0.0,19929443.22425346,0.7820352682174597,135.0
50.0,0.0,all,0.016876513108649238,100000.0,101687.65131086492,-0.019841762362780235,1.0202641948289568,2432,0.6439144736842105,1.047559907127078,1633.1001790937544,1633.1001790937544,54.551131771094816,1687.6513108648492,0.0,48829042.61064464,0.33445263142180504,135.0
50.0,2.0,validation,-0.039470238850379036,98364.94533410417,94482.4574472626,-0.040404887650570265,-5.511518748203319,990,0.5717171717171717,0.7675880387490513,-3884.041379960179,-61.95672170009897,1.5534931189327703,-3882.487886841246,3822.08465826008,19110423.2913004,-0.03242038167113933,135.0
50.0,2.0,holdout,-0.02351810765209994,94482.4574472626,92260.40884178292,-0.03517377400039545,-4.643574675687497,989,0.5844287158746209,0.8382479788683251,-2252.8345712050536,1436.1361759561976,30.785965725239798,-2222.048605479814,3688.970747161252,18444853.735806257,0.7786107694463762,135.0
50.0,2.0,all,-0.07739591158217085,100000.0,92260.40884178292,-0.0892771187315049,-4.695675063699896,2432,0.5797697368421053,0.7852853297558556,-7791.478190776147,1513.9857834739373,51.88703255927603,-7739.591158216871,9305.463974250084,46527319.87125042,0.3253971618531675,135.0
50.0,5.0,validation,-0.0948564324635226,95726.50238472693,86646.22787630085,-0.09524185327117074,-12.964336291604834,990,0.44646464646464645,0.5071524794893043,-9081.84420687625,-51.04240349054396,1.5696984502713702,-9080.274508425979,9030.801803385708,18061603.606771413,-0.028260172574824875,135.0
50.0,5.0,holdout,-0.07980764738440793,86646.22787630085,79731.19627475998,-0.08292482763052422,-15.703229361388653,989,0.47219413549039435,0.5274150251254677,-6942.3785552301615,1270.8753725946333,27.34695368935346,-6915.031601540808,8213.253927824795,16426507.85564959,0.7736734939420125,135.0
50.0,5.0,all,-0.20268803725240025,100000.0,79731.19627475998,-0.2059207603576042,-12.163011256069503,2432,0.4584703947368421,0.4917497316049453,-20317.060337893854,1353.0517210462738,48.25661265406901,-20268.803725239784,21670.112058940125,43340224.117880255,0.31219306050797846,135.0
50.0,10.0,validation,-0.18017729979263786,91484.62437508025,75001.17178263456,-0.18028398243859223,-23.244911539819086,990,0.2606060606060606,0.2560749556777017,-16485.048937940708,-34.7121804258785,1.5963454949632543,-16483.452592445745,16450.336757514837,16450336.757514834,-0.02110119746334147,135.0
50.0,10.0,holdout,-0.16652192638889274,75001.17178263456,62511.83217596599,-0.16652192638889274,-30.38792781694619,989,0.2942366026289181,0.23342566084256286,-12511.80068719936,1037.8621740294357,22.46108053079241,-12489.339606668567,13549.662861228793,13549662.861228796,0.7659690020769371,135.0
50.0,10.0,all,-0.37488167824034013,100000.0,62511.83217596599,-0.37517489512446556,-20.56292430938293,2432,0.2635690789473684,0.2200778773115761,-37531.22550220968,1125.7043654603476,43.05767817553181,-37488.16782403415,38656.92986767003,38656929.86767003,0.2912037684611391,135.0
100.0,0.0,validation,-0.001591772574605188,100556.9419829404,100396.8782005058,-0.017828697899926804,-0.19861200318983974,991,0.6397578203834511,0.9900524647068814,-162.02280406377696,-162.02280406377696,1.9590216294736391,-160.06378243430333,0.0,19938677.48536551,-0.0812605571170393,135.0
100.0,0.0,holdout,0.013796977828055779,100396.8782005058,101782.0517030442,-0.014594964050832604,2.5881784036582385,993,0.6435045317220544,1.0983526947950502,1351.3268298753471,1351.3268298753471,33.846672663138946,1385.173502538486,0.0,20055233.084866624,0.6738026051140926,135.0
100.0,0.0,all,0.017820517030441962,100000.0,101782.0517030442,-0.019119610032323764,1.0688681766743353,2441,0.645637034002458,1.0495493641251221,1727.5238435637948,1727.5238435637948,54.52785948084926,1782.051703044644,0.0,49147987.84813386,0.35149431730588915,135.0
100.0,2.0,validation,-0.04038571560993176,98735.12182003309,94747.63326949727,-0.04087610207130132,-5.522090122190418,991,0.5691220988900101,0.7679654628059639,-3989.4424992779686,-150.3022890565048,1.9539487423726287,-3987.488550535596,3839.1402102214633,19195701.051107317,-0.07829997386203016,135.0
100.0,2.0,holdout,-0.025699975129370833,94747.63326949727,92312.62145090444,-0.036856799827953424,-4.874575470639778,993,0.5850956696878147,0.825554791240097,-2466.261335622156,1244.957837488142,31.249517029599975,-2435.0118185925558,3711.2191731102985,18556095.86555149,0.6709158254562304,135.0
100.0,2.0,all,-0.07687378549095558,100000.0,92312.62145090444,-0.08832953517226694,-4.638232203762978,2441,0.5800901269971324,0.789613827765734,-7739.1731710706235,1625.4323804477124,51.79462197554261,-7687.378549095081,9364.605551518336,46823027.75759168,0.34714380045279575,135.0
100.0,5.0,validation,-0.09577542322156718,96063.77130297168,86863.22295016973,-0.09607419462973565,-12.864691305368972,991,0.44803229061553984,0.5127507149097827,-9202.495985044696,-133.92598654244523,1.9476322423045644,-9200.54835280239,9068.569998502251,18137139.9970045,-0.07384074146451106,135.0
100.0,5.0,holdout,-0.08208575919066985,86863.22295016973,79732.98934855663,-0.08474581243029133,-15.592955375687016,993,0.47129909365558914,0.5191885221463374,-7157.962212968956,1101.3848729538872,27.728611355712616,-7130.233601613243,8259.347085922844,16518694.171845686,0.6667505684747634,135.0
100.0,5.0,all,-0.20267010651443373,100000.0,79732.98934855663,-0.2055139104984589,-12.123344581986453,2441,0.4588283490372798,0.49766687149279004,-20315.083806750452,1487.2422968459312,48.073155306506564,-20267.010651443947,21802.32610359638,43604652.20719276,0.34107422524071973,135.0
100.0,10.0,validation,-0.18109465804902547,91770.34865210822,75151.22874391483,-0.18120321310256438,-23.117295544444552,991,0.2623612512613522,0.2636831446089196,-16621.059252126062,-109.58516789106841,1.9393439325676893,-16619.119908193494,16511.474084234993,16511474.084234994,-0.06636910025840717,135.0
100.0,10.0,holdout,-0.16892045649454468,75151.22874391483,62456.648878366796,-0.16892045649454468,-30.07362994613159,993,0.297079556898288,0.2283821630205143,-12717.312711993494,899.0016870583022,22.732846445532076,-12694.579865547963,13616.314399051796,13616314.399051797,0.6602386377924017,135.0
100.0,10.0,all,-0.37543351121633206,100000.0,62456.648878366796,-0.375727347881362,-20.573688059528276,2441,0.2687423187218353,0.22508191832129074,-37586.10243261873,1291.3245481345584,42.75131098547202,-37543.35112163326,38877.426980753284,38877426.98075329,0.33215278078300897,135.0
200.0,0.0,validation,-0.0006726735704986053,100549.91809589842,100482.28082347951,-0.022410002240825455,-0.05498684462156302,1002,0.6407185628742516,0.995554281256161,-74.807575524926,-74.807575524926,7.170303106030176,-67.63727241889582,0.0,20195116.737636037,-0.037042408071607254,135.0
200.0,0.0,holdout,0.006211201070070338,100482.28082347951,101106.39647365341,-0.01618909253696099,1.3603110174735669,992,0.6502016129032258,1.0411346572763855,590.9595355378531,590.9595355378531,33.15611463604265,624.1156501738957,0.0,20022335.595214624,0.29515015005496836,135.0
200.0,0.0,all,0.011063964736534038,100000.0,101106.39647365341,-0.02320541958068001,0.6285943700988117,2454,0.6519967400162999,1.0290437132810875,1048.6305898974665,1048.6305898974665,57.765883755910636,1106.3964736533771,0.0,49426446.51023452,0.2121598180602223,135.0
200.0,2.0,validation,-0.039923377279092676,98716.35585481746,94775.26553640842,-0.04120289645354791,-4.696520116312087,1002,0.564870259481038,0.7770075329803905,-3948.0411559604145,-60.79082287878168,6.950837551423345,-3941.090318408991,3887.250333081634,19436251.665408168,-0.03127703012148925,135.0
200.0,2.0,holdout,-0.032954249048041895,94775.26553640842,91652.01783232731,-0.039158568485442635,-7.191006355944318,992,0.5856854838709677,0.7851957362960323,-3153.852860579382,549.3486739470688,30.605156497808707,-3123.2477040815734,3703.201534526451,18516007.672632255,0.2966885106442456,135.0
200.0,2.0,all,-0.08347982167672685,100000.0,91652.01783232731,-0.0902143545702968,-4.689677291754585,2454,0.582722086389568,0.7782390703897165,-8402.86066033382,1012.615671647957,54.8784926608025,-8347.982167673017,9415.476331981778,47077381.65990888,0.2150960049059612,135.0
200.0,5.0,validation,-0.0959346464401657,96028.18938869415,86815.75899140051,-0.09638610925443436,-11.169644115259485,1002,0.4411177644710579,0.5247151620676299,-9219.069972379537,-41.29596558776632,6.639575085880263,-9212.430397293656,9177.774006791771,18355548.01358354,-0.02249781131961101,135.0
200.0,5.0,holdout,-0.08886935127264162,86815.75899140051,79100.49880959274,-0.09141167348292889,-18.93445719043139,992,0.46673387096774194,0.4957317453881515,-7742.408069699562,492.6505712502289,27.14788789212095,-7715.260181807441,8235.05864094979,16470117.281899583,0.29911782825714583,135.0
200.0,5.0,all,-0.20899501190407255,100000.0,79100.49880959274,-0.2117279455727369,-11.658236879181697,2454,0.4547677261613692,0.4943981472431495,-20950.43767729331,962.9982428840544,50.93648688632902,-20899.50119040698,21913.435920177366,43826871.840354726,0.21972780681037538,135.0
200.0,10.0,validation,-0.1821361798907889,91708.77113879778,75005.28590109851,-0.18224572082783008,-20.445097602675606,1002,0.2694610778443114,0.27478673374010393,-16709.649541774554,-12.575475497362504,6.164304075613671,-16703.48523769894,16697.074066277193,16697074.066277191,-0.007531544417570134,135.0
200.0,10.0,holdout,-0.17498551246096972,75005.28590109851,61880.44751041324,-0.17498551246096972,-33.51977099818263,992,0.2963709677419355,0.22026523849122212,-13147.083051110656,411.4697111841163,22.24466042538095,-13124.838390685276,13558.552762294774,13558552.762294773,0.30347612934647417,135.0
200.0,10.0,all,-0.3811955248958676,100000.0,61880.44751041324,-0.381484118077168,-19.72372210709512,2454,0.26813365933170336,0.22723817072166705,-38164.82653815844,890.4132728872689,45.27404857199406,-38119.55248958645,39055.239811045714,39055239.811045706,0.2279881719316546,135.0
