target,side,signal_time,entry_time,exit_time,entry_price,exit_price,notional,gross_price_pnl,fee,net_pnl,funding_cashflow,net_pnl_including_funding,reason,entry_z,entry_pct
TRXUSDT,1,2026-04-28 00:04:00+00:00,2026-04-28 00:05:00+00:00,2026-04-28 04:10:00+00:00,0.32536,0.32368,30000.0,-154.90533562822483,0.0,-154.90533562822483,0.0,-154.90533562822483,timeout,-14.740448802887379,0.2878108397596313
ADAUSDT,1,2026-04-28 00:04:00+00:00,2026-04-28 00:05:00+00:00,2026-04-28 04:10:00+00:00,0.2477,0.2471,30000.0,-72.66855066612953,0.0,-72.66855066612953,0.0,-72.66855066612953,timeout,-9.47964509636444,0.20128790438754796
FILUSDT,1,2026-04-28 00:04:00+00:00,2026-04-28 00:05:00+00:00,2026-04-28 04:10:00+00:00,0.921,0.919,30000.0,-65.14657980456029,0.0,-65.14657980456029,0.0,-65.14657980456029,timeout,-9.286663711519369,0.31166547831390345
ADAUSDT,1,2026-04-29 00:04:00+00:00,2026-04-29 00:05:00+00:00,2026-04-29 04:10:00+00:00,0.2466,0.2489,29912.183860170328,278.98630526517246,0.0,278.98630526517246,0.0,278.98630526517246,timeout,-12.32308373876785,0.24694439403764823
HBARUSDT,1,2026-04-29 00:04:00+00:00,2026-04-29 00:05:00+00:00,2026-04-29 04:10:00+00:00,0.08886,0.08986,29912.183860170328,336.6214704048013,0.0,336.6214704048013,0.0,336.6214704048013,timeout,-10.743554428978278,0.2397719241373346
XRPUSDT,1,2026-04-29 00:04:00+00:00,2026-04-29 00:05:00+00:00,2026-04-29 04:10:00+00:00,1.3802,1.3877,29912.183860170328,162.54265972414973,0.0,162.54265972414973,0.0,162.54265972414973,timeout,-8.144388896098775,0.22559752223493945
ADAUSDT,1,2026-04-30 00:04:00+00:00,2026-04-30 00:05:00+00:00,2026-04-30 04:10:00+00:00,0.2449,0.2463,30145.628990788566,172.33107630503903,0.0,172.33107630503903,0.0,172.33107630503903,timeout,-12.825677928199237,0.2785711668044881
SUIUSDT,1,2026-04-30 00:04:00+00:00,2026-04-30 00:05:00+00:00,2026-04-30 04:10:00+00:00,0.9074,0.9089,30145.628990788566,49.83297717234339,0.0,49.83297717234339,0.0,49.83297717234339,timeout,-8.105691188844952,0.1893780736402063
BNBUSDT,1,2026-04-30 00:04:00+00:00,2026-04-30 00:05:00+00:00,2026-04-30 04:10:00+00:00,617.64,617.25,30145.628990788566,-19.035028991656493,0.0,-19.035028991656493,0.0,-19.035028991656493,timeout,-5.9486782166805945,0.1285109147224056
BTCUSDT,1,2026-05-01 00:04:00+00:00,2026-05-01 00:05:00+00:00,2026-05-01 04:10:00+00:00,76442.8,77091.1,30206.56769813428,256.1774011247667,0.0,256.1774011247667,0.0,256.1774011247667,timeout,-11.534522914790502,0.13251186017195193
XLMUSDT,-1,2026-05-01 00:04:00+00:00,2026-05-01 00:05:00+00:00,2026-05-01 04:10:00+00:00,0.15876,0.16032,30206.56769813428,-296.8143462401679,0.0,-296.8143462401679,0.0,-296.8143462401679,timeout,7.838694311166656,0.2236508673227522
UNIUSDT,1,2026-05-01 00:04:00+00:00,2026-05-01 00:05:00+00:00,2026-05-01 04:10:00+00:00,3.195,3.23,30206.56769813428,330.9013675851936,0.0,330.9013675851936,0.0,330.9013675851936,timeout,-7.680874920337321,0.25036263868691144
SOLUSDT,-1,2026-05-02 00:04:00+00:00,2026-05-02 00:05:00+00:00,2026-05-02 04:10:00+00:00,83.66,83.62,30293.647024875216,14.484172615285777,0.0,14.484172615285777,0.0,14.484172615285777,timeout,13.55401376280009,0.42090703564461274
BCHUSDT,1,2026-05-02 00:04:00+00:00,2026-05-02 00:05:00+00:00,2026-05-02 04:10:00+00:00,450.28,450.06,30293.647024875216,-14.801017912125166,0.0,-14.801017912125166,0.0,-14.801017912125166,timeout,-8.977876283460638,0.18001029152766956
LTCUSDT,-1,2026-05-02 00:04:00+00:00,2026-05-02 00:05:00+00:00,2026-05-02 04:10:00+00:00,55.39,55.48,30293.647024875216,-49.22239090519254,0.0,-49.22239090519254,0.0,-49.22239090519254,timeout,7.964849433625255,0.09194902054324561
LTCUSDT,1,2026-05-03 00:04:00+00:00,2026-05-03 00:05:00+00:00,2026-05-03 04:10:00+00:00,55.26,54.86,30278.785254014605,-219.17325554842287,0.0,-219.17325554842287,0.0,-219.17325554842287,timeout,-8.976170670822224,0.09734897003602383
DOGEUSDT,-1,2026-05-03 00:04:00+00:00,2026-05-03 00:05:00+00:00,2026-05-03 04:10:00+00:00,0.10832,0.10771,30278.785254014605,170.51383867198092,0.0,170.51383867198092,0.0,170.51383867198092,timeout,4.24770229484351,0.19168890504470393
XLMUSDT,1,2026-05-03 00:04:00+00:00,2026-05-03 00:05:00+00:00,2026-05-03 04:10:00+00:00,0.15977,0.15833,30278.785254014605,-272.9013629954376,0.0,-272.9013629954376,0.0,-272.9013629954376,timeout,-2.9872758101558996,0.07719229162449792
SUIUSDT,-1,2026-05-04 00:04:00+00:00,2026-05-04 00:05:00+00:00,2026-05-04 04:05:00+00:00,0.9186,0.9471,30182.31702005304,-936.4206782838137,0.0,-936.4206782838137,0.0,-936.4206782838137,stop,7.209053298202723,0.1958420700443404
LTCUSDT,1,2026-05-04 00:04:00+00:00,2026-05-04 00:05:00+00:00,2026-05-04 04:10:00+00:00,55.12,56.19,30182.31702005304,585.9049203820169,0.0,585.9049203820169,0.0,585.9049203820169,timeout,-13.441881460399982,0.14782540471775485
TRXUSDT,1,2026-05-04 00:04:00+00:00,2026-05-04 00:05:00+00:00,2026-05-04 04:10:00+00:00,0.33868,0.33765,30182.31702005304,-91.79103144754177,0.0,-91.79103144754177,0.0,-91.79103144754177,timeout,-8.653835660759583,0.20593315923547229
AVAXUSDT,1,2026-05-05 00:04:00+00:00,2026-05-05 00:05:00+00:00,2026-05-05 04:10:00+00:00,9.197,9.266,30049.62498324824,225.4457022772796,0.0,225.4457022772796,0.0,225.4457022772796,timeout,-13.336661757329408,0.3154073849530591
BNBUSDT,-1,2026-05-05 00:04:00+00:00,2026-05-05 00:05:00+00:00,2026-05-05 04:10:00+00:00,624.58,627.37,30049.62498324824,-134.2317296475391,0.0,-134.2317296475391,0.0,-134.2317296475391,timeout,10.925569368926663,0.29338689705686716
LINKUSDT,-1,2026-05-05 00:04:00+00:00,2026-05-05 00:05:00+00:00,2026-05-05 04:10:00+00:00,9.394,9.505,30049.62498324824,-355.0679554120242,0.0,-355.0679554120242,0.0,-355.0679554120242,timeout,8.380296663854855,0.2319821539976461
AVAXUSDT,1,2026-05-06 00:04:00+00:00,2026-05-06 00:05:00+00:00,2026-05-06 04:10:00+00:00,9.407,9.572,29970.468788413553,525.6859094385279,0.0,525.6859094385279,0.0,525.6859094385279,timeout,-10.196237756831676,0.2555172450035116
LTCUSDT,-1,2026-05-06 00:04:00+00:00,2026-05-06 00:05:00+00:00,2026-05-06 04:10:00+00:00,56.45,56.78,29970.468788413553,-175.20380336893626,0.0,-175.20380336893626,0.0,-175.20380336893626,timeout,10.161944405301881,0.14808806307632838
ADAUSDT,-1,2026-05-06 00:04:00+00:00,2026-05-06 00:05:00+00:00,2026-05-06 04:10:00+00:00,0.2625,0.2639,29970.468788413553,-159.84250020487465,0.0,-159.84250020487465,0.0,-159.84250020487465,timeout,9.833076919629612,0.2973402186939742
BCHUSDT,-1,2026-05-06 04:54:00+00:00,2026-05-06 04:55:00+00:00,2026-05-06 07:00:00+00:00,485.74,474.24,30027.66067017297,710.9113882056016,0.0,710.9113882056016,0.0,710.9113882056016,repair50,2.197666182212335,0.05156408211273189
BCHUSDT,1,2026-05-07 00:04:00+00:00,2026-05-07 00:05:00+00:00,2026-05-07 04:10:00+00:00,465.58,460.25,30240.93408663465,-346.2008219463088,0.0,-346.2008219463088,0.0,-346.2008219463088,timeout,-25.585584263943478,0.4437718556983382
BTCUSDT,-1,2026-05-07 00:04:00+00:00,2026-05-07 00:05:00+00:00,2026-05-07 04:10:00+00:00,81388.8,80725.9,30240.93408663465,246.30803262893994,0.0,246.30803262893994,0.0,246.30803262893994,timeout,20.788273530468903,0.3149402868889706
HBARUSDT,1,2026-05-07 00:04:00+00:00,2026-05-07 00:05:00+00:00,2026-05-07 04:10:00+00:00,0.09145,0.08976,30240.93408663465,-558.8537846518576,0.0,-558.8537846518576,0.0,-558.8537846518576,timeout,-15.847664070058244,0.3227845431134535
FILUSDT,-1,2026-05-08 00:04:00+00:00,2026-05-08 00:05:00+00:00,2026-05-08 04:10:00+00:00,1.089,1.102,30043.31011444388,-358.6437387399225,0.0,-358.6437387399225,0.0,-358.6437387399225,timeout,11.558851465750301,0.5132332448241579
BTCUSDT,-1,2026-05-08 00:04:00+00:00,2026-05-08 00:05:00+00:00,2026-05-08 04:10:00+00:00,79993.6,79605.3,30043.31011444388,145.83438321864037,0.0,145.83438321864037,0.0,145.83438321864037,timeout,10.300453294771103,0.19180123951413108
AVAXUSDT,1,2026-05-08 00:04:00+00:00,2026-05-08 00:05:00+00:00,2026-05-08 04:10:00+00:00,9.51,9.504,30043.31011444388,-18.954769788293884,0.0,-18.954769788293884,0.0,-18.954769788293884,timeout,-6.0996208541500385,0.1576879661597077
FILUSDT,-1,2026-05-08 15:49:00+00:00,2026-05-08 15:50:00+00:00,2026-05-08 19:10:00+00:00,1.212,1.182,29973.780876851008,741.9252692289859,0.0,741.9252692289859,0.0,741.9252692289859,repair50,2.115194902739599,0.08020000046881459
SUIUSDT,1,2026-05-09 00:04:00+00:00,2026-05-09 00:05:00+00:00,2026-05-09 04:10:00+00:00,1.0189,1.0879,30196.358457619703,2044.9001212835044,0.0,2044.9001212835044,0.0,2044.9001212835044,timeout,-16.19859145419498,0.292382191208057
LTCUSDT,-1,2026-05-09 00:04:00+00:00,2026-05-09 00:05:00+00:00,2026-05-09 04:10:00+00:00,58.23,58.78,30196.358457619703,-285.21375840101217,0.0,-285.21375840101217,0.0,-285.21375840101217,timeout,12.257681149328771,0.20440417809664058
BTCUSDT,-1,2026-05-09 00:04:00+00:00,2026-05-09 00:05:00+00:00,2026-05-09 04:10:00+00:00,80106.5,80550.1,30196.358457619703,-167.2162010798152,0.0,-167.2162010798152,0.0,-167.2162010798152,timeout,8.32653347999606,0.16253941144599082
SUIUSDT,-1,2026-05-10 00:04:00+00:00,2026-05-10 00:05:00+00:00,2026-05-10 00:25:00+00:00,1.0684,1.1041,30674.099506160506,-1024.9582107543386,0.0,-1024.9582107543386,0.0,-1024.9582107543386,stop,18.92046387554516,0.586566592360007
FILUSDT,1,2026-05-10 00:04:00+00:00,2026-05-10 00:05:00+00:00,2026-05-10 04:10:00+00:00,1.196,1.196,30674.099506160506,0.0,0.0,0.0,0.0,0.0,timeout,-13.675809908830011,0.4088533287641244
ETHUSDT,1,2026-05-10 00:04:00+00:00,2026-05-10 00:05:00+00:00,2026-05-10 04:10:00+00:00,2323.73,2326.54,30674.099506160506,37.09304420578744,0.0,37.09304420578744,0.0,37.09304420578744,timeout,-12.542382859606626,0.202206539392484
AAVEUSDT,-1,2026-05-10 00:24:00+00:00,2026-05-10 00:25:00+00:00,2026-05-10 04:30:00+00:00,96.29,95.58,30372.105042049152,223.95050970874425,0.0,223.95050970874425,0.0,223.95050970874425,timeout,8.363481597292306,0.2798620109533201
SUIUSDT,-1,2026-05-10 16:24:00+00:00,2026-05-10 16:25:00+00:00,2026-05-10 17:05:00+00:00,1.2542,1.292,30444.92510910856,-917.5714950759902,0.0,-917.5714950759902,0.0,-917.5714950759902,stop,2.1090881934607824,0.06719923607356759
DOGEUSDT,1,2026-05-11 00:04:00+00:00,2026-05-11 00:05:00+00:00,2026-05-11 03:25:00+00:00,0.11243,0.10891,30169.653660585765,-944.5626690853144,0.0,-944.5626690853144,0.0,-944.5626690853144,stop,-18.567157457183637,0.5488569391194222
SUIUSDT,-1,2026-05-11 00:04:00+00:00,2026-05-11 00:05:00+00:00,2026-05-11 04:10:00+00:00,1.3229,1.2804,30169.653660585765,969.2420293105264,0.0,969.2420293105264,0.0,969.2420293105264,timeout,58.85380630658874,5.231389049007906
BTCUSDT,1,2026-05-11 00:04:00+00:00,2026-05-11 00:05:00+00:00,2026-05-11 04:10:00+00:00,82052.6,80602.5,30169.653660585765,-533.1825533038024,0.0,-533.1825533038024,0.0,-533.1825533038024,timeout,-18.598142840973182,0.29410430714537283
XLMUSDT,1,2026-05-12 00:04:00+00:00,2026-05-12 00:05:00+00:00,2026-05-12 04:10:00+00:00,0.16859,0.16593,30017.10270266219,-473.60752825838745,0.0,-473.60752825838745,0.0,-473.60752825838745,timeout,-16.012911251171953,0.3504601469436788
LINKUSDT,-1,2026-05-12 00:04:00+00:00,2026-05-12 00:05:00+00:00,2026-05-12 04:10:00+00:00,10.567,10.46,30017.10270266219,303.9490857561103,0.0,303.9490857561103,0.0,303.9490857561103,timeout,15.743454828405763,0.5497361791214246
NEARUSDT,1,2026-05-12 00:04:00+00:00,2026-05-12 00:05:00+00:00,2026-05-12 04:10:00+00:00,1.544,1.523,30017.10270266219,-408.2637025621167,0.0,-408.2637025621167,0.0,-408.2637025621167,timeout,-14.764568890858012,0.5628788421577116
AAVEUSDT,1,2026-05-13 00:04:00+00:00,2026-05-13 00:05:00+00:00,2026-05-13 04:10:00+00:00,96.47,98.42,29843.726059142864,603.2472873984526,0.0,603.2472873984526,0.0,603.2472873984526,timeout,-9.611019177748423,0.258127514709508
UNIUSDT,1,2026-05-13 00:04:00+00:00,2026-05-13 00:05:00+00:00,2026-05-13 04:10:00+00:00,3.76,3.827,29843.726059142864,531.7897994581339,0.0,531.7897994581339,0.0,531.7897994581339,timeout,-7.514092427189277,0.2497200972570156
NEARUSDT,1,2026-05-13 00:04:00+00:00,2026-05-13 00:05:00+00:00,2026-05-13 04:10:00+00:00,1.603,1.671,29843.726059142864,1265.984636320472,0.0,1265.984636320472,0.0,1265.984636320472,timeout,-7.31669224237647,0.31562444499942044
SOLUSDT,1,2026-05-14 00:04:00+00:00,2026-05-14 00:05:00+00:00,2026-05-14 04:10:00+00:00,91.23,90.18,30564.032576095982,-351.7728182056428,0.0,-351.7728182056428,0.0,-351.7728182056428,timeout,-10.030956646950017,0.2596186278283844
NEARUSDT,1,2026-05-14 00:04:00+00:00,2026-05-14 00:05:00+00:00,2026-05-14 04:10:00+00:00,1.577,1.548,30564.032576095982,-562.0525965166659,0.0,-562.0525965166659,0.0,-562.0525965166659,timeout,-9.509282436836743,0.39634645542888713
BCHUSDT,-1,2026-05-14 00:04:00+00:00,2026-05-14 00:05:00+00:00,2026-05-14 04:10:00+00:00,434.68,431.74,30564.032576095982,206.7227748544268,0.0,206.7227748544268,0.0,206.7227748544268,timeout,6.37312032385712,0.2275297093338282
XRPUSDT,-1,2026-05-15 00:04:00+00:00,2026-05-15 00:05:00+00:00,2026-05-15 04:10:00+00:00,1.4865,1.4875,30351.901784135618,-20.418366487817483,0.0,-20.418366487817483,0.0,-20.418366487817483,timeout,24.244469710814464,1.0096022201409949
DOTUSDT,1,2026-05-15 00:04:00+00:00,2026-05-15 00:05:00+00:00,2026-05-15 04:10:00+00:00,1.365,1.354,30351.901784135618,-244.59408031171475,0.0,-244.59408031171475,0.0,-244.59408031171475,timeout,-23.274439936674252,0.719447086977778
HBARUSDT,-1,2026-05-15 00:04:00+00:00,2026-05-15 00:05:00+00:00,2026-05-15 04:10:00+00:00,0.09509,0.0949,30351.901784135618,60.64634913224899,0.0,60.64634913224899,0.0,60.64634913224899,timeout,19.832150444943057,0.7839866245153715
ETHUSDT,-1,2026-05-16 00:04:00+00:00,2026-05-16 00:05:00+00:00,2026-05-16 04:10:00+00:00,2224.79,2226.95,30290.591954835432,-29.408473888520387,0.0,-29.408473888520387,0.0,-29.408473888520387,timeout,20.796084713857525,0.6108595820341969
FILUSDT,1,2026-05-16 00:04:00+00:00,2026-05-16 00:05:00+00:00,2026-05-16 04:10:00+00:00,1.009,1.009,30290.591954835432,0.0,0.0,0.0,0.0,0.0,timeout,-14.644416985933601,0.5359182817360676
UNIUSDT,1,2026-05-16 00:04:00+00:00,2026-05-16 00:05:00+00:00,2026-05-16 04:10:00+00:00,3.609,3.585,30290.591954835432,-201.4336954602509,0.0,-201.4336954602509,0.0,-201.4336954602509,timeout,-10.478243869864729,0.35096019926691213
NEARUSDT,-1,2026-05-17 00:04:00+00:00,2026-05-17 00:05:00+00:00,2026-05-17 04:10:00+00:00,1.498,1.507,30221.339304030804,-181.57012932995357,0.0,-181.57012932995357,0.0,-181.57012932995357,timeout,9.475157559439053,0.6752018408785601
BTCUSDT,-1,2026-05-17 00:04:00+00:00,2026-05-17 00:05:00+00:00,2026-05-17 04:10:00+00:00,78194.9,78012.7,30221.339304030804,70.41799428344308,0.0,70.41799428344308,0.0,70.41799428344308,timeout,4.332268083776224,0.1019096253585825
XLMUSDT,1,2026-05-17 00:04:00+00:00,2026-05-17 00:05:00+00:00,2026-05-17 04:10:00+00:00,0.15195,0.15165,30221.339304030804,-59.66700751042356,0.0,-59.66700751042356,0.0,-59.66700751042356,timeout,-3.218563836900263,0.10134718262432785
ETHUSDT,1,2026-05-18 00:04:00+00:00,2026-05-18 00:05:00+00:00,2026-05-18 04:10:00+00:00,2123.0,2118.95,30170.093561263726,-57.554818145608415,0.0,-57.554818145608415,0.0,-57.554818145608415,timeout,-10.488776626638328,0.2646903613162308
LTCUSDT,1,2026-05-18 00:04:00+00:00,2026-05-18 00:05:00+00:00,2026-05-18 04:10:00+00:00,54.43,54.2,30170.093561263726,-127.48707549311999,0.0,-127.48707549311999,0.0,-127.48707549311999,timeout,-7.851020032850864,0.1704727174778865
BTCUSDT,-1,2026-05-18 00:04:00+00:00,2026-05-18 00:05:00+00:00,2026-05-18 04:10:00+00:00,77289.5,76964.8,30170.093561263726,126.74722154163545,0.0,126.74722154163545,0.0,126.74722154163545,timeout,7.61738263190576,0.18889844283059287
BCHUSDT,-1,2026-05-19 00:04:00+00:00,2026-05-19 00:05:00+00:00,2026-05-19 04:10:00+00:00,378.23,380.74,30152.605159634597,-200.09792705677205,0.0,-200.09792705677205,0.0,-200.09792705677205,timeout,16.74170490681456,0.7393225552651415
AAVEUSDT,1,2026-05-19 00:04:00+00:00,2026-05-19 00:05:00+00:00,2026-05-19 04:10:00+00:00,89.47,89.28,30152.605159634597,-64.03258053348108,0.0,-64.03258053348108,0.0,-64.03258053348108,timeout,-14.242434585435594,0.4161826894799242
ETHUSDT,-1,2026-05-19 00:04:00+00:00,2026-05-19 00:05:00+00:00,2026-05-19 04:10:00+00:00,2128.15,2134.34,30152.605159634597,-87.70275870504362,0.0,-87.70275870504362,0.0,-87.70275870504362,timeout,6.301936174825991,0.2209710210000031
XLMUSDT,-1,2026-05-20 00:04:00+00:00,2026-05-20 00:05:00+00:00,2026-05-20 04:10:00+00:00,0.14338,0.14309,30047.055179746007,60.77309249635093,0.0,60.77309249635093,0.0,60.77309249635093,timeout,18.250639830439187,0.8111907937009946
LTCUSDT,1,2026-05-20 00:04:00+00:00,2026-05-20 00:05:00+00:00,2026-05-20 04:10:00+00:00,54.4,53.82,30047.055179746007,-320.3546324311144,0.0,-320.3546324311144,0.0,-320.3546324311144,timeout,-9.82843046572041,0.2164456191995041
DOGEUSDT,1,2026-05-20 00:04:00+00:00,2026-05-20 00:05:00+00:00,2026-05-20 04:10:00+00:00,0.10294,0.10288,30047.055179746007,-17.513340885807303,0.0,-17.513340885807303,0.0,-17.513340885807303,timeout,-3.38754057443947,0.1611653758910605
XLMUSDT,1,2026-05-21 00:04:00+00:00,2026-05-21 00:05:00+00:00,2026-05-21 04:10:00+00:00,0.14393,0.1469,29963.926715499834,618.306554193247,0.0,618.306554193247,0.0,618.306554193247,timeout,-13.56601079041585,0.4081292957074073
BNBUSDT,-1,2026-05-21 00:04:00+00:00,2026-05-21 00:05:00+00:00,2026-05-21 04:10:00+00:00,650.64,654.64,29963.926715499834,-184.212017186154,0.0,-184.212017186154,0.0,-184.212017186154,timeout,11.356487506091913,0.2844291707848341
ADAUSDT,-1,2026-05-21 00:04:00+00:00,2026-05-21 00:05:00+00:00,2026-05-21 04:10:00+00:00,0.2489,0.2519,29963.926715499834,-361.1562079007644,0.0,-361.1562079007644,0.0,-361.1562079007644,timeout,10.59938738698421,0.3920502347589543
NEARUSDT,1,2026-05-22 00:04:00+00:00,2026-05-22 00:05:00+00:00,2026-05-22 04:10:00+00:00,1.923,2.119,29985.80821423173,3056.275824227472,0.0,3056.275824227472,0.0,3056.275824227472,timeout,-8.409816366828082,0.39557198808656024
AAVEUSDT,1,2026-05-22 00:04:00+00:00,2026-05-22 00:05:00+00:00,2026-05-22 04:10:00+00:00,87.98,88.29,29985.80821423173,105.65583708129128,0.0,105.65583708129128,0.0,105.65583708129128,timeout,-5.306202395661794,0.20399407368836076
ADAUSDT,-1,2026-05-22 00:04:00+00:00,2026-05-22 00:05:00+00:00,2026-05-22 04:10:00+00:00,0.2505,0.2523,29985.80821423173,-215.46688537173068,0.0,-215.46688537173068,0.0,-215.46688537173068,timeout,3.3631210972386425,0.11975567240296092
BCHUSDT,-1,2026-05-23 00:04:00+00:00,2026-05-23 00:05:00+00:00,2026-05-23 04:10:00+00:00,360.92,363.41,30869.74764701284,-212.9714940736492,0.0,-212.9714940736492,0.0,-212.9714940736492,timeout,13.382729947170523,0.6588216470357349
XLMUSDT,-1,2026-05-23 00:04:00+00:00,2026-05-23 00:05:00+00:00,2026-05-23 04:10:00+00:00,0.14342,0.14437,30869.74764701284,-204.47817783197718,0.0,-204.47817783197718,0.0,-204.47817783197718,timeout,7.866675458173614,0.4065174154887716
LTCUSDT,1,2026-05-23 00:04:00+00:00,2026-05-23 00:05:00+00:00,2026-05-23 04:10:00+00:00,52.63,52.91,30869.74764701284,164.23198444163847,0.0,164.23198444163847,0.0,164.23198444163847,timeout,-7.284227682714701,0.18031460266827892
NEARUSDT,-1,2026-05-24 00:04:00+00:00,2026-05-24 00:05:00+00:00,2026-05-24 04:10:00+00:00,2.434,2.36,30793.782340773643,936.2119528419308,0.0,936.2119528419308,0.0,936.2119528419308,timeout,9.051698229932438,0.7754968586286657
BCHUSDT,1,2026-05-24 00:04:00+00:00,2026-05-24 00:05:00+00:00,2026-05-24 04:10:00+00:00,354.48,354.3,30793.782340773643,-15.636653185904544,0.0,-15.636653185904544,0.0,-15.636653185904544,timeout,-6.928252897282146,0.2564407072485253
BTCUSDT,-1,2026-05-24 00:04:00+00:00,2026-05-24 00:05:00+00:00,2026-05-24 04:10:00+00:00,76666.5,76754.5,30793.782340773643,-35.34598352589244,0.0,-35.34598352589244,0.0,-35.34598352589244,timeout,6.438214199407908,0.17062012478673005
BCHUSDT,1,2026-05-25 00:04:00+00:00,2026-05-25 00:05:00+00:00,2026-05-25 04:10:00+00:00,347.17,344.99,31059.351135612676,-195.03236303723327,0.0,-195.03236303723327,0.0,-195.03236303723327,timeout,-6.00422339873243,0.2335534902172891
AAVEUSDT,1,2026-05-25 00:04:00+00:00,2026-05-25 00:05:00+00:00,2026-05-25 04:10:00+00:00,85.73,85.51,31059.351135612676,-79.70438877679494,0.0,-79.70438877679494,0.0,-79.70438877679494,timeout,-5.3549976038196565,0.20437215586979085
NEARUSDT,-1,2026-05-25 00:04:00+00:00,2026-05-25 00:05:00+00:00,2026-05-25 04:10:00+00:00,2.395,2.344,31059.351135612676,661.3891056017746,0.0,661.3891056017746,0.0,661.3891056017746,timeout,3.9191530931901113,0.30097730077432483
TRXUSDT,1,2026-05-26 00:04:00+00:00,2026-05-26 00:05:00+00:00,2026-05-26 04:10:00+00:00,0.37181,0.37389,31175.346841749004,174.40284400860233,0.0,174.40284400860233,0.0,174.40284400860233,timeout,-5.806607234394903,0.14047323137883616
ETHUSDT,-1,2026-05-26 00:04:00+00:00,2026-05-26 00:05:00+00:00,2026-05-26 04:10:00+00:00,2110.8,2089.79,31175.346841749004,310.3060626990482,0.0,310.3060626990482,0.0,310.3060626990482,timeout,5.596011767615947,0.2051827495225078
ADAUSDT,-1,2026-05-26 00:04:00+00:00,2026-05-26 00:05:00+00:00,2026-05-26 04:10:00+00:00,0.2432,0.2405,31175.346841749004,346.10788023323266,0.0,346.10788023323266,0.0,346.10788023323266,timeout,4.757457053018576,0.17609544505199848
NEARUSDT,1,2026-05-27 00:04:00+00:00,2026-05-27 00:05:00+00:00,2026-05-27 02:30:00+00:00,2.553,2.469,31424.591877831266,-1033.9466187770586,0.0,-1033.9466187770586,0.0,-1033.9466187770586,stop,-8.419889996097591,0.43658727260623154
TRXUSDT,-1,2026-05-27 00:04:00+00:00,2026-05-27 00:05:00+00:00,2026-05-27 04:10:00+00:00,0.37526,0.37333,31424.591877831266,161.61984310668453,0.0,161.61984310668453,0.0,161.61984310668453,timeout,4.21993060314564,0.10251254465728565
LTCUSDT,-1,2026-05-27 00:04:00+00:00,2026-05-27 00:05:00+00:00,2026-05-27 04:10:00+00:00,51.95,52.04,31424.591877831266,-54.44106388844735,0.0,-54.44106388844735,0.0,-54.44106388844735,timeout,3.4721740327835953,0.10243957727714181
HBARUSDT,1,2026-05-28 00:04:00+00:00,2026-05-28 00:05:00+00:00,2026-05-28 04:00:00+00:00,0.08578,0.08282,31146.56152596362,-1074.7706005695024,0.0,-1074.7706005695024,0.0,-1074.7706005695024,stop,-6.844153375121644,0.20322313148893756
NEARUSDT,-1,2026-05-28 00:04:00+00:00,2026-05-28 00:05:00+00:00,2026-05-28 04:10:00+00:00,2.494,2.431,31146.56152596362,786.7816263575451,0.0,786.7816263575451,0.0,786.7816263575451,timeout,13.284213857704081,1.5959407306124298
DOGEUSDT,-1,2026-05-28 00:04:00+00:00,2026-05-28 00:05:00+00:00,2026-05-28 04:10:00+00:00,0.10065,0.09812,31146.56152596362,782.9190328930775,0.0,782.9190328930775,0.0,782.9190328930775,timeout,7.132132352173889,0.4693823406994815
XLMUSDT,-1,2026-05-28 13:44:00+00:00,2026-05-28 13:45:00+00:00,2026-05-28 14:15:00+00:00,0.20344,0.19408,31295.040543567957,1439.842604639186,0.0,1439.842604639186,0.0,1439.842604639186,repair50,2.238562652213643,0.10705889086537423
HBARUSDT,-1,2026-05-29 00:04:00+00:00,2026-05-29 00:05:00+00:00,2026-05-29 04:10:00+00:00,0.09157,0.09024,31726.993324959712,460.81578161184314,0.0,460.81578161184314,0.0,460.81578161184314,timeout,32.95693330870284,2.108481237440355
XLMUSDT,-1,2026-05-29 00:04:00+00:00,2026-05-29 00:05:00+00:00,2026-05-29 04:10:00+00:00,0.20679,0.20281,31726.993324959712,610.6360725051487,0.0,610.6360725051487,0.0,610.6360725051487,timeout,32.556372502736814,3.4055949860113133
ADAUSDT,1,2026-05-29 00:04:00+00:00,2026-05-29 00:05:00+00:00,2026-05-29 04:10:00+00:00,0.2353,0.2325,31726.993324959712,-377.5417820224704,0.0,-377.5417820224704,0.0,-377.5417820224704,timeout,-16.44220981286644,0.3854350172053328
XLMUSDT,-1,2026-05-30 00:04:00+00:00,2026-05-30 00:05:00+00:00,2026-05-30 00:20:00+00:00,0.2594,0.26735,31935.16634658807,-978.7377504062233,0.0,-978.7377504062233,0.0,-978.7377504062233,stop,7.21926023358991,0.6944065723552602
NEARUSDT,1,2026-05-30 00:04:00+00:00,2026-05-30 00:05:00+00:00,2026-05-30 04:10:00+00:00,2.377,2.344,31935.16634658807,-443.35737881253755,0.0,-443.35737881253755,0.0,-443.35737881253755,timeout,-7.211690132586126,0.4488635293487574
LTCUSDT,1,2026-05-30 00:04:00+00:00,2026-05-30 00:05:00+00:00,2026-05-30 04:10:00+00:00,51.95,52.25,31935.16634658807,184.41866995142226,0.0,184.41866995142226,0.0,184.41866995142226,timeout,-6.373045397480961,0.16670909697636616
AVAXUSDT,1,2026-05-30 00:19:00+00:00,2026-05-30 00:20:00+00:00,2026-05-30 04:25:00+00:00,8.834,8.915,31674.473490923832,290.4270265751437,0.0,290.4270265751437,0.0,290.4270265751437,timeout,-5.663975638520217,0.15981770678743645
XLMUSDT,-1,2026-05-31 00:04:00+00:00,2026-05-31 00:05:00+00:00,2026-05-31 02:00:00+00:00,0.22766,0.23652,31650.991516780414,-1231.7832945562475,0.0,-1231.7832945562475,0.0,-1231.7832945562475,stop,9.305675587930791,1.0220890047200069
HBARUSDT,-1,2026-05-31 00:04:00+00:00,2026-05-31 00:05:00+00:00,2026-05-31 04:10:00+00:00,0.09469,0.09515,31650.991516780414,-153.75917306704852,0.0,-153.75917306704852,0.0,-153.75917306704852,timeout,11.330284152539619,0.8900719860284965
NEARUSDT,-1,2026-05-31 00:04:00+00:00,2026-05-31 00:05:00+00:00,2026-05-31 04:10:00+00:00,2.248,2.29,31650.991516780414,-591.344147555505,0.0,-591.344147555505,0.0,-591.344147555505,timeout,7.916397001615057,0.9720750917874124
TRXUSDT,-1,2026-06-01 00:04:00+00:00,2026-06-01 00:05:00+00:00,2026-06-01 04:10:00+00:00,0.35102,0.35056,31057.925532226775,40.70037531999446,0.0,40.70037531999446,0.0,40.70037531999446,timeout,5.397418548529861,0.14250298929921268
BCHUSDT,-1,2026-06-01 00:04:00+00:00,2026-06-01 00:05:00+00:00,2026-06-01 04:10:00+00:00,303.54,300.09,31057.925532226775,353.00073494822243,0.0,353.00073494822243,0.0,353.00073494822243,timeout,4.237189153490373,0.21657825202816405
SOLUSDT,-1,2026-06-01 00:04:00+00:00,2026-06-01 00:05:00+00:00,2026-06-01 04:10:00+00:00,82.69,82.41,31057.925532226775,105.16651528629107,0.0,105.16651528629107,0.0,105.16651528629107,timeout,3.9171520333316927,0.10835132347783238
BNBUSDT,1,2026-06-02 00:04:00+00:00,2026-06-02 00:05:00+00:00,2026-06-02 04:10:00+00:00,692.46,690.94,31207.585819893124,-68.5029177804317,0.0,-68.5029177804317,0.0,-68.5029177804317,timeout,-18.68158741893647,0.3566476476678788
UNIUSDT,-1,2026-06-02 00:04:00+00:00,2026-06-02 00:05:00+00:00,2026-06-02 04:10:00+00:00,2.981,2.949,31207.585819893124,335.0025985362555,0.0,335.0025985362555,0.0,335.0025985362555,timeout,15.653903627783007,0.9066385836339155
XLMUSDT,-1,2026-06-02 00:04:00+00:00,2026-06-02 00:05:00+00:00,2026-06-02 04:10:00+00:00,0.24243,0.23298,31207.585819893124,1216.4818132986452,0.0,1216.4818132986452,0.0,1216.4818132986452,timeout,7.839473570106192,0.8831388506716003
ETHUSDT,-1,2026-06-03 00:04:00+00:00,2026-06-03 00:05:00+00:00,2026-06-03 04:10:00+00:00,1858.94,1839.86,31652.480268109466,324.87833040094637,0.0,324.87833040094637,0.0,324.87833040094637,timeout,16.85934019770288,0.7951590934034776
TRXUSDT,1,2026-06-03 00:04:00+00:00,2026-06-03 00:05:00+00:00,2026-06-03 04:10:00+00:00,0.33153,0.32966,31652.480268109466,-178.53629566363168,0.0,-178.53629566363168,0.0,-178.53629566363168,timeout,-11.643295162452734,0.23089166217419343
ADAUSDT,1,2026-06-03 00:04:00+00:00,2026-06-03 00:05:00+00:00,2026-06-03 04:10:00+00:00,0.213,0.2104,31652.480268109466,-386.3683037421784,0.0,-386.3683037421784,0.0,-386.3683037421784,timeout,-10.7684371219972,0.3197988098582061
ADAUSDT,1,2026-06-04 00:04:00+00:00,2026-06-04 00:05:00+00:00,2026-06-04 01:25:00+00:00,0.2013,0.1932,31580.47238740801,-1270.7492614903372,0.0,-1270.7492614903372,0.0,-1270.7492614903372,stop,-15.978485677335271,0.451813311945197
FILUSDT,-1,2026-06-04 00:04:00+00:00,2026-06-04 00:05:00+00:00,2026-06-04 04:10:00+00:00,0.933,0.89,31580.47238740801,1455.477291166716,0.0,1455.477291166716,0.0,1455.477291166716,timeout,23.613796323517782,3.3668513484043405
LTCUSDT,-1,2026-06-04 00:04:00+00:00,2026-06-04 00:05:00+00:00,2026-06-04 04:10:00+00:00,47.38,46.83,31580.47238740801,366.59476177869414,0.0,366.59476177869414,0.0,366.59476177869414,timeout,11.823787495574019,0.42188890198325946
XLMUSDT,1,2026-06-04 01:24:00+00:00,2026-06-04 01:25:00+00:00,2026-06-04 05:30:00+00:00,0.20231,0.20851,31955.984496725614,979.3243234625058,0.0,979.3243234625058,0.0,979.3243234625058,timeout,-5.154830271216751,0.3685581534459734
NEARUSDT,-1,2026-06-05 00:04:00+00:00,2026-06-05 00:05:00+00:00,2026-06-05 00:35:00+00:00,2.205,2.276,32039.66652188328,-1031.6627315436313,0.0,-1031.6627315436313,0.0,-1031.6627315436313,stop,39.62394802379709,37.998331930584854
LTCUSDT,1,2026-06-05 00:04:00+00:00,2026-06-05 00:05:00+00:00,2026-06-05 04:10:00+00:00,45.51,45.14,32039.66652188328,-260.48509367384565,0.0,-260.48509367384565,0.0,-260.48509367384565,timeout,-17.0362897338872,0.42489701797550194
BCHUSDT,1,2026-06-05 00:04:00+00:00,2026-06-05 00:05:00+00:00,2026-06-05 04:10:00+00:00,244.85,240.9,32039.66652188328,-516.8743425012806,0.0,-516.8743425012806,0.0,-516.8743425012806,timeout,-16.322224604568902,0.5170309047792059
AAVEUSDT,-1,2026-06-05 00:34:00+00:00,2026-06-05 00:35:00+00:00,2026-06-05 04:40:00+00:00,71.49,69.56,31770.202379011913,857.6932520841048,0.0,857.6932520841048,0.0,857.6932520841048,timeout,11.008076273546127,0.7684928056350921
AAVEUSDT,1,2026-06-06 00:04:00+00:00,2026-06-06 00:05:00+00:00,2026-06-06 02:20:00+00:00,62.74,60.67,31754.26784719288,-1047.678266555455,0.0,-1047.678266555455,0.0,-1047.678266555455,stop,-27.815156415771266,0.7869689815026267
AVAXUSDT,-1,2026-06-06 00:04:00+00:00,2026-06-06 00:05:00+00:00,2026-06-06 04:10:00+00:00,6.804,6.358,31754.26784719288,2081.4819899835443,0.0,2081.4819899835443,0.0,2081.4819899835443,timeout,21.64161879072918,0.7139952837102734
SOLUSDT,-1,2026-06-06 00:04:00+00:00,2026-06-06 00:05:00+00:00,2026-06-06 04:10:00+00:00,64.3,61.84,31754.26784719288,1214.860014060565,0.0,1214.860014060565,0.0,1214.860014060565,timeout,18.091910203189244,0.47649438031512314
TRXUSDT,1,2026-06-06 02:19:00+00:00,2026-06-06 02:20:00+00:00,2026-06-06 06:25:00+00:00,0.31923,0.32093,31786.02074618305,169.27054245688055,0.0,169.27054245688055,0.0,169.27054245688055,timeout,-3.21101818061592,0.0872569664629228
AVAXUSDT,-1,2026-06-07 00:04:00+00:00,2026-06-07 00:05:00+00:00,2026-06-07 04:10:00+00:00,6.687,6.73,32479.648131176546,-208.85671745783978,0.0,-208.85671745783978,0.0,-208.85671745783978,timeout,9.887251913797906,0.37583145085432457
BNBUSDT,1,2026-06-07 00:04:00+00:00,2026-06-07 00:05:00+00:00,2026-06-07 04:10:00+00:00,575.37,580.63,32479.648131176546,296.92710633155633,0.0,296.92710633155633,0.0,296.92710633155633,timeout,-7.865509096400638,0.20410561564205132
BCHUSDT,-1,2026-06-07 00:04:00+00:00,2026-06-07 00:05:00+00:00,2026-06-07 04:10:00+00:00,217.32,221.18,32479.648131176546,-576.8978547135177,0.0,-576.8978547135177,0.0,-576.8978547135177,timeout,7.228971780477616,0.5014506151118157
DOGEUSDT,-1,2026-06-08 00:04:00+00:00,2026-06-08 00:05:00+00:00,2026-06-08 04:10:00+00:00,0.08616,0.08546,32332.999891424606,262.68686077062904,0.0,262.68686077062904,0.0,262.68686077062904,timeout,8.336328515041764,0.7086045324911876
BCHUSDT,-1,2026-06-08 00:04:00+00:00,2026-06-08 00:05:00+00:00,2026-06-08 04:10:00+00:00,230.24,221.0,32332.999891424606,1297.5891200345889,0.0,1297.5891200345889,0.0,1297.5891200345889,timeout,7.8952266521287955,0.5826289750166471
XLMUSDT,-1,2026-06-08 00:04:00+00:00,2026-06-08 00:05:00+00:00,2026-06-08 04:10:00+00:00,0.2051,0.20016,32332.999891424606,778.7665502858978,0.0,778.7665502858978,0.0,778.7665502858978,timeout,7.4070217975196915,0.9779851567694395
TRXUSDT,-1,2026-06-09 00:04:00+00:00,2026-06-09 00:05:00+00:00,2026-06-09 04:10:00+00:00,0.32632,0.32494,33034.71265075194,139.7030628157541,0.0,139.7030628157541,0.0,139.7030628157541,timeout,4.279424376161656,0.11507505978145915
BNBUSDT,-1,2026-06-09 00:04:00+00:00,2026-06-09 00:05:00+00:00,2026-06-09 04:10:00+00:00,601.87,599.33,33034.71265075194,139.41244809162802,0.0,139.41244809162802,0.0,139.41244809162802,timeout,4.081700149916093,0.1337195730350338
DOTUSDT,-1,2026-06-09 00:04:00+00:00,2026-06-09 00:05:00+00:00,2026-06-09 04:10:00+00:00,0.972,0.959,33034.71265075194,441.82228853886414,0.0,441.82228853886414,0.0,441.82228853886414,timeout,3.3780278799484544,0.2518695007642582
SUIUSDT,1,2026-06-10 00:04:00+00:00,2026-06-10 00:05:00+00:00,2026-06-10 04:10:00+00:00,0.7519,0.7436,33250.99399058582,-367.04781237114213,0.0,-367.04781237114213,0.0,-367.04781237114213,timeout,-3.5579153273331965,0.18945959293816705
XLMUSDT,-1,2026-06-10 00:04:00+00:00,2026-06-10 00:05:00+00:00,2026-06-10 04:10:00+00:00,0.19287,0.18751,33250.99399058582,924.0697246307888,0.0,924.0697246307888,0.0,924.0697246307888,timeout,3.4589071662828297,0.38509076597028025
DOGEUSDT,-1,2026-06-10 00:04:00+00:00,2026-06-10 00:05:00+00:00,2026-06-10 04:10:00+00:00,0.08502,0.08396,33250.99399058582,414.56191049189135,0.0,414.56191049189135,0.0,414.56191049189135,timeout,3.1860041384705715,0.20152975588425748
SUIUSDT,-1,2026-06-11 00:04:00+00:00,2026-06-11 00:05:00+00:00,2026-06-11 04:00:00+00:00,0.7277,0.7552,33542.46913741127,-1267.579911060612,0.0,-1267.579911060612,0.0,-1267.579911060612,stop,4.668981807013145,0.3150846867786108
SOLUSDT,-1,2026-06-11 00:04:00+00:00,2026-06-11 00:05:00+00:00,2026-06-11 04:00:00+00:00,63.22,65.23,33542.46913741127,-1066.440413891126,0.0,-1066.440413891126,0.0,-1066.440413891126,stop,4.41801895754942,0.1227275958714189
NEARUSDT,-1,2026-06-11 00:04:00+00:00,2026-06-11 00:05:00+00:00,2026-06-11 04:10:00+00:00,1.98,2.015,33542.46913741127,-592.9224342471709,0.0,-592.9224342471709,0.0,-592.9224342471709,timeout,3.190968706674449,0.738969441137957
LINKUSDT,-1,2026-06-12 00:04:00+00:00,2026-06-12 00:05:00+00:00,2026-06-12 04:10:00+00:00,7.866,7.884,32664.386309651603,-74.74687942712376,0.0,-74.74687942712376,0.0,-74.74687942712376,timeout,9.849326324855467,0.3900750010032674
SOLUSDT,-1,2026-06-12 00:04:00+00:00,2026-06-12 00:05:00+00:00,2026-06-12 04:10:00+00:00,66.74,66.89,32664.386309651603,-73.41411367168071,0.0,-73.41411367168071,0.0,-73.41411367168071,timeout,9.694180626461334,0.26012285279921743
UNIUSDT,-1,2026-06-12 00:04:00+00:00,2026-06-12 00:05:00+00:00,2026-06-12 04:10:00+00:00,2.491,2.516,32664.386309651603,-327.82402960308644,0.0,-327.82402960308644,0.0,-327.82402960308644,timeout,9.057992518981816,0.50145711596154
BNBUSDT,1,2026-06-13 00:04:00+00:00,2026-06-13 00:05:00+00:00,2026-06-13 04:10:00+00:00,603.83,600.61,32521.590802841038,-173.4255045048272,0.0,-173.4255045048272,0.0,-173.4255045048272,timeout,-9.399391183831034,0.2411733064191599
TRXUSDT,1,2026-06-13 00:04:00+00:00,2026-06-13 00:05:00+00:00,2026-06-13 04:10:00+00:00,0.31521,0.3153,32521.590802841038,9.285692624779793,0.0,9.285692624779793,0.0,9.285692624779793,timeout,-5.342192435773156,0.12735199488527815
SUIUSDT,1,2026-06-13 00:04:00+00:00,2026-06-13 00:05:00+00:00,2026-06-13 04:10:00+00:00,0.7495,0.748,32521.590802841038,-65.08657265411887,0.0,-65.08657265411887,0.0,-65.08657265411887,timeout,-5.190390151567049,0.2637576918051763
LTCUSDT,-1,2026-06-15 00:04:00+00:00,2026-06-15 00:05:00+00:00,2026-06-15 04:10:00+00:00,45.34,45.26,32452.822887480783,57.26126667398807,0.0,57.26126667398807,0.0,57.26126667398807,timeout,7.585322485232776,0.3008393587823339
AVAXUSDT,1,2026-06-15 00:04:00+00:00,2026-06-15 00:05:00+00:00,2026-06-15 04:10:00+00:00,6.778,6.762,32452.822887480783,-76.60743083500795,0.0,-76.60743083500795,0.0,-76.60743083500795,timeout,-5.464007348005305,0.16886394578257058
ADAUSDT,-1,2026-06-15 00:04:00+00:00,2026-06-15 00:05:00+00:00,2026-06-15 04:10:00+00:00,0.1843,0.181,32452.822887480783,581.0868992332407,0.0,581.0868992332407,0.0,581.0868992332407,timeout,3.3459353722708784,0.16863583937918358
XRPUSDT,1,2026-06-16 00:04:00+00:00,2026-06-16 00:05:00+00:00,2026-06-16 04:10:00+00:00,1.2367,1.2269,32621.34510800245,-258.501804850343,0.0,-258.501804850343,0.0,-258.501804850343,timeout,-7.473536504319983,0.2528033855586601
BTCUSDT,-1,2026-06-16 00:04:00+00:00,2026-06-16 00:05:00+00:00,2026-06-16 04:10:00+00:00,66282.3,66150.0,32621.34510800245,65.11246528543575,0.0,65.11246528543575,0.0,65.11246528543575,timeout,6.87272112659984,0.15528286533822677
UNIUSDT,1,2026-06-16 00:04:00+00:00,2026-06-16 00:05:00+00:00,2026-06-16 04:10:00+00:00,2.839,2.87,32621.34510800245,356.2034865614946,0.0,356.2034865614946,0.0,356.2034865614946,timeout,-4.233788267317485,0.15666891062139487
UNIUSDT,-1,2026-06-17 00:04:00+00:00,2026-06-17 00:05:00+00:00,2026-06-17 00:45:00+00:00,3.312,3.416,32670.189352101428,-1025.8755110563295,0.0,-1025.8755110563295,0.0,-1025.8755110563295,stop,5.098071905304768,0.228358755620804
SUIUSDT,1,2026-06-17 00:04:00+00:00,2026-06-17 00:05:00+00:00,2026-06-17 04:10:00+00:00,0.7979,0.8064,32670.189352101428,348.0343520401787,0.0,348.0343520401787,0.0,348.0343520401787,timeout,-2.9041439283513375,0.154022552256604
DOGEUSDT,1,2026-06-17 00:04:00+00:00,2026-06-17 00:05:00+00:00,2026-06-17 04:10:00+00:00,0.08714,0.0875,32670.189352101428,134.9697976446696,0.0,134.9697976446696,0.0,134.9697976446696,timeout,-2.8454446473509813,0.13546309148094593
HBARUSDT,1,2026-06-17 00:44:00+00:00,2026-06-17 00:45:00+00:00,2026-06-17 04:50:00+00:00,0.08075,0.08143,32441.929164719073,273.1951929660533,0.0,273.1951929660533,0.0,273.1951929660533,timeout,-2.138826574883357,0.11917521724651226
XLMUSDT,-1,2026-06-18 00:04:00+00:00,2026-06-18 00:05:00+00:00,2026-06-18 01:10:00+00:00,0.2268,0.23374,32589.2865015798,-997.2206716091875,0.0,-997.2206716091875,0.0,-997.2206716091875,stop,3.5483158770072,0.39145173914128395
UNIUSDT,-1,2026-06-18 00:04:00+00:00,2026-06-18 00:05:00+00:00,2026-06-18 02:40:00+00:00,3.219,3.323,32589.2865015798,-1052.9002162672573,0.0,-1052.9002162672573,0.0,-1052.9002162672573,stop,14.758453782363556,0.8380820039521557
SOLUSDT,1,2026-06-18 00:04:00+00:00,2026-06-18 00:05:00+00:00,2026-06-18 04:10:00+00:00,72.11,71.29,32589.2865015798,-370.58958440293037,0.0,-370.58958440293037,0.0,-370.58958440293037,timeout,-2.7406890957076544,0.06612010017683323
AVAXUSDT,1,2026-06-19 00:04:00+00:00,2026-06-19 00:05:00+00:00,2026-06-19 04:05:00+00:00,6.307,6.099,31863.07335989599,-1050.8196066051,0.0,-1050.8196066051,0.0,-1050.8196066051,stop,-11.14456608563508,0.3197349793342301
XRPUSDT,-1,2026-06-19 00:04:00+00:00,2026-06-19 00:05:00+00:00,2026-06-19 04:10:00+00:00,1.1458,1.1363,31863.07335989599,264.18152986472796,0.0,264.18152986472796,0.0,264.18152986472796,timeout,5.1621861083828735,0.22722508537779063
ADAUSDT,-1,2026-06-19 00:04:00+00:00,2026-06-19 00:05:00+00:00,2026-06-19 04:10:00+00:00,0.1635,0.1615,31863.07335989599,389.7623652586654,0.0,389.7623652586654,0.0,389.7623652586654,timeout,4.657045328672952,0.23350961368566314
AVAXUSDT,-1,2026-06-20 00:04:00+00:00,2026-06-20 00:05:00+00:00,2026-06-20 04:10:00+00:00,5.89,5.933,31744.010646451476,-231.74744614557358,0.0,-231.74744614557358,0.0,-231.74744614557358,timeout,5.301587516846733,0.22200531284640235
TRXUSDT,-1,2026-06-20 00:04:00+00:00,2026-06-20 00:05:00+00:00,2026-06-20 04:10:00+00:00,0.3238,0.3221,31744.010646451476,166.6609576867406,0.0,166.6609576867406,0.0,166.6609576867406,timeout,3.0719158080899183,0.07659973393768671
BCHUSDT,1,2026-06-20 00:04:00+00:00,2026-06-20 00:05:00+00:00,2026-06-20 04:10:00+00:00,198.14,197.44,31744.010646451476,-112.14700440353118,0.0,-112.14700440353118,0.0,-112.14700440353118,timeout,-3.0262107300610683,0.15717156297924195
AVAXUSDT,-1,2026-06-21 00:04:00+00:00,2026-06-21 00:05:00+00:00,2026-06-21 04:10:00+00:00,6.237,6.243,31690.84059859276,-30.486619142468253,0.0,-30.486619142468253,0.0,-30.486619142468253,timeout,4.316299072654022,0.18176851482263623
UNIUSDT,1,2026-06-21 00:04:00+00:00,2026-06-21 00:05:00+00:00,2026-06-21 04:10:00+00:00,3.002,2.972,31690.84059859276,-316.6972744696118,0.0,-316.6972744696118,0.0,-316.6972744696118,timeout,-3.755688023753072,0.16094748172084994
DOTUSDT,-1,2026-06-21 00:04:00+00:00,2026-06-21 00:05:00+00:00,2026-06-21 04:10:00+00:00,0.968,0.97,31690.84059859276,-65.47694338552026,0.0,-65.47694338552026,0.0,-65.47694338552026,timeout,2.9664004228031398,0.11821066358418042
DOTUSDT,1,2026-06-22 00:04:00+00:00,2026-06-22 00:05:00+00:00,2026-06-22 04:10:00+00:00,0.943,0.952,31567.04234749348,301.276119965476,0.0,301.276119965476,0.0,301.276119965476,timeout,-2.703138620027231,0.0893781729462284
NEARUSDT,1,2026-06-22 00:04:00+00:00,2026-06-22 00:05:00+00:00,2026-06-22 04:10:00+00:00,2.105,2.137,31567.04234749348,479.87902856046975,0.0,479.87902856046975,0.0,479.87902856046975,timeout,-2.3207785584290397,0.32906209714159385
SUIUSDT,-1,2026-06-22 00:04:00+00:00,2026-06-22 00:05:00+00:00,2026-06-22 04:10:00+00:00,0.6955,0.7016,31567.04234749348,-276.8640665991537,0.0,-276.8640665991537,0.0,-276.8640665991537,timeout,2.2974288272157697,0.14114759212606187
TRXUSDT,-1,2026-06-23 00:04:00+00:00,2026-06-23 00:05:00+00:00,2026-06-23 04:10:00+00:00,0.33408,0.3334,31718.329672071515,64.560776391909,0.0,64.560776391909,0.0,64.560776391909,timeout,6.037632591186937,0.1547497254337784
UNIUSDT,1,2026-06-23 00:04:00+00:00,2026-06-23 00:05:00+00:00,2026-06-23 04:10:00+00:00,2.978,2.989,31718.329672071515,117.15971336224644,0.0,117.15971336224644,0.0,117.15971336224644,timeout,-5.22552458679147,0.21788027523885245
ETHUSDT,-1,2026-06-23 00:04:00+00:00,2026-06-23 00:05:00+00:00,2026-06-23 04:10:00+00:00,1727.33,1729.97,31718.329672071515,-48.477355418058764,0.0,-48.477355418058764,0.0,-48.477355418058764,timeout,3.4207272563741578,0.11865972151417647
TRXUSDT,1,2026-06-24 00:04:00+00:00,2026-06-24 00:05:00+00:00,2026-06-24 04:10:00+00:00,0.32885,0.3291,31758.302612372347,24.143456448512058,0.0,24.143456448512058,0.0,24.143456448512058,timeout,-4.212674764392744,0.09526457203373628
UNIUSDT,-1,2026-06-24 00:04:00+00:00,2026-06-24 00:05:00+00:00,2026-06-24 04:10:00+00:00,2.926,2.907,31758.302612372347,206.2227442361859,0.0,206.2227442361859,0.0,206.2227442361859,timeout,2.8774452600015357,0.14767502115399567
BTCUSDT,-1,2026-06-24 00:04:00+00:00,2026-06-24 00:05:00+00:00,2026-06-24 04:10:00+00:00,62721.1,62608.6,31758.302612372347,56.96343086922752,0.0,56.96343086922752,0.0,56.96343086922752,timeout,2.6451238233027325,0.052831176311147976
BTCUSDT,-1,2026-06-25 00:04:00+00:00,2026-06-25 00:05:00+00:00,2026-06-25 04:10:00+00:00,61079.9,60814.3,31844.501501838524,138.47271522854848,0.0,138.47271522854848,0.0,138.47271522854848,timeout,5.459241053859257,0.11265781884558046
FILUSDT,1,2026-06-25 00:04:00+00:00,2026-06-25 00:05:00+00:00,2026-06-25 04:10:00+00:00,0.749,0.747,31844.501501838524,-85.03204673388225,0.0,-85.03204673388225,0.0,-85.03204673388225,timeout,-5.012033839726555,0.2928149982516616
SOLUSDT,-1,2026-06-25 00:04:00+00:00,2026-06-25 00:05:00+00:00,2026-06-25 04:10:00+00:00,68.12,67.61,31844.501501838524,238.41303238311468,0.0,238.41303238311468,0.0,238.41303238311468,timeout,4.9331329711041985,0.12592622132599618
FILUSDT,1,2026-06-26 00:04:00+00:00,2026-06-26 00:05:00+00:00,2026-06-26 02:15:00+00:00,0.736,0.706,31932.057612101864,-1301.5784352758917,0.0,-1301.5784352758917,0.0,-1301.5784352758917,stop,-8.129392824302084,0.43598652188099807
BNBUSDT,-1,2026-06-26 00:04:00+00:00,2026-06-26 00:05:00+00:00,2026-06-26 04:10:00+00:00,561.68,561.98,31932.057612101864,-17.05529355439314,0.0,-17.05529355439314,0.0,-17.05529355439314,timeout,8.797553002382282,0.2850674386736598
AAVEUSDT,-1,2026-06-26 00:04:00+00:00,2026-06-26 00:05:00+00:00,2026-06-26 04:10:00+00:00,81.82,84.06,31932.057612101864,-874.20935041687,0.0,-874.20935041687,0.0,-874.20935041687,timeout,8.542122874808761,0.8917937770451301
HBARUSDT,1,2026-06-26 02:14:00+00:00,2026-06-26 02:15:00+00:00,2026-06-26 06:20:00+00:00,0.07189,0.0728,31756.171650503144,401.97685633548497,0.0,401.97685633548497,0.0,401.97685633548497,timeout,-2.9443598602504157,0.11823258024672267
XLMUSDT,1,2026-06-27 00:04:00+00:00,2026-06-27 00:05:00+00:00,2026-06-27 04:10:00+00:00,0.17741,0.17426,31394.79774522836,-557.4297553546577,0.0,-557.4297553546577,0.0,-557.4297553546577,timeout,-8.746339151714794,0.46803754726117675
LINKUSDT,-1,2026-06-27 00:04:00+00:00,2026-06-27 00:05:00+00:00,2026-06-27 04:10:00+00:00,7.358,7.377,31394.79774522836,-81.06838232662778,0.0,-81.06838232662778,0.0,-81.06838232662778,timeout,5.906597498389917,0.16435695035038456
XRPUSDT,-1,2026-06-27 00:04:00+00:00,2026-06-27 00:05:00+00:00,2026-06-27 04:10:00+00:00,1.049,1.0606,31394.79774522836,-347.16840213980305,0.0,-347.16840213980305,0.0,-347.16840213980305,timeout,5.399952666224654,0.22584163868635265
HBARUSDT,1,2026-06-28 00:04:00+00:00,2026-06-28 00:05:00+00:00,2026-06-28 04:10:00+00:00,0.07182,0.07169,31099.097783282035,-56.2918784715449,0.0,-56.2918784715449,0.0,-56.2918784715449,timeout,-12.757269119019218,0.42033029867067173
AVAXUSDT,-1,2026-06-28 00:04:00+00:00,2026-06-28 00:05:00+00:00,2026-06-28 04:10:00+00:00,6.416,6.39,31099.097783282035,126.02502218911516,0.0,126.02502218911516,0.0,126.02502218911516,timeout,6.2031499251544675,0.2512950650019219
DOTUSDT,-1,2026-06-28 00:04:00+00:00,2026-06-28 00:05:00+00:00,2026-06-28 04:10:00+00:00,0.814,0.818,31099.097783282035,-152.82111932816505,0.0,-152.82111932816505,0.0,-152.82111932816505,timeout,4.872239174608082,0.17453734103599094
XLMUSDT,1,2026-06-29 00:04:00+00:00,2026-06-29 00:05:00+00:00,2026-06-29 04:10:00+00:00,0.17243,0.17322,31074.171390598858,142.36847067548467,0.0,142.36847067548467,0.0,142.36847067548467,timeout,-11.714619218525142,0.5498972382594405
HBARUSDT,1,2026-06-29 00:04:00+00:00,2026-06-29 00:05:00+00:00,2026-06-29 04:10:00+00:00,0.0709,0.07153,31074.171390598858,276.1174608755586,0.0,276.1174608755586,0.0,276.1174608755586,timeout,-4.263598494667428,0.15845133684054158
BTCUSDT,1,2026-06-29 00:04:00+00:00,2026-06-29 00:05:00+00:00,2026-06-29 04:10:00+00:00,59370.6,59925.7,31074.171390598858,290.53559403006255,0.0,290.53559403006255,0.0,290.53559403006255,timeout,-3.721936372242984,0.07068098166449321
BTCUSDT,1,2026-06-30 00:04:00+00:00,2026-06-30 00:05:00+00:00,2026-06-30 04:10:00+00:00,60240.8,59443.3,31286.87784827319,-414.1924589978539,0.0,-414.1924589978539,0.0,-414.1924589978539,timeout,-10.384972618091263,0.1854654725877004
XLMUSDT,1,2026-06-30 00:04:00+00:00,2026-06-30 00:05:00+00:00,2026-06-30 04:10:00+00:00,0.17462,0.18291,31286.87784827319,1485.3293858789598,0.0,1485.3293858789598,0.0,1485.3293858789598,timeout,-9.15623593136656,0.4965433638123027
BNBUSDT,1,2026-06-30 00:04:00+00:00,2026-06-30 00:05:00+00:00,2026-06-30 04:10:00+00:00,560.48,552.21,31286.87784827319,-461.6444472688024,0.0,-461.6444472688024,0.0,-461.6444472688024,timeout,-3.716001124786676,0.10626616475610784
XLMUSDT,-1,2026-07-01 00:04:00+00:00,2026-07-01 00:05:00+00:00,2026-07-01 01:35:00+00:00,0.19004,0.19573,31469.72559215688,-942.237100712336,0.0,-942.237100712336,0.0,-942.237100712336,stop,7.358793241560311,0.7434057199847173
SOLUSDT,1,2026-07-01 00:04:00+00:00,2026-07-01 00:05:00+00:00,2026-07-01 04:10:00+00:00,73.65,75.45,31469.72559215688,769.1175297472132,0.0,769.1175297472132,0.0,769.1175297472132,timeout,-5.320449427323652,0.1158177564587376
LINKUSDT,1,2026-07-01 00:04:00+00:00,2026-07-01 00:05:00+00:00,2026-07-01 04:10:00+00:00,7.204,7.287,31469.72559215688,362.5745730356772,0.0,362.5745730356772,0.0,362.5745730356772,timeout,-4.882178722648252,0.11631905690092115
XRPUSDT,1,2026-07-01 01:34:00+00:00,2026-07-01 01:35:00+00:00,2026-07-01 05:40:00+00:00,1.0335,1.0485,31087.1478315001,451.1922762191558,0.0,451.1922762191558,0.0,451.1922762191558,timeout,-2.3813110885375774,0.08734210871810488
LTCUSDT,1,2026-07-02 00:04:00+00:00,2026-07-02 00:05:00+00:00,2026-07-02 04:10:00+00:00,42.63,43.01,31661.91977564379,282.231515710639,0.0,282.231515710639,0.0,282.231515710639,timeout,-9.961274602805174,0.2653019195108476
FILUSDT,1,2026-07-02 00:04:00+00:00,2026-07-02 00:05:00+00:00,2026-07-02 04:10:00+00:00,0.732,0.752,31661.91977564379,865.0797752908148,0.0,865.0797752908148,0.0,865.0797752908148,timeout,-7.190950629186219,0.3866983019056729
AVAXUSDT,-1,2026-07-02 00:04:00+00:00,2026-07-02 00:05:00+00:00,2026-07-02 04:10:00+00:00,6.634,6.708,31661.91977564379,-353.1778811271698,0.0,-353.1778811271698,0.0,-353.1778811271698,timeout,6.141983509496636,0.25585705369064593
SOLUSDT,-1,2026-07-03 00:04:00+00:00,2026-07-03 00:05:00+00:00,2026-07-03 04:10:00+00:00,80.72,80.53,31900.159798606073,75.08709566074121,0.0,75.08709566074121,0.0,75.08709566074121,timeout,17.213990121489633,0.49838312356215786
BCHUSDT,-1,2026-07-03 00:04:00+00:00,2026-07-03 00:05:00+00:00,2026-07-03 04:10:00+00:00,220.16,220.27,31900.159798606073,-15.9384882714727,0.0,-15.9384882714727,0.0,-15.9384882714727,timeout,12.345976984172468,0.7933104079431721
FILUSDT,1,2026-07-03 00:04:00+00:00,2026-07-03 00:05:00+00:00,2026-07-03 04:10:00+00:00,0.774,0.778,31900.159798606073,164.85870696953836,0.0,164.85870696953836,0.0,164.85870696953836,timeout,-10.000341536708019,0.3308859027662101
SOLUSDT,1,2026-07-04 00:04:00+00:00,2026-07-04 00:05:00+00:00,2026-07-04 04:10:00+00:00,82.35,82.85,31967.361992913717,194.09448690293874,0.0,194.09448690293874,0.0,194.09448690293874,timeout,-16.014764456831884,0.3483440856912853
BCHUSDT,1,2026-07-04 00:04:00+00:00,2026-07-04 00:05:00+00:00,2026-07-04 04:10:00+00:00,228.24,226.55,31967.361992913717,-236.70190049081836,0.0,-236.70190049081836,0.0,-236.70190049081836,timeout,-14.886013829221437,0.48064266965687885
AAVEUSDT,-1,2026-07-04 00:04:00+00:00,2026-07-04 00:05:00+00:00,2026-07-04 04:10:00+00:00,87.76,88.71,31967.361992913717,-346.04596505546624,0.0,-346.04596505546624,0.0,-346.04596505546624,timeout,12.379936508903748,1.4768700811604947
ADAUSDT,-1,2026-07-04 16:19:00+00:00,2026-07-04 16:20:00+00:00,2026-07-04 20:25:00+00:00,0.196,0.1915,31850.76597932071,731.2675862599142,0.0,731.2675862599142,0.0,731.2675862599142,timeout,2.155728019443376,0.05727313893674091
SUIUSDT,1,2026-07-05 00:04:00+00:00,2026-07-05 00:05:00+00:00,2026-07-05 04:10:00+00:00,0.7601,0.7424,32070.146255198684,-746.7985642902481,0.0,-746.7985642902481,0.0,-746.7985642902481,timeout,-17.734188980991107,0.4845005636429043
AVAXUSDT,1,2026-07-05 00:04:00+00:00,2026-07-05 00:05:00+00:00,2026-07-05 04:10:00+00:00,6.954,6.793,32070.146255198684,-742.4926009616007,0.0,-742.4926009616007,0.0,-742.4926009616007,timeout,-16.09162924898528,0.4154378673103575
BNBUSDT,-1,2026-07-05 00:04:00+00:00,2026-07-05 00:05:00+00:00,2026-07-05 04:10:00+00:00,574.92,571.34,32070.146255198684,199.69930354415976,0.0,199.69930354415976,0.0,199.69930354415976,timeout,10.440211663769613,0.26006878888593477
ADAUSDT,-1,2026-07-06 00:04:00+00:00,2026-07-06 00:05:00+00:00,2026-07-06 04:10:00+00:00,0.1897,0.1876,31683.268696686373,350.7372918452389,0.0,350.7372918452389,0.0,350.7372918452389,timeout,6.864895492151128,0.17624108986466247
ETHUSDT,-1,2026-07-06 00:04:00+00:00,2026-07-06 00:05:00+00:00,2026-07-06 04:10:00+00:00,1786.74,1776.47,31683.268696686373,182.1122096751459,0.0,182.1122096751459,0.0,182.1122096751459,timeout,6.111146467720619,0.10237610714927081
SUIUSDT,1,2026-07-06 00:04:00+00:00,2026-07-06 00:05:00+00:00,2026-07-06 04:10:00+00:00,0.7562,0.7462,31683.268696686373,-418.9800145025983,0.0,-418.9800145025983,0.0,-418.9800145025983,timeout,-5.8077759828266755,0.23142159203832524
ADAUSDT,1,2026-07-07 00:04:00+00:00,2026-07-07 00:05:00+00:00,2026-07-07 04:10:00+00:00,0.1841,0.1808,31717.429542791713,-568.5362166823126,0.0,-568.5362166823126,0.0,-568.5362166823126,timeout,-13.453666920147459,0.2771983804374146
DOGEUSDT,-1,2026-07-07 00:04:00+00:00,2026-07-07 00:05:00+00:00,2026-07-07 04:10:00+00:00,0.0766,0.075,31717.429542791713,662.5050557241123,0.0,662.5050557241123,0.0,662.5050557241123,timeout,11.929952520363871,0.2809121368643994
BTCUSDT,1,2026-07-07 00:04:00+00:00,2026-07-07 00:05:00+00:00,2026-07-07 04:10:00+00:00,64038.7,63171.1,31717.429542791713,-429.70956423734367,0.0,-429.70956423734367,0.0,-429.70956423734367,timeout,-8.91215663671593,0.1337511628091791
AAVEUSDT,-1,2026-07-08 00:04:00+00:00,2026-07-08 00:05:00+00:00,2026-07-08 04:10:00+00:00,90.08,88.22,31616.707325233052,652.831656582298,0.0,652.831656582298,0.0,652.831656582298,timeout,6.267148982032685,0.4030281032921108
LINKUSDT,1,2026-07-08 00:04:00+00:00,2026-07-08 00:05:00+00:00,2026-07-08 04:10:00+00:00,7.859,7.697,31616.707325233052,-651.7249760386494,0.0,-651.7249760386494,0.0,-651.7249760386494,timeout,-4.009583911828141,0.07624195205376916
DOTUSDT,1,2026-07-08 00:04:00+00:00,2026-07-08 00:05:00+00:00,2026-07-08 04:10:00+00:00,0.851,0.834,31616.707325233052,-631.5910981538917,0.0,-631.5910981538917,0.0,-631.5910981538917,timeout,-3.9725642286140377,0.08549590344244729
ADAUSDT,1,2026-07-09 00:04:00+00:00,2026-07-09 00:05:00+00:00,2026-07-09 04:10:00+00:00,0.1666,0.1665,31427.56199994998,-18.86408283310017,0.0,-18.86408283310017,0.0,-18.86408283310017,timeout,-6.097686778898462,0.1515520743915585
LTCUSDT,1,2026-07-09 00:04:00+00:00,2026-07-09 00:05:00+00:00,2026-07-09 04:10:00+00:00,43.6,43.75,31427.56199994998,108.12234633009987,0.0,108.12234633009987,0.0,108.12234633009987,timeout,-5.022268792342564,0.10734825758595956
SOLUSDT,-1,2026-07-09 00:04:00+00:00,2026-07-09 00:05:00+00:00,2026-07-09 04:10:00+00:00,77.71,77.33,31427.56199994998,153.6800097797037,0.0,153.6800097797037,0.0,153.6800097797037,timeout,3.511233532058463,0.1054473053774363
ADAUSDT,1,2026-07-10 00:04:00+00:00,2026-07-10 00:05:00+00:00,2026-07-10 04:10:00+00:00,0.1663,0.1681,31500.443481932994,340.954890363676,0.0,340.954890363676,0.0,340.954890363676,timeout,-6.772121038640918,0.16982300509447956
BCHUSDT,1,2026-07-10 00:04:00+00:00,2026-07-10 00:05:00+00:00,2026-07-10 04:10:00+00:00,237.73,241.78,31500.443481932994,536.6457582207946,0.0,536.6457582207946,0.0,536.6457582207946,timeout,-5.701381767941904,0.20978257287469304
BNBUSDT,-1,2026-07-10 00:04:00+00:00,2026-07-10 00:05:00+00:00,2026-07-10 04:10:00+00:00,569.42,576.4,31500.443481932994,-386.1351822975855,0.0,-386.1351822975855,0.0,-386.1351822975855,timeout,3.812872675440684,0.0889270574393215
DOGEUSDT,1,2026-07-11 00:04:00+00:00,2026-07-11 00:05:00+00:00,2026-07-11 04:10:00+00:00,0.07406,0.07427,31647.88312181906,89.73879902216859,0.0,89.73879902216859,0.0,89.73879902216859,timeout,-14.668373961065377,0.2640141050863809
BNBUSDT,-1,2026-07-11 00:04:00+00:00,2026-07-11 00:05:00+00:00,2026-07-11 04:10:00+00:00,575.69,574.93,31647.88312181906,41.78010938627659,0.0,41.78010938627659,0.0,41.78010938627659,timeout,14.358243684907876,0.3824990320355206
SOLUSDT,-1,2026-07-11 00:04:00+00:00,2026-07-11 00:05:00+00:00,2026-07-11 04:10:00+00:00,77.96,77.64,31647.88312181906,129.90408669807513,0.0,129.90408669807513,0.0,129.90408669807513,timeout,11.199838823537522,0.3524304875767328
DOTUSDT,1,2026-07-12 00:04:00+00:00,2026-07-12 00:05:00+00:00,2026-07-12 04:10:00+00:00,0.85,0.857,31726.310020351015,261.27549428524554,0.0,261.27549428524554,0.0,261.27549428524554,timeout,-7.370689137305124,0.15033990257032448
ADAUSDT,-1,2026-07-12 00:04:00+00:00,2026-07-12 00:05:00+00:00,2026-07-12 04:10:00+00:00,0.1655,0.1663,31726.310020351015,-153.3598067449007,0.0,-153.3598067449007,0.0,-153.3598067449007,timeout,6.849711934582716,0.20736494993023014
ETHUSDT,-1,2026-07-12 00:04:00+00:00,2026-07-12 00:05:00+00:00,2026-07-12 04:10:00+00:00,1787.74,1809.96,31726.310020351015,-394.3294934678439,0.0,-394.3294934678439,0.0,-394.3294934678439,timeout,6.49771821853965,0.08694531709049125
ADAUSDT,1,2026-07-13 00:04:00+00:00,2026-07-13 00:05:00+00:00,2026-07-13 03:35:00+00:00,0.1624,0.1572,31640.385878572764,-1013.1158039937062,0.0,-1013.1158039937062,0.0,-1013.1158039937062,stop,-12.11353051345623,0.2909471749247081
DOGEUSDT,-1,2026-07-13 00:04:00+00:00,2026-07-13 00:05:00+00:00,2026-07-13 04:10:00+00:00,0.07297,0.07202,31640.385878572764,411.92773173419124,0.0,411.92773173419124,0.0,411.92773173419124,timeout,5.136510589191973,0.13132728860863963
TRXUSDT,1,2026-07-13 00:04:00+00:00,2026-07-13 00:05:00+00:00,2026-07-13 04:10:00+00:00,0.33154,0.33021,31640.385878572764,-126.92801236201127,0.0,-126.92801236201127,0.0,-126.92801236201127,timeout,-4.296733914484479,0.062369309762301484
ETHUSDT,1,2026-07-14 00:04:00+00:00,2026-07-14 00:05:00+00:00,2026-07-14 04:10:00+00:00,1775.31,1783.04,31421.95105318631,136.81648931236018,0.0,136.81648931236018,0.0,136.81648931236018,timeout,-14.501802628705644,0.16916685656110464
XRPUSDT,-1,2026-07-14 00:04:00+00:00,2026-07-14 00:05:00+00:00,2026-07-14 04:10:00+00:00,1.0671,1.0651,31421.95105318631,58.89223325496398,0.0,58.89223325496398,0.0,58.89223325496398,timeout,11.230912703082625,0.2992813143230506
LINKUSDT,-1,2026-07-14 00:04:00+00:00,2026-07-14 00:05:00+00:00,2026-07-14 04:10:00+00:00,7.888,7.915,31421.95105318631,-107.55485274290551,0.0,-107.55485274290551,0.0,-107.55485274290551,timeout,8.848173578037402,0.14580420592377297
UNIUSDT,1,2026-07-15 00:04:00+00:00,2026-07-15 00:05:00+00:00,2026-07-15 04:10:00+00:00,3.675,3.659,31448.397214133638,-136.91819195269,0.0,-136.91819195269,0.0,-136.91819195269,timeout,-26.37833130290199,0.609485226493145
ETHUSDT,1,2026-07-15 00:04:00+00:00,2026-07-15 00:05:00+00:00,2026-07-15 04:10:00+00:00,1889.45,1875.42,31448.397214133638,-233.5182264226604,0.0,-233.5182264226604,0.0,-233.5182264226604,timeout,-15.0595108893068,0.19226172261366503
DOTUSDT,-1,2026-07-15 00:04:00+00:00,2026-07-15 00:05:00+00:00,2026-07-15 04:10:00+00:00,0.852,0.854,31448.397214133638,-73.82252867167279,0.0,-73.82252867167279,0.0,-73.82252867167279,timeout,12.836999406491776,0.34947482887568837
UNIUSDT,1,2026-07-16 00:04:00+00:00,2026-07-16 00:05:00+00:00,2026-07-16 04:10:00+00:00,3.622,3.684,31315.11953001953,536.0401465657707,0.0,536.0401465657707,0.0,536.0401465657707,timeout,-28.963340675437905,0.7686516734333257
FILUSDT,1,2026-07-16 00:04:00+00:00,2026-07-16 00:05:00+00:00,2026-07-16 04:10:00+00:00,0.7899,0.7833,31315.11953001953,-261.65310659340423,0.0,-261.65310659340423,0.0,-261.65310659340423,timeout,-7.895745139864029,0.2911466475528929
AAVEUSDT,-1,2026-07-16 00:04:00+00:00,2026-07-16 00:05:00+00:00,2026-07-16 04:10:00+00:00,95.98,96.16,31315.11953001953,-58.728084136312454,0.0,-58.728084136312454,0.0,-58.728084136312454,timeout,7.54243666796895,0.5260852599543604
AVAXUSDT,-1,2026-07-17 00:04:00+00:00,2026-07-17 00:05:00+00:00,2026-07-17 04:10:00+00:00,6.489,6.5,31379.817216770345,-53.19432722830461,0.0,-53.19432722830461,0.0,-53.19432722830461,timeout,12.596893019978454,0.6051703033448566
BCHUSDT,-1,2026-07-17 00:04:00+00:00,2026-07-17 00:05:00+00:00,2026-07-17 04:10:00+00:00,222.03,222.83,31379.817216770345,-113.06514332935483,0.0,-113.06514332935483,0.0,-113.06514332935483,timeout,9.999862366547314,0.572561141253991
SUIUSDT,-1,2026-07-17 00:04:00+00:00,2026-07-17 00:05:00+00:00,2026-07-17 04:10:00+00:00,0.7376,0.742,31379.817216770345,-187.18979901543798,0.0,-187.18979901543798,0.0,-187.18979901543798,timeout,8.285707115696617,0.39989863513191404
AVAXUSDT,1,2026-07-18 00:04:00+00:00,2026-07-18 00:05:00+00:00,2026-07-18 04:10:00+00:00,6.573,6.64,31273.782435898414,318.7803777887048,0.0,318.7803777887048,0.0,318.7803777887048,timeout,-8.711960139750003,0.28750203914679306
XLMUSDT,1,2026-07-18 00:04:00+00:00,2026-07-18 00:05:00+00:00,2026-07-18 04:10:00+00:00,0.18548,0.18467,31273.782435898414,-136.57409840995095,0.0,-136.57409840995095,0.0,-136.57409840995095,timeout,-8.134182650796763,0.43759195050702104
LTCUSDT,-1,2026-07-18 00:04:00+00:00,2026-07-18 00:05:00+00:00,2026-07-18 04:10:00+00:00,45.09,45.46,31273.782435898414,-256.6267354464915,0.0,-256.6267354464915,0.0,-256.6267354464915,timeout,7.560871077675092,0.1622951474474561
TRXUSDT,1,2026-07-19 00:04:00+00:00,2026-07-19 00:05:00+00:00,2026-07-19 04:10:00+00:00,0.3259,0.32583,31251.45629907809,-6.712494449021316,0.0,-6.712494449021316,0.0,-6.712494449021316,timeout,-4.759382120734872,0.07395406862481191
NEARUSDT,1,2026-07-19 00:04:00+00:00,2026-07-19 00:05:00+00:00,2026-07-19 04:10:00+00:00,1.931,1.916,31251.45629907809,-242.761183058608,0.0,-242.761183058608,0.0,-242.761183058608,timeout,-3.276642460292159,0.24441562676381556
LTCUSDT,1,2026-07-19 00:04:00+00:00,2026-07-19 00:05:00+00:00,2026-07-19 04:10:00+00:00,46.97,46.72,31251.45629907809,-166.337323286554,0.0,-166.337323286554,0.0,-166.337323286554,timeout,-3.170455419835849,0.06392410343711785
LTCUSDT,1,2026-07-20 00:04:00+00:00,2026-07-20 00:05:00+00:00,2026-07-20 04:10:00+00:00,46.95,47.17,31126.712998839837,145.85467219903242,0.0,145.85467219903242,0.0,145.85467219903242,timeout,-7.036609225095254,0.1371777494863804
NEARUSDT,-1,2026-07-20 00:04:00+00:00,2026-07-20 00:05:00+00:00,2026-07-20 04:10:00+00:00,1.917,1.92,31126.712998839837,-48.71160093715225,0.0,-48.71160093715225,0.0,-48.71160093715225,timeout,4.0603554329177705,0.418424701298739
AVAXUSDT,1,2026-07-20 00:04:00+00:00,2026-07-20 00:05:00+00:00,2026-07-20 04:10:00+00:00,6.459,6.572,31126.712998839837,544.5608559945665,0.0,544.5608559945665,0.0,544.5608559945665,timeout,-3.61198331860836,0.13475564384757055
ETHUSDT,1,2026-07-21 00:04:00+00:00,2026-07-21 00:05:00+00:00,2026-07-21 04:10:00+00:00,1903.33,1927.0,31319.224177016767,389.4889673729645,0.0,389.4889673729645,0.0,389.4889673729645,timeout,-6.8278838475671675,0.11119470881801352
ADAUSDT,1,2026-07-21 00:04:00+00:00,2026-07-21 00:05:00+00:00,2026-07-21 04:10:00+00:00,0.1701,0.1717,31319.224177016767,294.5958770324893,0.0,294.5958770324893,0.0,294.5958770324893,timeout,-6.643403530472699,0.18349072476747574
DOTUSDT,1,2026-07-21 00:04:00+00:00,2026-07-21 00:05:00+00:00,2026-07-21 04:10:00+00:00,0.827,0.835,31319.224177016767,302.9671020751331,0.0,302.9671020751331,0.0,302.9671020751331,timeout,-5.516684583769219,0.13771069036520978
XRPUSDT,-1,2026-07-22 00:04:00+00:00,2026-07-22 00:05:00+00:00,2026-07-22 04:10:00+00:00,1.1436,1.1398,31615.339760960946,105.05272043691042,0.0,105.05272043691042,0.0,105.05272043691042,timeout,10.405213927932952,0.26260208471350555
LTCUSDT,1,2026-07-22 00:04:00+00:00,2026-07-22 00:05:00+00:00,2026-07-22 04:10:00+00:00,46.85,46.65,31615.339760960946,-134.9640971652568,0.0,-134.9640971652568,0.0,-134.9640971652568,timeout,-9.899714391786564,0.19276086023105687
SUIUSDT,1,2026-07-22 00:04:00+00:00,2026-07-22 00:05:00+00:00,2026-07-22 04:10:00+00:00,0.7724,0.7658,31615.339760960946,-270.1466111112627,0.0,-270.1466111112627,0.0,-270.1466111112627,timeout,-4.63497978695828,0.17516910965679788
BTCUSDT,1,2026-07-23 00:04:00+00:00,2026-07-23 00:05:00+00:00,2026-07-23 04:10:00+00:00,66106.6,65589.4,31525.322364609063,-246.6455199174698,0.0,-246.6455199174698,0.0,-246.6455199174698,timeout,-11.926171448718685,0.18515463806350918
XRPUSDT,1,2026-07-23 00:04:00+00:00,2026-07-23 00:05:00+00:00,2026-07-23 04:10:00+00:00,1.1415,1.1328,31525.322364609063,-240.27183930976636,0.0,-240.27183930976636,0.0,-240.27183930976636,timeout,-6.189428594230097,0.1371431665541608
UNIUSDT,1,2026-07-23 00:04:00+00:00,2026-07-23 00:05:00+00:00,2026-07-23 04:10:00+00:00,3.786,3.781,31525.322364609063,-41.634076022989014,0.0,-41.634076022989014,0.0,-41.634076022989014,timeout,-6.113028029015043,0.3574781386463475
FILUSDT,-1,2026-07-24 00:04:00+00:00,2026-07-24 00:05:00+00:00,2026-07-24 04:10:00+00:00,0.7268,0.7284,31366.756934033994,-69.05174889165563,0.0,-69.05174889165563,0.0,-69.05174889165563,timeout,18.079905000741423,1.2124917279634584
LINKUSDT,1,2026-07-24 00:04:00+00:00,2026-07-24 00:05:00+00:00,2026-07-24 04:10:00+00:00,8.454,8.446,31366.756934033994,-29.682287138903817,0.0,-29.682287138903817,0.0,-29.682287138903817,timeout,-11.958216965275163,0.18031887857945106
AAVEUSDT,1,2026-07-24 00:04:00+00:00,2026-07-24 00:05:00+00:00,2026-07-24 04:10:00+00:00,94.85,95.42,31366.756934033994,188.4981702941455,0.0,188.4981702941455,0.0,188.4981702941455,timeout,-10.310694168612793,0.44612615056793214
XRPUSDT,1,2026-07-25 00:04:00+00:00,2026-07-25 00:05:00+00:00,2026-07-25 04:10:00+00:00,1.0917,1.0909,31393.686174313072,-23.0053576435357,0.0,-23.0053576435357,0.0,-23.0053576435357,timeout,-12.316741015681794,0.2557139595286002
LINKUSDT,1,2026-07-25 00:04:00+00:00,2026-07-25 00:05:00+00:00,2026-07-25 04:10:00+00:00,8.33,8.345,31393.686174313072,56.53124761281343,0.0,56.53124761281343,0.0,56.53124761281343,timeout,-11.787459865410224,0.18806867814747263
ETHUSDT,1,2026-07-25 00:04:00+00:00,2026-07-25 00:05:00+00:00,2026-07-25 04:10:00+00:00,1862.25,1859.94,31393.686174313072,-38.94182578207108,0.0,-38.94182578207108,0.0,-38.94182578207108,timeout,-11.200591189841342,0.18029495665016515
DOGEUSDT,-1,2026-07-26 00:04:00+00:00,2026-07-26 00:05:00+00:00,2026-07-26 04:10:00+00:00,0.07174,0.07262,31392.061393569238,-385.07128556372044,0.0,-385.07128556372044,0.0,-385.07128556372044,timeout,10.782795582552158,0.3163621804200438
DOTUSDT,1,2026-07-26 00:04:00+00:00,2026-07-26 00:05:00+00:00,2026-07-26 04:10:00+00:00,0.8134,0.8187,31392.061393569238,204.54625692884028,0.0,204.54625692884028,0.0,204.54625692884028,timeout,-8.615681687324118,0.21458897880682015
TRXUSDT,-1,2026-07-26 00:04:00+00:00,2026-07-26 00:05:00+00:00,2026-07-26 04:10:00+00:00,0.33146,0.3313,31392.061393569238,15.153351303237129,0.0,15.153351303237129,0.0,15.153351303237129,timeout,8.457012685054979,0.14013835035320898
LINKUSDT,1,2026-07-27 00:04:00+00:00,2026-07-27 00:05:00+00:00,2026-07-27 04:10:00+00:00,8.807,8.768,31342.449890369742,-138.79363525881672,0.0,-138.79363525881672,0.0,-138.79363525881672,timeout,-11.003521085574247,0.18377846890872995
SUIUSDT,-1,2026-07-27 00:04:00+00:00,2026-07-27 00:05:00+00:00,2026-07-27 04:10:00+00:00,0.7216,0.7184,31342.449890369742,138.9909086047427,0.0,138.9909086047427,0.0,138.9909086047427,timeout,4.816363550576249,0.21160848311810398
AVAXUSDT,1,2026-07-27 00:04:00+00:00,2026-07-27 00:05:00+00:00,2026-07-27 04:10:00+00:00,6.734,6.695,31342.449890369742,-181.51998006005607,0.0,-181.51998006005607,0.0,-181.51998006005607,timeout,-4.758446565841314,0.17288209952697764
HBARUSDT,1,2026-07-28 00:04:00+00:00,2026-07-28 00:05:00+00:00,2026-07-28 04:10:00+00:00,0.06811,0.06778,31288.053078355504,-151.59385576063985,0.0,-151.59385576063985,0.0,-151.59385576063985,timeout,-12.624779972150545,0.3311300249883805
ETHUSDT,1,2026-07-28 00:04:00+00:00,2026-07-28 00:05:00+00:00,2026-07-28 04:10:00+00:00,1891.15,1880.55,31288.053078355504,-175.37126226400622,0.0,-175.37126226400622,0.0,-175.37126226400622,timeout,-7.778228390168292,0.1408293637189928
AVAXUSDT,-1,2026-07-28 00:04:00+00:00,2026-07-28 00:05:00+00:00,2026-07-28 04:10:00+00:00,6.405,6.436,31288.053078355504,-151.4331999108529,0.0,-151.4331999108529,0.0,-151.4331999108529,timeout,7.459522799445441,0.35059918108826293
XLMUSDT,1,2026-07-29 00:04:00+00:00,2026-07-29 00:05:00+00:00,2026-07-29 04:10:00+00:00,0.17459,0.17224,31144.533582974855,-419.20874001942104,0.0,-419.20874001942104,0.0,-419.20874001942104,timeout,-24.139271114116394,0.7461222908522911
TRXUSDT,-1,2026-07-29 00:04:00+00:00,2026-07-29 00:05:00+00:00,2026-07-29 04:10:00+00:00,0.32467,0.32466,31144.533582974855,0.9592673663399954,0.0,0.9592673663399954,0.0,0.9592673663399954,timeout,11.463468000052913,0.2048387309924713
XRPUSDT,-1,2026-07-29 00:04:00+00:00,2026-07-29 00:05:00+00:00,2026-07-29 04:10:00+00:00,1.0716,1.0728,31144.533582974855,-34.87629740534503,0.0,-34.87629740534503,0.0,-34.87629740534503,timeout,11.115660145650878,0.3295111931453507
LTCUSDT,-1,2026-07-30 00:04:00+00:00,2026-07-30 00:05:00+00:00,2026-07-30 04:10:00+00:00,45.49,45.31,31008.595851957332,122.69833487255107,0.0,122.69833487255107,0.0,122.69833487255107,timeout,16.613842047773858,0.5427216790750324
HBARUSDT,-1,2026-07-30 00:04:00+00:00,2026-07-30 00:05:00+00:00,2026-07-30 04:10:00+00:00,0.06788,0.06786,31008.595851957332,9.136298129624194,0.0,9.136298129624194,0.0,9.136298129624194,timeout,9.83015450663923,0.42124282029162097
LINKUSDT,1,2026-07-30 00:04:00+00:00,2026-07-30 00:05:00+00:00,2026-07-30 04:10:00+00:00,8.326,8.32,31008.595851957332,-22.345853364370765,0.0,-22.345853364370765,0.0,-22.345853364370765,timeout,-8.240856597493494,0.14928887502674137
ADAUSDT,-1,2026-07-31 00:04:00+00:00,2026-07-31 00:05:00+00:00,2026-07-31 04:10:00+00:00,0.1701,0.1697,31041.44248584867,72.99574952580636,0.0,72.99574952580636,0.0,72.99574952580636,timeout,17.44083205546916,0.7730253621501995
AAVEUSDT,1,2026-07-31 00:04:00+00:00,2026-07-31 00:05:00+00:00,2026-07-31 04:10:00+00:00,99.54,99.87,31041.44248584867,102.91014687894496,0.0,102.91014687894496,0.0,102.91014687894496,timeout,-10.265333395915112,0.4481376767907369
TRXUSDT,1,2026-07-31 00:04:00+00:00,2026-07-31 00:05:00+00:00,2026-07-31 04:10:00+00:00,0.32866,0.32844,31041.44248584867,-20.77866897975636,0.0,-20.77866897975636,0.0,-20.77866897975636,timeout,-9.628646579646473,0.15580722657217994
BCHUSDT,-1,2026-08-01 00:04:00+00:00,2026-08-01 00:05:00+00:00,2026-08-01 04:10:00+00:00,210.04,211.57,31087.980654076175,-226.4550104777056,0.0,-226.4550104777056,0.0,-226.4550104777056,timeout,19.768808857755133,1.534515039681525
ADAUSDT,1,2026-08-01 00:04:00+00:00,2026-08-01 00:05:00+00:00,2026-08-01 04:10:00+00:00,0.1685,0.1711,31087.980654076175,479.69584392046323,0.0,479.69584392046323,0.0,479.69584392046323,timeout,-17.270966141870428,0.4928609708083075
XLMUSDT,-1,2026-08-01 00:04:00+00:00,2026-08-01 00:05:00+00:00,2026-08-01 04:10:00+00:00,0.17217,0.17172,31087.980654076175,81.25452340322659,0.0,81.25452340322659,0.0,81.25452340322659,timeout,10.521147485631063,1.0946817112836196
ADAUSDT,1,2026-08-02 00:04:00+00:00,2026-08-02 00:05:00+00:00,2026-08-02 04:10:00+00:00,0.1742,0.1802,31188.32926112997,1074.2248884430528,0.0,1074.2248884430528,0.0,1074.2248884430528,timeout,-11.891259680502118,0.4309581278444713
LTCUSDT,1,2026-08-02 00:04:00+00:00,2026-08-02 00:05:00+00:00,2026-08-02 04:10:00+00:00,44.22,44.64,31188.32926112997,296.22565105551064,0.0,296.22565105551064,0.0,296.22565105551064,timeout,-11.391187600800476,0.2810129750198892
AVAXUSDT,-1,2026-08-02 00:04:00+00:00,2026-08-02 00:05:00+00:00,2026-08-02 04:10:00+00:00,6.19,6.325,31188.32926112997,-680.1978110262586,0.0,-680.1978110262586,0.0,-680.1978110262586,timeout,10.696785516774233,0.5731300749823813
ETHUSDT,1,2026-08-03 00:04:00+00:00,2026-08-03 00:05:00+00:00,2026-08-03 04:10:00+00:00,1881.25,1857.03,31395.405079671666,-404.1975872582862,0.0,-404.1975872582862,0.0,-404.1975872582862,timeout,-13.21274092271676,0.2734853961096557
BNBUSDT,1,2026-08-03 00:04:00+00:00,2026-08-03 00:05:00+00:00,2026-08-03 04:10:00+00:00,587.44,583.95,31395.405079671666,-186.52111488501754,0.0,-186.52111488501754,0.0,-186.52111488501754,timeout,-9.638066554312937,0.18055595685029158
BTCUSDT,1,2026-08-03 00:04:00+00:00,2026-08-03 00:05:00+00:00,2026-08-03 04:10:00+00:00,63488.0,62843.3,31395.405079671666,-318.8101319125548,0.0,-318.8101319125548,0.0,-318.8101319125548,timeout,-6.934582943734177,0.11431113441410712
ADAUSDT,-1,2026-08-04 00:04:00+00:00,2026-08-04 00:05:00+00:00,2026-08-04 04:10:00+00:00,0.1937,0.1972,31122.54642945491,-562.3588668202972,0.0,-562.3588668202972,0.0,-562.3588668202972,timeout,25.583537020959366,2.8142433111562823
NEARUSDT,-1,2026-08-04 00:04:00+00:00,2026-08-04 00:05:00+00:00,2026-08-04 04:10:00+00:00,1.736,1.767,31122.54642945491,-555.7597576688357,0.0,-555.7597576688357,0.0,-555.7597576688357,timeout,18.486904860376953,1.584617845992673
SOLUSDT,1,2026-08-04 00:04:00+00:00,2026-08-04 00:05:00+00:00,2026-08-04 04:10:00+00:00,73.59,73.61,31122.54642945491,8.458362937750215,0.0,8.458362937750215,0.0,8.458362937750215,timeout,-14.195670545672815,0.3015813758192586
TRXUSDT,-1,2026-08-05 00:04:00+00:00,2026-08-05 00:05:00+00:00,2026-08-05 04:10:00+00:00,0.32699,0.3263,30789.64835098949,64.9709696387756,0.0,64.9709696387756,0.0,64.9709696387756,timeout,10.274593062132862,0.19663649129432081
DOTUSDT,-1,2026-08-05 00:04:00+00:00,2026-08-05 00:05:00+00:00,2026-08-05 04:10:00+00:00,0.8569,0.8463,30789.64835098949,380.8732320229761,0.0,380.8732320229761,0.0,380.8732320229761,timeout,9.674480972304405,0.3125512406241391
AVAXUSDT,1,2026-08-05 00:04:00+00:00,2026-08-05 00:05:00+00:00,2026-08-05 04:10:00+00:00,6.681,6.635,30789.64835098949,-211.99278912521117,0.0,-211.99278912521117,0.0,-211.99278912521117,timeout,-8.720025926107454,0.30444086355109723
SUIUSDT,-1,2026-08-06 00:04:00+00:00,2026-08-06 00:05:00+00:00,2026-08-06 04:10:00+00:00,0.6904,0.6819,30859.80377475045,379.93674983398193,0.0,379.93674983398193,0.0,379.93674983398193,timeout,7.12133385397694,0.2207847267119729
BNBUSDT,1,2026-08-06 00:04:00+00:00,2026-08-06 00:05:00+00:00,2026-08-06 04:10:00+00:00,594.89,595.16,30859.80377475045,14.006197816711879,0.0,14.006197816711879,0.0,14.006197816711879,timeout,-6.599031380484239,0.13974312087675633
ADAUSDT,-1,2026-08-06 00:04:00+00:00,2026-08-06 00:05:00+00:00,2026-08-06 04:10:00+00:00,0.1914,0.1873,30859.80377475045,661.0511780380162,0.0,661.0511780380162,0.0,661.0511780380162,timeout,6.280566351607293,0.5825091245442118
AVAXUSDT,-1,2026-08-07 00:04:00+00:00,2026-08-07 00:05:00+00:00,2026-08-07 04:10:00+00:00,6.442,6.397,31176.30201245706,217.77919754122362,0.0,217.77919754122362,0.0,217.77919754122362,timeout,11.515836366292548,0.655324830674656
ETHUSDT,1,2026-08-07 00:04:00+00:00,2026-08-07 00:05:00+00:00,2026-08-07 04:10:00+00:00,1903.51,1898.56,31176.30201245706,-81.07269988687433,0.0,-81.07269988687433,0.0,-81.07269988687433,timeout,-8.1444447491524,0.19717745888587201
HBARUSDT,1,2026-08-07 00:04:00+00:00,2026-08-07 00:05:00+00:00,2026-08-07 04:10:00+00:00,0.06825,0.06817,31176.30201245706,-36.543650710577786,0.0,-36.543650710577786,0.0,-36.543650710577786,timeout,-7.513231608313487,0.2706443622887308
DOTUSDT,-1,2026-08-08 00:04:00+00:00,2026-08-08 00:05:00+00:00,2026-08-08 04:10:00+00:00,0.8172,0.8217,31206.350866540193,-171.84113913293018,0.0,-171.84113913293018,0.0,-171.84113913293018,timeout,20.922082823953517,0.8979739612763176
BNBUSDT,1,2026-08-08 00:04:00+00:00,2026-08-08 00:05:00+00:00,2026-08-08 04:10:00+00:00,592.4,593.58,31206.350866540193,62.159848113635725,0.0,62.159848113635725,0.0,62.159848113635725,timeout,-9.908046687940102,0.20607823513801438
FILUSDT,-1,2026-08-08 00:04:00+00:00,2026-08-08 00:05:00+00:00,2026-08-08 04:10:00+00:00,0.6834,0.6966,31206.350866540193,-602.7565575626712,0.0,-602.7565575626712,0.0,-602.7565575626712,timeout,8.773793596306318,0.5305788734256363
SUIUSDT,-1,2026-08-09 00:04:00+00:00,2026-08-09 00:05:00+00:00,2026-08-09 04:10:00+00:00,0.6929,0.6898,30992.619511965604,138.65943207835693,0.0,138.65943207835693,0.0,138.65943207835693,timeout,11.231206372387502,0.3835582474293877
HBARUSDT,1,2026-08-09 00:04:00+00:00,2026-08-09 00:05:00+00:00,2026-08-09 04:10:00+00:00,0.06897,0.06944,30992.619511965604,211.20097391073864,0.0,211.20097391073864,0.0,211.20097391073864,timeout,-9.494336152530026,0.34985564656415435
ADAUSDT,1,2026-08-09 00:04:00+00:00,2026-08-09 00:05:00+00:00,2026-08-09 04:10:00+00:00,0.1994,0.1985,30992.619511965604,-139.88644714527763,0.0,-139.88644714527763,0.0,-139.88644714527763,timeout,-7.817262389374043,0.44286669830364433
BNBUSDT,1,2026-08-10 00:04:00+00:00,2026-08-10 00:05:00+00:00,2026-08-10 04:10:00+00:00,604.12,603.33,31055.611699618752,-40.61102635684502,0.0,-40.61102635684502,0.0,-40.61102635684502,timeout,-4.455063583067169,0.09203542510124829
ETHUSDT,1,2026-08-10 00:04:00+00:00,2026-08-10 00:05:00+00:00,2026-08-10 04:10:00+00:00,1910.14,1918.5,31055.611699618752,135.91931157339664,0.0,135.91931157339664,0.0,135.91931157339664,timeout,-4.14218771493656,0.1124445045484449
BTCUSDT,1,2026-08-10 00:04:00+00:00,2026-08-10 00:05:00+00:00,2026-08-10 04:10:00+00:00,64868.0,65011.4,31055.611699618752,68.65287534262657,0.0,68.65287534262657,0.0,68.65287534262657,timeout,-3.619500827301771,0.05869613017956732
DOTUSDT,-1,2026-08-11 00:04:00+00:00,2026-08-11 00:05:00+00:00,2026-08-11 04:10:00+00:00,0.8044,0.8021,31104.800047786506,88.9371458352894,0.0,88.9371458352894,0.0,88.9371458352894,timeout,8.632018003056732,0.39607013905524613
DOGEUSDT,-1,2026-08-11 00:04:00+00:00,2026-08-11 00:05:00+00:00,2026-08-11 04:10:00+00:00,0.06965,0.07002,31104.800047786506,-165.23727232851454,0.0,-165.23727232851454,0.0,-165.23727232851454,timeout,6.686890829628316,0.20541502524544097
FILUSDT,1,2026-08-11 00:04:00+00:00,2026-08-11 00:05:00+00:00,2026-08-11 04:10:00+00:00,0.7024,0.7068,31104.800047786506,194.84783629023158,0.0,194.84783629023158,0.0,194.84783629023158,timeout,-5.985960165224755,0.26647236523250173
NEARUSDT,-1,2026-08-12 00:04:00+00:00,2026-08-12 00:05:00+00:00,2026-08-12 03:10:00+00:00,1.616,1.665,31140.36436072561,-944.2313450962583,0.0,-944.2313450962583,0.0,-944.2313450962583,stop,12.474020495499728,1.1538386417089157
LINKUSDT,1,2026-08-12 00:04:00+00:00,2026-08-12 00:05:00+00:00,2026-08-12 04:10:00+00:00,8.77,8.715,31140.36436072561,-195.29304901253153,0.0,-195.29304901253153,0.0,-195.29304901253153,timeout,-10.877229795800325,0.20897367414435175
DOTUSDT,1,2026-08-12 00:04:00+00:00,2026-08-12 00:05:00+00:00,2026-08-12 04:10:00+00:00,0.7896,0.7942,31140.36436072561,181.41549652905027,0.0,181.41549652905027,0.0,181.41549652905027,timeout,-9.747127922934753,0.32559382731468556
DOTUSDT,1,2026-08-13 00:04:00+00:00,2026-08-13 00:05:00+00:00,2026-08-13 04:10:00+00:00,0.7727,0.7757,30852.93169145169,119.78619784437912,0.0,119.78619784437912,0.0,119.78619784437912,timeout,-10.898893447354263,0.3645948099120604
LTCUSDT,1,2026-08-13 00:04:00+00:00,2026-08-13 00:05:00+00:00,2026-08-13 04:10:00+00:00,44.84,44.89,30852.93169145169,34.40335826433124,0.0,34.40335826433124,0.0,34.40335826433124,timeout,-8.941323260621447,0.26110058827730476
FILUSDT,-1,2026-08-13 00:04:00+00:00,2026-08-13 00:05:00+00:00,2026-08-13 04:10:00+00:00,0.6687,0.6753,30852.93169145169,-304.5152522260873,0.0,-304.5152522260873,0.0,-304.5152522260873,timeout,5.343913392419751,0.3357784145322973
BCHUSDT,1,2026-08-14 00:04:00+00:00,2026-08-14 00:05:00+00:00,2026-08-14 04:10:00+00:00,205.98,205.78,30807.833982616477,-29.913422645514647,0.0,-29.913422645514647,0.0,-29.913422645514647,timeout,-10.07132960240707,0.44149052247400933
NEARUSDT,1,2026-08-14 00:04:00+00:00,2026-08-14 00:05:00+00:00,2026-08-14 04:10:00+00:00,1.638,1.609,30807.833982616477,-545.4378421830737,0.0,-545.4378421830737,0.0,-545.4378421830737,timeout,-8.06370654893081,0.40799527085968834
SOLUSDT,-1,2026-08-14 00:04:00+00:00,2026-08-14 00:05:00+00:00,2026-08-14 04:10:00+00:00,76.27,75.86,30807.833982616477,165.61179930342925,0.0,165.61179930342925,0.0,165.61179930342925,timeout,7.5621502126031235,0.22898099094241964
BCHUSDT,1,2026-08-15 00:04:00+00:00,2026-08-15 00:05:00+00:00,2026-08-15 04:10:00+00:00,204.82,205.87,30684.912142958925,157.304744410247,0.0,157.304744410247,0.0,157.304744410247,timeout,-7.3888737644404365,0.3563614612073619
AAVEUSDT,1,2026-08-15 00:04:00+00:00,2026-08-15 00:05:00+00:00,2026-08-15 04:10:00+00:00,86.42,86.83,30684.912142958925,145.5775743880239,0.0,145.5775743880239,0.0,145.5775743880239,timeout,-7.1645200772164435,0.32285344559507634
LTCUSDT,1,2026-08-15 00:04:00+00:00,2026-08-15 00:05:00+00:00,2026-08-15 04:10:00+00:00,43.82,44.0,30684.912142958925,126.04482395555846,0.0,126.04482395555846,0.0,126.04482395555846,timeout,-5.271532726916847,0.17511649147083663
LINKUSDT,-1,2026-08-16 00:04:00+00:00,2026-08-16 00:05:00+00:00,2026-08-16 04:10:00+00:00,9.468,9.396,30813.59028578507,234.3238805002653,0.0,234.3238805002653,0.0,234.3238805002653,timeout,22.661077186595083,0.7095889392460768
AVAXUSDT,-1,2026-08-16 00:04:00+00:00,2026-08-16 00:05:00+00:00,2026-08-16 04:10:00+00:00,6.25,6.343,30813.59028578507,-458.506223452482,0.0,-458.506223452482,0.0,-458.506223452482,timeout,14.318066484129202,0.8525262642148432
SUIUSDT,1,2026-08-16 00:04:00+00:00,2026-08-16 00:05:00+00:00,2026-08-16 04:10:00+00:00,0.6768,0.6755,30813.59028578507,-59.18686077352021,0.0,-59.18686077352021,0.0,-59.18686077352021,timeout,-7.336436343019022,0.17474778225131848
FILUSDT,-1,2026-08-17 00:04:00+00:00,2026-08-17 00:05:00+00:00,2026-08-17 04:10:00+00:00,0.6667,0.6669,30728.579524667348,-9.218112951757604,0.0,-9.218112951757604,0.0,-9.218112951757604,timeout,6.358610208884936,0.40397628725922075
AVAXUSDT,-1,2026-08-17 00:04:00+00:00,2026-08-17 00:05:00+00:00,2026-08-17 04:10:00+00:00,6.338,6.374,30728.579524667348,-174.5391074294748,0.0,-174.5391074294748,0.0,-174.5391074294748,timeout,4.402950295775346,0.24304254308507667
AAVEUSDT,-1,2026-08-17 00:04:00+00:00,2026-08-17 00:05:00+00:00,2026-08-17 04:10:00+00:00,86.02,86.78,30728.579524667348,-271.4917512060862,0.0,-271.4917512060862,0.0,-271.4917512060862,timeout,3.412985824719109,0.21793583224573165
AAVEUSDT,1,2026-08-18 00:04:00+00:00,2026-08-18 00:05:00+00:00,2026-08-18 04:10:00+00:00,89.32,87.97,30592.004833191153,-462.3735616301814,0.0,-462.3735616301814,0.0,-462.3735616301814,timeout,-14.919317055596817,0.5810053561368755
LTCUSDT,-1,2026-08-18 00:04:00+00:00,2026-08-18 00:05:00+00:00,2026-08-18 04:10:00+00:00,44.52,44.3,30592.004833191153,151.17342909483932,0.0,151.17342909483932,0.0,151.17342909483932,timeout,10.616776624966596,0.47851991071544675
NEARUSDT,1,2026-08-18 00:04:00+00:00,2026-08-18 00:05:00+00:00,2026-08-18 04:10:00+00:00,1.638,1.641,30592.004833191153,56.02931288130228,0.0,56.02931288130228,0.0,56.02931288130228,timeout,-7.2410225425643215,0.38266155095173326
SUIUSDT,-1,2026-08-19 00:04:00+00:00,2026-08-19 00:05:00+00:00,2026-08-19 04:10:00+00:00,0.6502,0.6564,30515.45358729494,-290.98094777180285,0.0,-290.98094777180285,0.0,-290.98094777180285,timeout,21.800468480898164,0.8124085421026812
FILUSDT,-1,2026-08-19 00:04:00+00:00,2026-08-19 00:05:00+00:00,2026-08-19 04:10:00+00:00,0.6293,0.6352,30515.45358729494,-286.0975308518062,0.0,-286.0975308518062,0.0,-286.0975308518062,timeout,18.547313962790863,1.7613373992121777
DOGEUSDT,1,2026-08-19 00:04:00+00:00,2026-08-19 00:05:00+00:00,2026-08-19 04:10:00+00:00,0.07014,0.07001,30515.45358729494,-56.558439782550714,0.0,-56.558439782550714,0.0,-56.558439782550714,timeout,-10.541871708652879,0.2761752572689664
LINKUSDT,-1,2026-08-20 00:04:00+00:00,2026-08-20 00:05:00+00:00,2026-08-20 04:10:00+00:00,10.577,10.472,30325.36251177309,301.0459547826592,0.0,301.0459547826592,0.0,301.0459547826592,timeout,45.428976803851256,3.3771842420277194
SOLUSDT,-1,2026-08-20 00:04:00+00:00,2026-08-20 00:05:00+00:00,2026-08-20 04:10:00+00:00,85.54,84.7,30325.36251177309,297.794067218722,0.0,297.794067218722,0.0,297.794067218722,timeout,41.597122568502435,2.370520452872909
ETHUSDT,1,2026-08-20 00:04:00+00:00,2026-08-20 00:05:00+00:00,2026-08-20 04:10:00+00:00,2257.09,2257.66,30325.36251177309,7.6582930373646345,0.0,7.6582930373646345,0.0,7.6582930373646345,timeout,-36.387607321593,0.6428188029884474
DOGEUSDT,-1,2026-08-21 00:04:00+00:00,2026-08-21 00:05:00+00:00,2026-08-21 01:50:00+00:00,0.08028,0.08278,30507.312006284716,-950.028400793622,0.0,-950.028400793622,0.0,-950.028400793622,stop,17.23761926814281,0.7787435116040413
XRPUSDT,-1,2026-08-21 00:04:00+00:00,2026-08-21 00:05:00+00:00,2026-08-21 01:55:00+00:00,1.2594,1.2984,30507.312006284716,-944.7238115333522,0.0,-944.7238115333522,0.0,-944.7238115333522,stop,58.236113246519565,11.762386826577389
SOLUSDT,1,2026-08-21 00:04:00+00:00,2026-08-21 00:05:00+00:00,2026-08-21 04:10:00+00:00,87.55,89.21,30507.312006284716,578.4367553447488,0.0,578.4367553447488,0.0,578.4367553447488,timeout,-21.42796359606579,0.6974829494455493
SUIUSDT,1,2026-08-21 01:49:00+00:00,2026-08-21 01:50:00+00:00,2026-08-21 05:55:00+00:00,0.7486,0.7688,30158.351540023476,813.7839982747424,0.0,813.7839982747424,0.0,813.7839982747424,timeout,-4.74675484871387,0.17535888762895047
BTCUSDT,1,2026-08-21 01:54:00+00:00,2026-08-21 01:55:00+00:00,2026-08-21 06:00:00+00:00,75345.0,75433.1,30088.66920182771,35.18231809252575,0.0,35.18231809252575,0.0,35.18231809252575,timeout,-3.969002141999922,0.10360920841604271
ETHUSDT,-1,2026-08-22 00:04:00+00:00,2026-08-22 00:05:00+00:00,2026-08-22 04:10:00+00:00,2512.42,2515.92,30367.107264100232,-42.30378496602666,0.0,-42.30378496602666,0.0,-42.30378496602666,timeout,23.389340492793547,2.30808831059159
SUIUSDT,1,2026-08-22 00:04:00+00:00,2026-08-22 00:05:00+00:00,2026-08-22 04:10:00+00:00,0.8464,0.9351,30367.107264100232,3182.3752532203316,0.0,3182.3752532203316,0.0,3182.3752532203316,timeout,-21.233199550953636,0.5805744202024171
BTCUSDT,1,2026-08-22 00:04:00+00:00,2026-08-22 00:05:00+00:00,2026-08-22 04:10:00+00:00,78153.1,78313.9,30367.107264100232,62.480321933065994,0.0,62.480321933065994,0.0,62.480321933065994,timeout,-12.94353391403239,0.3013778531584782
HBARUSDT,-1,2026-08-23 00:04:00+00:00,2026-08-23 00:05:00+00:00,2026-08-23 04:10:00+00:00,0.07741,0.07665,31327.87280115644,307.57244966902437,0.0,307.57244966902437,0.0,307.57244966902437,timeout,23.579245287458722,2.0113009522750644
TRXUSDT,-1,2026-08-23 00:04:00+00:00,2026-08-23 00:05:00+00:00,2026-08-23 04:10:00+00:00,0.34421,0.34295,31327.87280115644,114.67743450061948,0.0,114.67743450061948,0.0,114.67743450061948,timeout,21.742608658509216,0.5002536760939047
SUIUSDT,-1,2026-08-23 00:04:00+00:00,2026-08-23 00:05:00+00:00,2026-08-23 04:10:00+00:00,0.8175,0.7897,31327.87280115644,1065.3392830240375,0.0,1065.3392830240375,0.0,1065.3392830240375,timeout,17.454740363882937,1.5225373781205054
HBARUSDT,1,2026-08-24 00:04:00+00:00,2026-08-24 00:05:00+00:00,2026-08-24 04:10:00+00:00,0.07928,0.07907,31774.149551314542,-84.1646241899098,0.0,-84.1646241899098,0.0,-84.1646241899098,timeout,-5.614233766451443,0.3008761959841215
AAVEUSDT,-1,2026-08-24 00:04:00+00:00,2026-08-24 00:05:00+00:00,2026-08-24 04:10:00+00:00,140.58,140.47,31774.149551314542,24.86240183984312,0.0,24.86240183984312,0.0,24.86240183984312,timeout,3.094554783886346,0.2885228562160618
SOLUSDT,-1,2026-08-24 00:04:00+00:00,2026-08-24 00:05:00+00:00,2026-08-24 04:10:00+00:00,95.11,93.87,31774.149551314542,414.256602288191,0.0,414.256602288191,0.0,414.256602288191,timeout,2.779087887861739,0.2322546735506441
NEARUSDT,1,2026-08-25 00:04:00+00:00,2026-08-25 00:05:00+00:00,2026-08-25 04:10:00+00:00,1.948,1.983,31880.63586529598,572.8040324873562,0.0,572.8040324873562,0.0,572.8040324873562,timeout,-6.761546862593615,0.4074630540304063
AAVEUSDT,-1,2026-08-25 00:04:00+00:00,2026-08-25 00:05:00+00:00,2026-08-25 04:10:00+00:00,132.29,128.59,31880.63586529598,891.6649232866773,0.0,891.6649232866773,0.0,891.6649232866773,timeout,6.283372931864722,0.6786524262985705
DOTUSDT,-1,2026-08-25 00:04:00+00:00,2026-08-25 00:05:00+00:00,2026-08-25 04:10:00+00:00,0.8969,0.9117,31880.63586529598,-526.0713689445645,0.0,-526.0713689445645,0.0,-526.0713689445645,timeout,4.752760628908053,0.44123061213214454
ETHUSDT,-1,2026-08-26 00:04:00+00:00,2026-08-26 00:05:00+00:00,2026-08-26 04:10:00+00:00,2443.4,2471.75,32162.155141344818,-373.16734806299837,0.0,-373.16734806299837,0.0,-373.16734806299837,timeout,3.914479040072174,0.3643446380144624
HBARUSDT,1,2026-08-26 00:04:00+00:00,2026-08-26 00:05:00+00:00,2026-08-26 04:10:00+00:00,0.07768,0.07851,32162.155141344818,343.64815611889844,0.0,343.64815611889844,0.0,343.64815611889844,timeout,-3.286587399141195,0.18820222476535697
BTCUSDT,1,2026-08-26 00:04:00+00:00,2026-08-26 00:05:00+00:00,2026-08-26 04:10:00+00:00,78573.9,79114.2,32162.155141344818,221.15756533490662,0.0,221.15756533490662,0.0,221.15756533490662,timeout,-3.0335558371440876,0.0944222478425899
BNBUSDT,1,2026-08-27 00:04:00+00:00,2026-08-27 00:05:00+00:00,2026-08-27 04:10:00+00:00,705.92,703.66,32219.646653362062,-103.15106731159024,0.0,-103.15106731159024,0.0,-103.15106731159024,timeout,-4.081135638432856,0.14324589846471625
FILUSDT,-1,2026-08-27 00:04:00+00:00,2026-08-27 00:05:00+00:00,2026-08-27 04:10:00+00:00,0.7137,0.7087,32219.646653362062,225.72261912121343,0.0,225.72261912121343,0.0,225.72261912121343,timeout,3.8756649211564684,0.29485494861746475
NEARUSDT,-1,2026-08-27 00:04:00+00:00,2026-08-27 00:05:00+00:00,2026-08-27 04:10:00+00:00,1.892,1.865,32219.646653362062,459.7941118608749,0.0,459.7941118608749,0.0,459.7941118608749,timeout,3.7933900519310564,0.3554761568299125
UNIUSDT,-1,2026-08-28 00:04:00+00:00,2026-08-28 00:05:00+00:00,2026-08-28 01:25:00+00:00,4.668,4.818,32394.35635246321,-1040.949754256524,0.0,-1040.949754256524,0.0,-1040.949754256524,stop,3.7217101146674127,0.2673689565760804
DOGEUSDT,1,2026-08-28 00:04:00+00:00,2026-08-28 00:05:00+00:00,2026-08-28 04:10:00+00:00,0.08886,0.08727,32394.35635246321,-579.6424330454244,0.0,-579.6424330454244,0.0,-579.6424330454244,timeout,-3.624342069290052,0.13404229296155767
ADAUSDT,1,2026-08-28 00:04:00+00:00,2026-08-28 00:05:00+00:00,2026-08-28 04:10:00+00:00,0.2132,0.2088,32394.35635246321,-668.551444422315,0.0,-668.551444422315,0.0,-668.551444422315,timeout,-3.1934906862949934,0.23841766878394355
LTCUSDT,-1,2026-08-29 00:04:00+00:00,2026-08-29 00:05:00+00:00,2026-08-29 04:10:00+00:00,49.4,48.98,31707.61326294594,269.578898186992,0.0,269.578898186992,0.0,269.578898186992,timeout,5.095202320015734,0.22983019599647236
HBARUSDT,1,2026-08-29 00:04:00+00:00,2026-08-29 00:05:00+00:00,2026-08-29 04:10:00+00:00,0.07611,0.07537,31707.61326294594,-308.2858207144881,0.0,-308.2858207144881,0.0,-308.2858207144881,timeout,-4.2479085320906425,0.2298745422709325
XLMUSDT,1,2026-08-29 00:04:00+00:00,2026-08-29 00:05:00+00:00,2026-08-29 04:10:00+00:00,0.17995,0.17744,31707.61326294594,-442.26790380658366,0.0,-442.26790380658366,0.0,-442.26790380658366,timeout,-3.9430384359231296,0.19068657101825004
TRXUSDT,1,2026-08-30 00:04:00+00:00,2026-08-30 00:05:00+00:00,2026-08-30 04:10:00+00:00,0.34075,0.34014,31563.320815045714,-56.50367042458541,0.0,-56.50367042458541,0.0,-56.50367042458541,timeout,-2.128242945257362,0.04550066033320599
ADAUSDT,1,2026-08-30 00:04:00+00:00,2026-08-30 00:05:00+00:00,2026-08-30 04:10:00+00:00,0.2015,0.2005,31563.320815045714,-156.64179064538965,0.0,-156.64179064538965,0.0,-156.64179064538965,timeout,-2.0932921970788216,0.15171792886609203
AAVEUSDT,-1,2026-08-31 00:04:00+00:00,2026-08-31 00:05:00+00:00,2026-08-31 04:10:00+00:00,122.7,121.9,31499.377176724724,205.37491231768456,0.0,205.37491231768456,0.0,205.37491231768456,timeout,2.756089432421296,0.23928387999776968
