model,position_id,a,b,entry_time,exit_time,entry_z,exit_z,gross_pnl,entry_fee,exit_fee,fee,funding,net_pnl,reason,hold_bars
johansen,johansen:2024-09-06T14:05:00+00:00:8-10,8,10,2024-09-06 14:05:00+00:00,2024-09-13 12:50:00+00:00,-2.6581000522371854,-0.4645176812920752,0.009700805915387316,0.00015,0.0001681389833026804,0.0003181389833026804,-0.0002564398714398035,0.009126227060644832,mean,2001
johansen,johansen:2024-09-16T10:10:00+00:00:8-10,8,10,2024-09-16 10:10:00+00:00,2024-09-25 16:05:00+00:00,-2.5016346123058955,-0.39283000792162454,0.009454692130304861,0.00015136893405909673,0.0001757480872954163,0.000327117021354513,-0.00019487005778763585,0.008932705051162714,mean,2663
johansen,johansen:2024-09-27T14:50:00+00:00:8-10,8,10,2024-09-27 14:50:00+00:00,2024-09-28 20:10:00+00:00,-2.6553422048252906,-0.4278461764919525,0.009150562211259509,0.0001527088398167711,0.00015161078003533704,0.00030431961985210817,-1.9531080719594156e-05,0.008826711510687807,mean,352
johansen,johansen:2024-09-30T16:30:00+00:00:8-10,8,10,2024-09-30 16:30:00+00:00,2024-10-01 00:00:00+00:00,-2.549699145008431,-2.4362710339437683,0.0004620903990875287,0.00015403284654337426,0.00015182138488689745,0.0003058542314302717,-1.8335340024458893e-05,0.0001379008276327981,month_boundary,90
johansen,johansen:2025-01-15T23:05:00+00:00:11-13,11,13,2025-01-15 23:05:00+00:00,2025-01-29 23:05:00+00:00,2.755658160387055,6.2750176262721515,-0.022018049228496782,0.00015405353166751917,0.00014608667404159573,0.0003001402057091149,0.00039805013847835335,-0.021920139295727545,timeout,4032
johansen,johansen:2025-01-16T11:40:00+00:00:1-3,1,3,2025-01-16 11:40:00+00:00,2025-01-30 11:40:00+00:00,-2.6962168115461194,-8.541747010005658,-0.029392230424826558,0.00015315094953198202,0.00016243926109089956,0.0003155902106228816,-0.0004574194159199457,-0.030165240051369384,timeout,4032
johansen,johansen:2025-12-01T23:45:00+00:00:15-19,15,19,2025-12-01 23:45:00+00:00,2025-12-15 23:45:00+00:00,-2.5340711358873897,-11.193175568967018,-0.02707191626103579,0.00014624072476545458,0.00015012669135032702,0.0002963674161157816,-7.194422558027226e-05,-0.027440227902731845,timeout,4032
johansen,johansen:2025-12-04T00:10:00+00:00:0-1,0,1,2025-12-04 00:10:00+00:00,2025-12-17 16:20:00+00:00,-2.5264385449569327,-0.4699181283497402,0.0034374071198175066,0.000145692885016259,0.00013307234182071938,0.0002787652268369784,-2.252802568845949e-05,0.0031361138672920687,mean,3938
johansen,johansen:2025-12-25T14:15:00+00:00:15-19,15,19,2025-12-25 14:15:00+00:00,2025-12-28 05:25:00+00:00,-2.5274296652460415,-0.48018917586860993,0.006239418160323565,0.00014290371231095585,0.00014756452906273198,0.00029046824137368785,-1.7461878966299594e-05,0.005931488039983578,mean,758
johansen,johansen:2025-12-19T17:35:00+00:00:0-1,0,1,2025-12-19 17:35:00+00:00,2026-01-01 00:00:00+00:00,-2.5155616742232216,-2.266556730932422,0.0004569248056748462,0.00014259510766013856,0.0001434211198437354,0.00028601622750387397,-0.00013995581361627747,3.095276455469478e-05,month_boundary,3533
johansen,johansen:2025-12-31T04:45:00+00:00:15-19,15,19,2025-12-31 04:45:00+00:00,2026-01-01 00:00:00+00:00,-2.508648225574559,-3.470722190828143,-0.002798423990686411,0.00014370085298037548,0.000139169490515597,0.0002828703434959725,0.00011313502546166013,-0.0029681593087207236,month_boundary,231
johansen,johansen:2026-01-05T03:55:00+00:00:11-18,11,18,2026-01-05 03:55:00+00:00,2026-01-05 20:55:00+00:00,-3.105441487691001,-0.4505955874480333,0.004804608069808167,0.00014319094829734168,0.0001437617586724397,0.00028695270696978137,-2.2546027695790062e-05,0.004495109335142596,mean,204
johansen,johansen:2026-01-06T16:25:00+00:00:11-18,11,18,2026-01-06 16:25:00+00:00,2026-01-09 01:10:00+00:00,-2.5565540140422285,-0.4980804953319644,0.0035605472678041854,0.00014247999516878317,0.00013870332329193787,0.00028118331846072107,-2.6234856056033345e-07,0.003279101600782904,mean,681
johansen,johansen:2026-01-02T21:45:00+00:00:3-9,3,9,2026-01-02 21:45:00+00:00,2026-01-14 14:25:00+00:00,-2.5338912116504293,-0.38234099705837765,0.004449907993007122,0.00014304424988451122,0.00015963885386268662,0.00030268310374719783,-0.0002849910694689264,0.0038622338197909986,mean,3368
johansen,johansen:2026-01-09T14:20:00+00:00:11-18,11,18,2026-01-09 14:20:00+00:00,2026-01-23 14:20:00+00:00,-2.5846348794786236,-12.96475083093758,-0.01706856518700156,0.00014349136018792255,0.00012432988953888676,0.00026782124972680934,-0.00018708246771752726,-0.017523468904445897,timeout,4032
johansen,johansen:2026-01-25T19:55:00+00:00:3-9,3,9,2026-01-25 19:55:00+00:00,2026-01-27 05:25:00+00:00,-2.6519793863390198,-0.49989270650790063,0.004443109169491012,0.0001421611962622018,0.0001495203612791139,0.0002916815575413157,4.340695964032593e-05,0.004194834571590022,mean,402
johansen,johansen:2026-01-31T03:10:00+00:00:3-9,3,9,2026-01-31 03:10:00+00:00,2026-01-31 14:50:00+00:00,2.5090412013051107,0.2383716167954179,0.004448815913115162,0.0001427904214479403,0.00013103005811513786,0.0002738204795630782,-3.16474157525711e-05,0.0041433480177995126,mean,140
johansen,johansen:2026-01-31T17:15:00+00:00:3-9,3,9,2026-01-31 17:15:00+00:00,2026-02-01 00:00:00+00:00,-2.619490863387505,-2.186007146242672,0.0008535472190526138,0.00014341192365061023,0.0001475019909548883,0.0002909139146054985,0.0001240587341261892,0.0006866920385733044,month_boundary,81
johansen,johansen:2026-02-01T05:25:00+00:00:16-18,16,18,2026-02-01 05:25:00+00:00,2026-02-15 05:25:00+00:00,2.522122801712604,7.358190555178674,-0.010391638896634706,0.00014351492745639626,0.00013244066199722876,0.00027595558945362505,-0.0005138761928170658,-0.011181470678905396,timeout,4032
johansen,johansen:2026-03-04T17:20:00+00:00:5-15,5,15,2026-03-04 17:20:00+00:00,2026-03-05 03:10:00+00:00,2.520986244628402,0.4765778618373738,0.005715250276800787,0.000139058918999525,0.00013600177000866844,0.0002750606890081934,-2.6615313434380106e-06,0.005437528056449156,mean,118
johansen,johansen:2026-03-01T00:05:00+00:00:16-18,16,18,2026-03-01 00:05:00+00:00,2026-03-15 00:05:00+00:00,-3.4674227814804666,-18.165744328356965,-0.03601267793915415,0.00014183770685456055,0.00014198931554695125,0.0002838270224015118,0.00017691903767461597,-0.036119585923881044,timeout,4032
johansen,johansen:2026-03-09T05:55:00+00:00:10-11,10,11,2026-03-09 05:55:00+00:00,2026-03-22 17:15:00+00:00,2.540671880298492,0.4480527280480548,0.0031194176348428243,0.00014045693966519606,0.00014001494304799824,0.00028047188271319433,-4.749827144032911e-05,0.002791447480689301,mean,3880
johansen,johansen:2026-03-23T13:55:00+00:00:10-11,10,11,2026-03-23 13:55:00+00:00,2026-03-26 15:20:00+00:00,2.52505467230072,0.3987183148536237,0.002991706913736087,0.000137532565626507,0.00013318721911406202,0.000270719784740569,1.0338444354137844e-05,0.002731325573349656,mean,881
johansen,johansen:2026-03-15T02:10:00+00:00:5-15,5,15,2026-03-15 02:10:00+00:00,2026-03-29 02:10:00+00:00,-2.5060627907791417,-5.105564040131136,-0.007109972163484496,0.00013665390453566963,0.00013352329355954275,0.00027017719809521235,0.00022646840931273913,-0.00715368095226697,timeout,4032
johansen,johansen:2026-03-27T17:00:00+00:00:10-11,10,11,2026-03-27 17:00:00+00:00,2026-03-30 08:40:00+00:00,-2.634445453082572,-0.2608469685683294,0.003473228286768981,0.00013673900474336882,0.0001388803529804377,0.00027561935772380653,-1.0251627306383629e-05,0.003187357301738791,mean,764
johansen,johansen:2026-05-06T07:55:00+00:00:2-11,2,11,2026-05-06 07:55:00+00:00,2026-05-07 01:05:00+00:00,-2.6851541900664384,-0.3312430852762368,0.0038199418941969173,0.0001374688655849724,0.00013637283831296934,0.0002738417038979417,6.24880051685104e-06,0.0035523489908158264,mean,206
johansen,johansen:2026-05-08T14:45:00+00:00:2-11,2,11,2026-05-08 14:45:00+00:00,2026-05-13 12:40:00+00:00,-2.5000640027860435,-0.4888191247374218,0.0034169024802384947,0.00013800171793359474,0.0001404077737891967,0.00027840949172279147,5.0581335443901154e-05,0.0031890743239596044,mean,1415
johansen,johansen:2026-05-11T16:30:00+00:00:3-10,3,10,2026-05-11 16:30:00+00:00,2026-05-14 14:40:00+00:00,2.685739533419587,0.4938691092156781,0.0037179341764081407,0.0001375919982081203,0.0001316363907274556,0.0002692283889355759,-5.15223572112727e-06,0.0034435535517514377,mean,842
johansen,johansen:2026-05-14T19:05:00+00:00:2-11,2,11,2026-05-14 19:05:00+00:00,2026-05-15 01:55:00+00:00,-2.8572346583170316,-0.4957974949365999,0.0038799187438796593,0.0001389966121149514,0.00013689517777043785,0.00027589178988538925,-8.590867570809946e-06,0.00359543608642346,mean,82
johansen,johansen:2026-05-17T23:15:00+00:00:2-11,2,11,2026-05-17 23:15:00+00:00,2026-05-31 23:15:00+00:00,2.672706615568948,13.866571467593934,-0.018449090564764438,0.00013953592752791492,0.00013873727390351879,0.0002782732014314337,0.00010070149317704591,-0.018626662273018825,timeout,4032
johansen,johansen:2026-05-29T15:00:00+00:00:3-10,3,10,2026-05-29 15:00:00+00:00,2026-06-01 00:00:00+00:00,2.530533752312571,0.9663323146757151,0.002859746738571622,0.0001381035691841212,0.00014127654722846455,0.00027938011641258576,-1.3680617116128455e-05,0.002566686005042908,month_boundary,684
