model,hold_days,entry_z,exit_z,gross_limit,fee_bp_one_way,return,mdd,trades,fees,funding,turnover,max_gross,max_open_positions,replay_error,development_return,validation_return,historical_holdout_return,extension_return
johansen,56,2.5,0.5,,5.0,0.035245583858678486,-0.09108724767105958,29,0.008895204176967701,0.001529903608296494,17.790408353935405,1.0242610162226833,3,2.220446049250313e-15,-0.018071064979960028,0.05429676543131756,0.011246678728801696,-0.011120562449018156
johansen,56,2.5,0.75,,5.0,0.03223398386814602,-0.09108724767106013,30,0.009208223021445434,0.0017369633535390314,18.416446042890872,1.018304485883555,3,-4.440892098500626e-16,-0.020642830980365456,0.05430189306412836,0.009904025858365362,-0.010098558805218039
johansen,56,3.0,0.5,,5.0,0.04895895685715623,-0.08716306222112147,23,0.007008581778194163,0.0028843569559741026,14.017163556388319,1.0189948008340652,3,-4.440892098500626e-16,-0.025550647599106302,0.05346725920482309,0.01579434623587117,0.005940724288599375
johansen,56,3.0,0.75,,5.0,0.02575238157258175,-0.08716306222112102,22,0.006674839737980844,0.0030334671625037776,13.349679475961686,1.0133294662004695,3,6.661338147750939e-16,-0.02685287857954799,0.05346846329152122,0.011956931949628657,-0.011263736520352507
johansen,56,3.5,0.5,,5.0,0.037520341456530604,-0.08302328599497177,18,0.005426914710810185,0.0028449250540202313,10.853829421620372,1.0036882728737015,3,-2.6645352591003757e-15,-0.01609943833797023,0.05291496069870094,0.006666678346524124,-0.005129801129455047
johansen,56,3.5,0.75,,5.0,0.0223366138410499,-0.08302328599496989,18,0.005422919911231364,0.002897335713661073,10.845839822462727,0.9997627304458335,3,6.661338147750939e-16,-0.01726455497797308,0.052908842710319925,0.003925700373462515,-0.015841723385529694
johansen,84,2.5,0.5,,5.0,0.06742991993341341,-0.09108724767105958,26,0.00810862012349396,0.0016375482973434766,16.217240246987917,1.048494655767301,3,1.5543122344752192e-15,-0.018071064979960028,0.07924103977336228,0.011246678728800585,-0.003944004080933761
johansen,84,2.5,0.75,,5.0,0.056513709128542144,-0.09108724767106013,27,0.008411870455707706,0.0017505150444948718,16.823740911415406,1.0409651467725363,3,3.552713678800501e-15,-0.020642830980365456,0.07776361596187997,0.009904025858363807,-0.008870487200941857
johansen,84,3.0,0.5,,5.0,0.06106470866517233,-0.08716306222112147,20,0.006169100020204614,0.003003732660143368,12.33820004040923,0.9136282346333957,3,1.9984014443252818e-15,-0.025550647599106302,0.0776830389921761,0.01579434623587006,-0.005314562923317223
johansen,84,3.0,0.75,,5.0,0.051194792058824934,-0.08716306222112102,20,0.006148943863981797,0.003042651667256877,12.29788772796359,0.9078930888199064,3,-6.661338147750939e-16,-0.02685287857954799,0.07622986616348992,0.011956931949629546,-0.008169112986702864
johansen,84,3.5,0.5,,5.0,0.05287792032878946,-0.08302328599497177,15,0.00456828334845811,0.0029559716597259275,9.13656669691622,0.8698515140425327,3,-6.661338147750939e-16,-0.01609943833797023,0.07566910742907407,0.006666678346525012,-0.011760018240852932
johansen,84,3.5,0.75,,5.0,0.04577278041776989,-0.08302328599496989,15,0.00456224514194376,0.002975452588338675,9.124490283887521,0.8654622876117719,3,-4.440892098500626e-15,-0.01726455497797308,0.07424526798339315,0.0039257003734642915,-0.013275999567100794
johansen,112,2.5,0.5,,5.0,0.044997789088179196,-0.09108724767105958,25,0.007798362620232946,0.0014500932712913873,15.596725240465894,1.048494655767301,3,2.220446049250313e-16,-0.018071064979960028,0.07924103977336228,0.011246678728800585,-0.024876205823068154
johansen,112,2.5,0.75,,5.0,0.038295165746057735,-0.09108724767106013,26,0.00810722250210196,0.0015533504500035659,16.21444500420392,1.0409651467725363,3,1.5543122344752192e-15,-0.020642830980365456,0.07776361596187997,0.009904025858363807,-0.025961544203396136
johansen,112,3.0,0.5,,5.0,0.04019685514953286,-0.08716306222112147,19,0.005872465821754099,0.0028023428013479188,11.744931643508197,0.9136282346333957,3,3.9968028886505635e-15,-0.025550647599106302,0.0776830389921761,0.01579434623587006,-0.024876941942753694
johansen,112,3.0,0.75,,5.0,0.030976903795877586,-0.08716306222112102,19,0.005855310094756583,0.0028434043959265323,11.710620189513165,0.9078930888199064,3,-1.7763568394002505e-15,-0.02685287857954799,0.07622986616348992,0.011956931949629546,-0.027245240647210456
johansen,112,3.5,0.5,,5.0,0.02945745340634698,-0.08302328599497177,14,0.00426935573386747,0.0027353851194275463,8.538711467734938,0.8698515140425327,3,6.661338147750939e-16,-0.01609943833797023,0.07566910742907407,0.006666678346525012,-0.033742663481430846
johansen,112,3.5,0.75,,5.0,0.02298944095079447,-0.08302328599496989,14,0.00426556621265206,0.0027563904929482955,8.531132425304119,0.8654622876117719,3,-7.327471962526033e-15,-0.01726455497797308,0.07424526798339315,0.0039257003734642915,-0.0347728947655912
johansen,112,3.0,0.5,0.8,5.0,0.04019685514953286,-0.08716306222112147,19,0.005872465821754099,0.0028023428013479188,11.744931643508197,0.9136282346333957,3,3.9968028886505635e-15,-0.025550647599106302,0.0776830389921761,0.01579434623587006,-0.024876941942753694
johansen,112,3.0,0.5,0.9,5.0,0.04019685514953286,-0.08716306222112147,19,0.005872465821754099,0.0028023428013479188,11.744931643508197,0.9136282346333957,3,3.9968028886505635e-15,-0.025550647599106302,0.0776830389921761,0.01579434623587006,-0.024876941942753694
