time,equity,net_pnl,fees,funding,mean_open_pairs,max_open_pairs,mean_open_coins,max_open_coins,mean_gross_equity_ratio,max_gross_equity_ratio
2024-06-01 00:00:00+00:00,1.0,0.0,0.0,0.0,0.0,0,0.0,0,0.0,0.0
2024-06-02 00:00:00+00:00,1.0,0.0,0.0,0.0,0.0,0,0.0,0,0.0,0.0
2024-06-03 00:00:00+00:00,1.0,0.0,0.0,0.0,0.0,0,0.0,0,0.0,0.0
2024-06-04 00:00:00+00:00,1.0,0.0,0.0,0.0,0.0,0,0.0,0,0.0,0.0
2024-06-05 00:00:00+00:00,1.0,0.0,0.0,0.0,0.0,0,0.0,0,0.0,0.0
2024-06-06 00:00:00+00:00,1.0,0.0,0.0,0.0,0.0,0,0.0,0,0.0,0.0
2024-06-07 00:00:00+00:00,1.0,0.0,0.0,0.0,0.0,0,0.0,0,0.0,0.0
2024-06-08 00:00:00+00:00,1.0,0.0,0.0,0.0,0.0,0,0.0,0,0.0,0.0
2024-06-09 00:00:00+00:00,1.0,0.0,0.0,0.0,0.0,0,0.0,0,0.0,0.0
2024-06-10 00:00:00+00:00,1.0,0.0,0.0,0.0,0.0,0,0.0,0,0.0,0.0
2024-06-11 00:00:00+00:00,1.0,0.0,0.0,0.0,0.0,0,0.0,0,0.0,0.0
2024-06-12 00:00:00+00:00,1.0,0.0,0.0,0.0,0.0,0,0.0,0,0.0,0.0
2024-06-13 00:00:00+00:00,1.0,0.0,0.0,0.0,0.0,0,0.0,0,0.0,0.0
2024-06-14 00:00:00+00:00,1.0,0.0,0.0,0.0,0.0,0,0.0,0,0.0,0.0
2024-06-15 00:00:00+00:00,1.0,0.0,0.0,0.0,0.0,0,0.0,0,0.0,0.0
2024-06-16 00:00:00+00:00,1.0,0.0,0.0,0.0,0.0,0,0.0,0,0.0,0.0
2024-06-17 00:00:00+00:00,1.0,0.0,0.0,0.0,0.0,0,0.0,0,0.0,0.0
2024-06-18 00:00:00+00:00,1.0,0.0,0.0,0.0,0.0,0,0.0,0,0.0,0.0
2024-06-19 00:00:00+00:00,1.0,0.0,0.0,0.0,0.0,0,0.0,0,0.0,0.0
2024-06-20 00:00:00+00:00,1.0,0.0,0.0,0.0,0.0,0,0.0,0,0.0,0.0
2024-06-21 00:00:00+00:00,1.0,0.0,0.0,0.0,0.0,0,0.0,0,0.0,0.0
2024-06-22 00:00:00+00:00,1.0,0.0,0.0,0.0,0.0,0,0.0,0,0.0,0.0
2024-06-23 00:00:00+00:00,1.0,0.0,0.0,0.0,0.0,0,0.0,0,0.0,0.0
2024-06-24 00:00:00+00:00,1.0,0.0,0.0,0.0,0.0,0,0.0,0,0.0,0.0
2024-06-25 00:00:00+00:00,1.0,0.0,0.0,0.0,0.0,0,0.0,0,0.0,0.0
2024-06-26 00:00:00+00:00,1.0,0.0,0.0,0.0,0.0,0,0.0,0,0.0,0.0
2024-06-27 00:00:00+00:00,1.0,0.0,0.0,0.0,0.0,0,0.0,0,0.0,0.0
2024-06-28 00:00:00+00:00,1.0,0.0,0.0,0.0,0.0,0,0.0,0,0.0,0.0
2024-06-29 00:00:00+00:00,1.0,0.0,0.0,0.0,0.0,0,0.0,0,0.0,0.0
2024-06-30 00:00:00+00:00,1.0,0.0,0.0,0.0,0.0,0,0.0,0,0.0,0.0
2024-07-01 00:00:00+00:00,1.0,0.0,0.0,0.0,0.0,0,0.0,0,0.0,0.0
2024-07-02 00:00:00+00:00,1.0,0.0,0.0,0.0,0.0,0,0.0,0,0.0,0.0
2024-07-03 00:00:00+00:00,1.0,0.0,0.0,0.0,0.0,0,0.0,0,0.0,0.0
2024-07-04 00:00:00+00:00,1.0,0.0,0.0,0.0,0.0,0,0.0,0,0.0,0.0
2024-07-05 00:00:00+00:00,1.0,0.0,0.0,0.0,0.0,0,0.0,0,0.0,0.0
2024-07-06 00:00:00+00:00,1.0,0.0,0.0,0.0,0.0,0,0.0,0,0.0,0.0
2024-07-07 00:00:00+00:00,1.0,0.0,0.0,0.0,0.0,0,0.0,0,0.0,0.0
2024-07-08 00:00:00+00:00,1.0,0.0,0.0,0.0,0.0,0,0.0,0,0.0,0.0
2024-07-09 00:00:00+00:00,1.0,0.0,0.0,0.0,0.0,0,0.0,0,0.0,0.0
2024-07-10 00:00:00+00:00,1.0,0.0,0.0,0.0,0.0,0,0.0,0,0.0,0.0
2024-07-11 00:00:00+00:00,1.0,0.0,0.0,0.0,0.0,0,0.0,0,0.0,0.0
2024-07-12 00:00:00+00:00,1.0,0.0,0.0,0.0,0.0,0,0.0,0,0.0,0.0
2024-07-13 00:00:00+00:00,1.0,0.0,0.0,0.0,0.0,0,0.0,0,0.0,0.0
2024-07-14 00:00:00+00:00,1.0,0.0,0.0,0.0,0.0,0,0.0,0,0.0,0.0
2024-07-15 00:00:00+00:00,1.0,0.0,0.0,0.0,0.0,0,0.0,0,0.0,0.0
2024-07-16 00:00:00+00:00,1.0,0.0,0.0,0.0,0.0,0,0.0,0,0.0,0.0
2024-07-17 00:00:00+00:00,1.0,0.0,0.0,0.0,0.0,0,0.0,0,0.0,0.0
2024-07-18 00:00:00+00:00,1.0,0.0,0.0,0.0,0.0,0,0.0,0,0.0,0.0
2024-07-19 00:00:00+00:00,1.0,0.0,0.0,0.0,0.0,0,0.0,0,0.0,0.0
2024-07-20 00:00:00+00:00,1.0,0.0,0.0,0.0,0.0,0,0.0,0,0.0,0.0
2024-07-21 00:00:00+00:00,1.0,0.0,0.0,0.0,0.0,0,0.0,0,0.0,0.0
2024-07-22 00:00:00+00:00,1.0,0.0,0.0,0.0,0.0,0,0.0,0,0.0,0.0
2024-07-23 00:00:00+00:00,1.0,0.0,0.0,0.0,0.0,0,0.0,0,0.0,0.0
2024-07-24 00:00:00+00:00,1.0,0.0,0.0,0.0,0.0,0,0.0,0,0.0,0.0
2024-07-25 00:00:00+00:00,1.0,0.0,0.0,0.0,0.0,0,0.0,0,0.0,0.0
2024-07-26 00:00:00+00:00,1.0,0.0,0.0,0.0,0.0,0,0.0,0,0.0,0.0
2024-07-27 00:00:00+00:00,1.0,0.0,0.0,0.0,0.0,0,0.0,0,0.0,0.0
2024-07-28 00:00:00+00:00,1.0,0.0,0.0,0.0,0.0,0,0.0,0,0.0,0.0
2024-07-29 00:00:00+00:00,1.0,0.0,0.0,0.0,0.0,0,0.0,0,0.0,0.0
2024-07-30 00:00:00+00:00,1.0,0.0,0.0,0.0,0.0,0,0.0,0,0.0,0.0
2024-07-31 00:00:00+00:00,1.0,0.0,0.0,0.0,0.0,0,0.0,0,0.0,0.0
2024-08-01 00:00:00+00:00,1.0,0.0,0.0,0.0,0.0,0,0.0,0,0.0,0.0
2024-08-02 00:00:00+00:00,1.0,0.0,0.0,0.0,0.0,0,0.0,0,0.0,0.0
2024-08-03 00:00:00+00:00,1.0,0.0,0.0,0.0,0.0,0,0.0,0,0.0,0.0
2024-08-04 00:00:00+00:00,1.0,0.0,0.0,0.0,0.0,0,0.0,0,0.0,0.0
2024-08-05 00:00:00+00:00,1.0,0.0,0.0,0.0,0.0,0,0.0,0,0.0,0.0
2024-08-06 00:00:00+00:00,1.0,0.0,0.0,0.0,0.0,0,0.0,0,0.0,0.0
2024-08-07 00:00:00+00:00,1.0,0.0,0.0,0.0,0.0,0,0.0,0,0.0,0.0
2024-08-08 00:00:00+00:00,1.0,0.0,0.0,0.0,0.0,0,0.0,0,0.0,0.0
2024-08-09 00:00:00+00:00,1.0,0.0,0.0,0.0,0.0,0,0.0,0,0.0,0.0
2024-08-10 00:00:00+00:00,1.0,0.0,0.0,0.0,0.0,0,0.0,0,0.0,0.0
2024-08-11 00:00:00+00:00,1.0,0.0,0.0,0.0,0.0,0,0.0,0,0.0,0.0
2024-08-12 00:00:00+00:00,1.0,0.0,0.0,0.0,0.0,0,0.0,0,0.0,0.0
2024-08-13 00:00:00+00:00,1.0,0.0,0.0,0.0,0.0,0,0.0,0,0.0,0.0
2024-08-14 00:00:00+00:00,1.0,0.0,0.0,0.0,0.0,0,0.0,0,0.0,0.0
2024-08-15 00:00:00+00:00,1.0,0.0,0.0,0.0,0.0,0,0.0,0,0.0,0.0
2024-08-16 00:00:00+00:00,1.0,0.0,0.0,0.0,0.0,0,0.0,0,0.0,0.0
2024-08-17 00:00:00+00:00,1.0,0.0,0.0,0.0,0.0,0,0.0,0,0.0,0.0
2024-08-18 00:00:00+00:00,1.0,0.0,0.0,0.0,0.0,0,0.0,0,0.0,0.0
2024-08-19 00:00:00+00:00,1.0,0.0,0.0,0.0,0.0,0,0.0,0,0.0,0.0
2024-08-20 00:00:00+00:00,1.0,0.0,0.0,0.0,0.0,0,0.0,0,0.0,0.0
2024-08-21 00:00:00+00:00,1.0,0.0,0.0,0.0,0.0,0,0.0,0,0.0,0.0
2024-08-22 00:00:00+00:00,1.0,0.0,0.0,0.0,0.0,0,0.0,0,0.0,0.0
2024-08-23 00:00:00+00:00,1.0,0.0,0.0,0.0,0.0,0,0.0,0,0.0,0.0
2024-08-24 00:00:00+00:00,1.0,0.0,0.0,0.0,0.0,0,0.0,0,0.0,0.0
2024-08-25 00:00:00+00:00,1.0,0.0,0.0,0.0,0.0,0,0.0,0,0.0,0.0
2024-08-26 00:00:00+00:00,1.0,0.0,0.0,0.0,0.0,0,0.0,0,0.0,0.0
2024-08-27 00:00:00+00:00,1.0,0.0,0.0,0.0,0.0,0,0.0,0,0.0,0.0
2024-08-28 00:00:00+00:00,1.0,0.0,0.0,0.0,0.0,0,0.0,0,0.0,0.0
2024-08-29 00:00:00+00:00,1.0,0.0,0.0,0.0,0.0,0,0.0,0,0.0,0.0
2024-08-30 00:00:00+00:00,1.0,0.0,0.0,0.0,0.0,0,0.0,0,0.0,0.0
2024-08-31 00:00:00+00:00,1.0,0.0,0.0,0.0,0.0,0,0.0,0,0.0,0.0
2024-09-01 00:00:00+00:00,1.0,0.0,0.0,0.0,0.0,0,0.0,0,0.0,0.0
2024-09-02 00:00:00+00:00,1.0,0.0,0.0,0.0,0.0,0,0.0,0,0.0,0.0
2024-09-03 00:00:00+00:00,1.0,0.0,0.0,0.0,0.0,0,0.0,0,0.0,0.0
2024-09-04 00:00:00+00:00,1.0,0.0,0.0,0.0,0.0,0,0.0,0,0.0,0.0
2024-09-05 00:00:00+00:00,1.0,0.0,0.0,0.0,0.0,0,0.0,0,0.0,0.0
2024-09-06 00:00:00+00:00,0.9999252319462373,-7.476805376271933e-05,0.0,0.0,0.1597222222222222,1,0.3194444444444444,2,0.04777118113825176,0.30121778465379984
2024-09-07 00:00:00+00:00,1.0042511033018238,0.004325871355586486,0.0,-1.5038380691573379e-05,1.0,1,2.0,2,0.3086848971623316,0.3149503062223971
2024-09-08 00:00:00+00:00,1.0013037459243443,-0.0029473573774794204,0.0,-1.593082606374662e-05,1.0,1,2.0,2,0.3216519921826187,0.33014964448418055
2024-09-09 00:00:00+00:00,1.0010303683348987,-0.000273377589445678,0.0,-1.137551714726936e-05,1.0,1,2.0,2,0.33312499607376655,0.3408141822757015
2024-09-10 00:00:00+00:00,0.9988630658112173,-0.002167302523681358,0.0,-3.41748038420904e-05,1.0,1,2.0,2,0.3349661557607536,0.34172843644563716
2024-09-11 00:00:00+00:00,1.0018723353908567,0.0030092695796394286,0.0,-3.5591217856654556e-05,1.0,1,2.0,2,0.33077849338644816,0.33978058008356654
2024-09-12 00:00:00+00:00,1.0042648541105996,0.0023925187197428865,0.0,-0.00011276644026021496,1.0,1,2.0,2,0.3342170435932801,0.33899152410619127
2024-09-13 00:00:00+00:00,1.010866998737196,0.006602144626596473,0.0,-3.6585341624008395e-05,0.5347222222222222,1,1.0694444444444444,2,0.18050230465787073,0.34290015485022596
2024-09-14 00:00:00+00:00,1.010866998737196,0.0,0.0,0.0,0.0,0,0.0,0,0.0,0.0
2024-09-15 00:00:00+00:00,1.010866998737196,0.0,0.0,0.0,0.0,0,0.0,0,0.0,0.0
2024-09-16 00:00:00+00:00,1.010866998737196,0.0,0.0,0.0,0.0,0,0.0,0,0.0,0.0
2024-09-17 00:00:00+00:00,1.010866998737196,0.0,0.0,0.0,0.0,0,0.0,0,0.0,0.0
2024-09-18 00:00:00+00:00,1.010866998737196,0.0,0.0,0.0,0.0,0,0.0,0,0.0,0.0
2024-09-19 00:00:00+00:00,1.008277967708044,-0.002589031029152089,0.0,-1.4289393903914652e-05,0.9826388888888888,1,1.9652777777777777,2,0.300648511467932,0.3106699192729142
2024-09-20 00:00:00+00:00,1.0068436110643337,-0.0014343566437102773,0.0,-2.373182261909715e-05,1.0,1,2.0,2,0.3186486192638097,0.3277784611346258
2024-09-21 00:00:00+00:00,1.0071526978602243,0.00030908679589058963,0.0,-2.7543681603122935e-05,1.0,1,2.0,2,0.3163313683709088,0.321467469472525
2024-09-22 00:00:00+00:00,1.0038023192947436,-0.003350378565480705,0.0,6.640778694605027e-06,1.0,1,2.0,2,0.31261916927509925,0.3202706946161698
2024-09-23 00:00:00+00:00,1.0075543856226608,0.0037520663279171362,0.0,-1.252259213413255e-05,1.0,1,2.0,2,0.3165069735387609,0.3217306852274818
2024-09-24 00:00:00+00:00,1.0141179339972692,0.0065635483746084855,0.0,-5.987754568832775e-06,1.0,1,2.0,2,0.31825837134935164,0.33177662143267744
2024-09-25 00:00:00+00:00,1.0221479574419954,0.008030023444726142,0.0,-1.8428375931953028e-05,0.6701388888888888,1,1.3402777777777777,2,0.219801158429923,0.33206469048673837
2024-09-26 00:00:00+00:00,1.0221479574419954,0.0,0.0,0.0,0.0,0,0.0,0,0.0,0.0
2024-09-27 00:00:00+00:00,1.0221479574419954,0.0,0.0,0.0,0.0,0,0.0,0,0.0,0.0
2024-09-28 00:00:00+00:00,1.0221479574419954,0.0,0.0,0.0,0.0,0,0.0,0,0.0,0.0
2024-09-29 00:00:00+00:00,1.0221479574419954,0.0,0.0,0.0,0.0,0,0.0,0,0.0,0.0
2024-09-30 00:00:00+00:00,1.0221479574419954,0.0,0.0,0.0,0.0,0,0.0,0,0.0,0.0
2024-10-01 00:00:00+00:00,1.0221479574419954,0.0,0.0,0.0,0.0,0,0.0,0,0.0,0.0
2024-10-02 00:00:00+00:00,1.0221479574419954,0.0,0.0,0.0,0.0,0,0.0,0,0.0,0.0
2024-10-03 00:00:00+00:00,1.0221479574419954,0.0,0.0,0.0,0.0,0,0.0,0,0.0,0.0
2024-10-04 00:00:00+00:00,1.0221479574419954,0.0,0.0,0.0,0.0,0,0.0,0,0.0,0.0
2024-10-05 00:00:00+00:00,1.0221479574419954,0.0,0.0,0.0,0.0,0,0.0,0,0.0,0.0
2024-10-06 00:00:00+00:00,1.0221479574419954,0.0,0.0,0.0,0.0,0,0.0,0,0.0,0.0
2024-10-07 00:00:00+00:00,1.0221479574419954,0.0,0.0,0.0,0.0,0,0.0,0,0.0,0.0
2024-10-08 00:00:00+00:00,1.0221479574419954,0.0,0.0,0.0,0.0,0,0.0,0,0.0,0.0
2024-10-09 00:00:00+00:00,1.0221479574419954,0.0,0.0,0.0,0.0,0,0.0,0,0.0,0.0
2024-10-10 00:00:00+00:00,1.0221479574419954,0.0,0.0,0.0,0.0,0,0.0,0,0.0,0.0
2024-10-11 00:00:00+00:00,1.0221479574419954,0.0,0.0,0.0,0.0,0,0.0,0,0.0,0.0
2024-10-12 00:00:00+00:00,1.0221479574419954,0.0,0.0,0.0,0.0,0,0.0,0,0.0,0.0
2024-10-13 00:00:00+00:00,1.0221479574419954,0.0,0.0,0.0,0.0,0,0.0,0,0.0,0.0
2024-10-14 00:00:00+00:00,1.0221479574419954,0.0,0.0,0.0,0.0,0,0.0,0,0.0,0.0
2024-10-15 00:00:00+00:00,1.0221479574419954,0.0,0.0,0.0,0.0,0,0.0,0,0.0,0.0
2024-10-16 00:00:00+00:00,1.0221479574419954,0.0,0.0,0.0,0.0,0,0.0,0,0.0,0.0
2024-10-17 00:00:00+00:00,1.0221479574419954,0.0,0.0,0.0,0.0,0,0.0,0,0.0,0.0
2024-10-18 00:00:00+00:00,1.0221479574419954,0.0,0.0,0.0,0.0,0,0.0,0,0.0,0.0
2024-10-19 00:00:00+00:00,1.0221479574419954,0.0,0.0,0.0,0.0,0,0.0,0,0.0,0.0
2024-10-20 00:00:00+00:00,1.0221479574419954,0.0,0.0,0.0,0.0,0,0.0,0,0.0,0.0
2024-10-21 00:00:00+00:00,1.0221479574419954,0.0,0.0,0.0,0.0,0,0.0,0,0.0,0.0
2024-10-22 00:00:00+00:00,1.0221479574419954,0.0,0.0,0.0,0.0,0,0.0,0,0.0,0.0
2024-10-23 00:00:00+00:00,1.0221479574419954,0.0,0.0,0.0,0.0,0,0.0,0,0.0,0.0
2024-10-24 00:00:00+00:00,1.0221479574419954,0.0,0.0,0.0,0.0,0,0.0,0,0.0,0.0
2024-10-25 00:00:00+00:00,1.0221479574419954,0.0,0.0,0.0,0.0,0,0.0,0,0.0,0.0
2024-10-26 00:00:00+00:00,1.0221479574419954,0.0,0.0,0.0,0.0,0,0.0,0,0.0,0.0
2024-10-27 00:00:00+00:00,1.0221479574419954,0.0,0.0,0.0,0.0,0,0.0,0,0.0,0.0
2024-10-28 00:00:00+00:00,1.0221479574419954,0.0,0.0,0.0,0.0,0,0.0,0,0.0,0.0
2024-10-29 00:00:00+00:00,1.0221479574419954,0.0,0.0,0.0,0.0,0,0.0,0,0.0,0.0
2024-10-30 00:00:00+00:00,1.0221479574419954,0.0,0.0,0.0,0.0,0,0.0,0,0.0,0.0
2024-10-31 00:00:00+00:00,1.0221479574419954,0.0,0.0,0.0,0.0,0,0.0,0,0.0,0.0
2024-11-01 00:00:00+00:00,1.0221479574419954,0.0,0.0,0.0,0.0,0,0.0,0,0.0,0.0
2024-11-02 00:00:00+00:00,1.0221479574419954,0.0,0.0,0.0,0.0,0,0.0,0,0.0,0.0
2024-11-03 00:00:00+00:00,1.0221479574419954,0.0,0.0,0.0,0.0,0,0.0,0,0.0,0.0
2024-11-04 00:00:00+00:00,1.0221479574419954,0.0,0.0,0.0,0.0,0,0.0,0,0.0,0.0
2024-11-05 00:00:00+00:00,1.0221479574419954,0.0,0.0,0.0,0.0,0,0.0,0,0.0,0.0
2024-11-06 00:00:00+00:00,1.0221479574419954,0.0,0.0,0.0,0.0,0,0.0,0,0.0,0.0
2024-11-07 00:00:00+00:00,1.0221479574419954,0.0,0.0,0.0,0.0,0,0.0,0,0.0,0.0
2024-11-08 00:00:00+00:00,1.0221479574419954,0.0,0.0,0.0,0.0,0,0.0,0,0.0,0.0
2024-11-09 00:00:00+00:00,1.0221479574419954,0.0,0.0,0.0,0.0,0,0.0,0,0.0,0.0
2024-11-10 00:00:00+00:00,1.0221479574419954,0.0,0.0,0.0,0.0,0,0.0,0,0.0,0.0
2024-11-11 00:00:00+00:00,1.0221479574419954,0.0,0.0,0.0,0.0,0,0.0,0,0.0,0.0
2024-11-12 00:00:00+00:00,1.0221479574419954,0.0,0.0,0.0,0.0,0,0.0,0,0.0,0.0
2024-11-13 00:00:00+00:00,1.0221479574419954,0.0,0.0,0.0,0.0,0,0.0,0,0.0,0.0
2024-11-14 00:00:00+00:00,1.0221479574419954,0.0,0.0,0.0,0.0,0,0.0,0,0.0,0.0
2024-11-15 00:00:00+00:00,1.0221479574419954,0.0,0.0,0.0,0.0,0,0.0,0,0.0,0.0
2024-11-16 00:00:00+00:00,1.0221479574419954,0.0,0.0,0.0,0.0,0,0.0,0,0.0,0.0
2024-11-17 00:00:00+00:00,1.0221479574419954,0.0,0.0,0.0,0.0,0,0.0,0,0.0,0.0
2024-11-18 00:00:00+00:00,1.0221479574419954,0.0,0.0,0.0,0.0,0,0.0,0,0.0,0.0
2024-11-19 00:00:00+00:00,1.0221479574419954,0.0,0.0,0.0,0.0,0,0.0,0,0.0,0.0
2024-11-20 00:00:00+00:00,1.0221479574419954,0.0,0.0,0.0,0.0,0,0.0,0,0.0,0.0
2024-11-21 00:00:00+00:00,1.0221479574419954,0.0,0.0,0.0,0.0,0,0.0,0,0.0,0.0
2024-11-22 00:00:00+00:00,1.0221479574419954,0.0,0.0,0.0,0.0,0,0.0,0,0.0,0.0
2024-11-23 00:00:00+00:00,1.0221479574419954,0.0,0.0,0.0,0.0,0,0.0,0,0.0,0.0
2024-11-24 00:00:00+00:00,1.0221479574419954,0.0,0.0,0.0,0.0,0,0.0,0,0.0,0.0
2024-11-25 00:00:00+00:00,1.0221479574419954,0.0,0.0,0.0,0.0,0,0.0,0,0.0,0.0
2024-11-26 00:00:00+00:00,1.0221479574419954,0.0,0.0,0.0,0.0,0,0.0,0,0.0,0.0
2024-11-27 00:00:00+00:00,1.0221479574419954,0.0,0.0,0.0,0.0,0,0.0,0,0.0,0.0
2024-11-28 00:00:00+00:00,1.0221479574419954,0.0,0.0,0.0,0.0,0,0.0,0,0.0,0.0
2024-11-29 00:00:00+00:00,1.0221479574419954,0.0,0.0,0.0,0.0,0,0.0,0,0.0,0.0
2024-11-30 00:00:00+00:00,1.0221479574419954,0.0,0.0,0.0,0.0,0,0.0,0,0.0,0.0
2024-12-01 00:00:00+00:00,1.0221479574419954,0.0,0.0,0.0,0.0,0,0.0,0,0.0,0.0
2024-12-02 00:00:00+00:00,1.0221479574419954,0.0,0.0,0.0,0.0,0,0.0,0,0.0,0.0
2024-12-03 00:00:00+00:00,1.0221479574419954,0.0,0.0,0.0,0.0,0,0.0,0,0.0,0.0
2024-12-04 00:00:00+00:00,1.0221479574419954,0.0,0.0,0.0,0.0,0,0.0,0,0.0,0.0
2024-12-05 00:00:00+00:00,1.0221479574419954,0.0,0.0,0.0,0.0,0,0.0,0,0.0,0.0
2024-12-06 00:00:00+00:00,1.0221479574419954,0.0,0.0,0.0,0.0,0,0.0,0,0.0,0.0
2024-12-07 00:00:00+00:00,1.0221479574419954,0.0,0.0,0.0,0.0,0,0.0,0,0.0,0.0
2024-12-08 00:00:00+00:00,1.0221479574419954,0.0,0.0,0.0,0.0,0,0.0,0,0.0,0.0
2024-12-09 00:00:00+00:00,1.0221479574419954,0.0,0.0,0.0,0.0,0,0.0,0,0.0,0.0
2024-12-10 00:00:00+00:00,1.0221479574419954,0.0,0.0,0.0,0.0,0,0.0,0,0.0,0.0
2024-12-11 00:00:00+00:00,1.0221479574419954,0.0,0.0,0.0,0.0,0,0.0,0,0.0,0.0
2024-12-12 00:00:00+00:00,1.0221479574419954,0.0,0.0,0.0,0.0,0,0.0,0,0.0,0.0
2024-12-13 00:00:00+00:00,1.0221479574419954,0.0,0.0,0.0,0.0,0,0.0,0,0.0,0.0
2024-12-14 00:00:00+00:00,1.0221479574419954,0.0,0.0,0.0,0.0,0,0.0,0,0.0,0.0
2024-12-15 00:00:00+00:00,1.0221479574419954,0.0,0.0,0.0,0.0,0,0.0,0,0.0,0.0
2024-12-16 00:00:00+00:00,1.0221479574419954,0.0,0.0,0.0,0.0,0,0.0,0,0.0,0.0
2024-12-17 00:00:00+00:00,1.0221479574419954,0.0,0.0,0.0,0.0,0,0.0,0,0.0,0.0
2024-12-18 00:00:00+00:00,1.0221479574419954,0.0,0.0,0.0,0.0,0,0.0,0,0.0,0.0
2024-12-19 00:00:00+00:00,1.0221479574419954,0.0,0.0,0.0,0.0,0,0.0,0,0.0,0.0
2024-12-20 00:00:00+00:00,1.0221479574419954,0.0,0.0,0.0,0.0,0,0.0,0,0.0,0.0
2024-12-21 00:00:00+00:00,1.0221479574419954,0.0,0.0,0.0,0.0,0,0.0,0,0.0,0.0
2024-12-22 00:00:00+00:00,1.0221479574419954,0.0,0.0,0.0,0.0,0,0.0,0,0.0,0.0
2024-12-23 00:00:00+00:00,1.0221479574419954,0.0,0.0,0.0,0.0,0,0.0,0,0.0,0.0
2024-12-24 00:00:00+00:00,1.0221479574419954,0.0,0.0,0.0,0.0,0,0.0,0,0.0,0.0
2024-12-25 00:00:00+00:00,1.0221479574419954,0.0,0.0,0.0,0.0,0,0.0,0,0.0,0.0
2024-12-26 00:00:00+00:00,1.0221479574419954,0.0,0.0,0.0,0.0,0,0.0,0,0.0,0.0
2024-12-27 00:00:00+00:00,1.0221479574419954,0.0,0.0,0.0,0.0,0,0.0,0,0.0,0.0
2024-12-28 00:00:00+00:00,1.0221479574419954,0.0,0.0,0.0,0.0,0,0.0,0,0.0,0.0
2024-12-29 00:00:00+00:00,1.0221479574419954,0.0,0.0,0.0,0.0,0,0.0,0,0.0,0.0
2024-12-30 00:00:00+00:00,1.0221479574419954,0.0,0.0,0.0,0.0,0,0.0,0,0.0,0.0
2024-12-31 00:00:00+00:00,1.0221479574419954,0.0,0.0,0.0,0.0,0,0.0,0,0.0,0.0
2025-01-01 00:00:00+00:00,1.0221479574419954,0.0,0.0,0.0,0.0,0,0.0,0,0.0,0.0
2025-01-02 00:00:00+00:00,1.0221479574419954,0.0,0.0,0.0,0.0,0,0.0,0,0.0,0.0
2025-01-03 00:00:00+00:00,1.0221479574419954,0.0,0.0,0.0,0.0,0,0.0,0,0.0,0.0
2025-01-04 00:00:00+00:00,1.0221479574419954,0.0,0.0,0.0,0.0,0,0.0,0,0.0,0.0
2025-01-05 00:00:00+00:00,1.0221479574419954,0.0,0.0,0.0,0.0,0,0.0,0,0.0,0.0
2025-01-06 00:00:00+00:00,1.0221479574419954,0.0,0.0,0.0,0.0,0,0.0,0,0.0,0.0
2025-01-07 00:00:00+00:00,1.0221479574419954,0.0,0.0,0.0,0.0,0,0.0,0,0.0,0.0
2025-01-08 00:00:00+00:00,1.0221479574419954,0.0,0.0,0.0,0.0,0,0.0,0,0.0,0.0
2025-01-09 00:00:00+00:00,1.0221479574419954,0.0,0.0,0.0,0.0,0,0.0,0,0.0,0.0
2025-01-10 00:00:00+00:00,1.0221479574419954,0.0,0.0,0.0,0.0,0,0.0,0,0.0,0.0
2025-01-11 00:00:00+00:00,1.0221479574419954,0.0,0.0,0.0,0.0,0,0.0,0,0.0,0.0
2025-01-12 00:00:00+00:00,1.0221479574419954,0.0,0.0,0.0,0.0,0,0.0,0,0.0,0.0
2025-01-13 00:00:00+00:00,1.0221479574419954,0.0,0.0,0.0,0.0,0,0.0,0,0.0,0.0
2025-01-14 00:00:00+00:00,1.0221479574419954,0.0,0.0,0.0,0.0,0,0.0,0,0.0,0.0
2025-01-15 00:00:00+00:00,1.0217630457625644,-0.00038491167943099924,0.0,0.0,0.027777777777777776,1,0.05555555555555555,2,0.008398915209978677,0.30494289476724057
2025-01-16 00:00:00+00:00,1.0063572449301963,-0.015405800832368088,0.0,3.669751902493609e-05,1.5034722222222223,2,3.0069444444444446,4,0.4638927550171791,0.640729797727643
2025-01-17 00:00:00+00:00,0.9918804012879292,-0.01447684364226709,0.0,2.9448621452375945e-05,2.0,2,4.0,4,0.6597905117374212,0.6749204167865328
2025-01-18 00:00:00+00:00,0.9679713912584793,-0.023909010029449895,0.0,1.5126993500223252e-05,2.0,2,4.0,4,0.6629941015015303,0.6844187330693344
2025-01-19 00:00:00+00:00,0.9750584913613416,0.007087100102862287,0.0,3.1598671148849554e-05,2.0,2,4.0,4,0.6756172468989594,0.6941534759787752
2025-01-20 00:00:00+00:00,0.9824863888331009,0.007427897471759315,0.0,-0.00013716328716088872,2.0,2,4.0,4,0.646598481425901,0.6895330893716708
2025-01-21 00:00:00+00:00,0.9814547814244804,-0.0010316074086205163,0.0,-4.641011670956338e-05,2.0,2,4.0,4,0.6358243021298784,0.6678257246105602
2025-01-22 00:00:00+00:00,0.9763458148904629,-0.0051089665340174895,0.0,7.766074002144532e-06,2.0,2,4.0,4,0.6480222433268877,0.665392567114688
2025-01-23 00:00:00+00:00,0.9806780309579699,0.004332216067507,0.0,2.349789737656656e-06,2.0,2,4.0,4,0.6283185036383401,0.645243496002384
2025-01-24 00:00:00+00:00,0.9747552880296495,-0.005922742928320401,0.0,2.4045042370398556e-05,2.0,2,4.0,4,0.6541599267245742,0.6785461695754069
2025-01-25 00:00:00+00:00,0.9640220040919396,-0.010733283937709892,0.0,-4.4006633079530177e-05,2.0,2,4.0,4,0.6624615632157406,0.6810983453001982
2025-01-26 00:00:00+00:00,0.980483557405675,0.016461553313735444,0.0,3.595175305942647e-05,2.0,2,4.0,4,0.6614919636869586,0.6741319741156986
2025-01-27 00:00:00+00:00,0.982129753351367,0.0016461959456919306,0.0,-3.520378431714529e-05,2.0,2,4.0,4,0.5963071306707248,0.6297920413977033
2025-01-28 00:00:00+00:00,0.9868988304779577,0.004769077126590693,0.0,5.229432298362962e-06,2.0,2,4.0,4,0.608524674706699,0.6249595360847776
2025-01-29 00:00:00+00:00,0.979355118474686,-0.007543712003271641,0.0,7.103285155084656e-06,2.0,2,4.0,4,0.5995523831022684,0.623346866032734
2025-01-30 00:00:00+00:00,0.9595597787000076,-0.0197953397746784,0.0,3.578667707451488e-05,2.0,2,4.0,4,0.6535100119517716,0.6769322488809808
2025-01-31 00:00:00+00:00,0.9730772436531585,0.01351746495315087,0.0,-4.201932928415834e-06,2.0,2,4.0,4,0.6565770227048344,0.6746067349046045
2025-02-01 00:00:00+00:00,0.9882846034995257,0.01520735984636723,0.0,-1.1344643407926105e-05,2.0,2,4.0,4,0.632767410159804,0.6584332680904761
2025-02-02 00:00:00+00:00,0.9872411276876141,-0.001043475811911665,0.0,2.691801771784727e-06,2.0,2,4.0,4,0.5766007425246722,0.6101792065293339
2025-02-03 00:00:00+00:00,0.9831426657033046,-0.0040984619843095205,0.0,5.6816609191501605e-05,2.0,2,4.0,4,0.511995726058601,0.5651987550333567
2025-02-04 00:00:00+00:00,0.986279449273371,0.003136783570066415,0.0,-3.8426473547126074e-05,2.0,2,4.0,4,0.5348083213204127,0.5630943257850659
2025-02-05 00:00:00+00:00,0.9914619164931794,0.005182467219808418,0.0,-2.043697682070981e-06,2.0,2,4.0,4,0.5292351372384245,0.5492726389425433
2025-02-06 00:00:00+00:00,0.9911842569337596,-0.00027765955941982945,0.0,3.4618450155867504e-05,2.0,2,4.0,4,0.5237569132048027,0.5455644219225413
2025-02-07 00:00:00+00:00,0.9854986320941936,-0.005685624839565917,0.0,2.396474922819949e-05,2.0,2,4.0,4,0.5189919093462092,0.5405579778653011
2025-02-08 00:00:00+00:00,0.9804747761715885,-0.005023855922605125,0.0,3.072246480371829e-05,2.0,2,4.0,4,0.5148136388143094,0.5261103503652392
2025-02-09 00:00:00+00:00,0.9753730919942902,-0.005101684177298282,0.0,-2.3455925035244894e-05,2.0,2,4.0,4,0.5316278057400479,0.5417575041218249
2025-02-10 00:00:00+00:00,0.9557415931864202,-0.019631498807870074,0.0,-1.4190568126309868e-05,2.0,2,4.0,4,0.5602188538221557,0.5776881147571157
2025-02-11 00:00:00+00:00,0.9557725520061975,3.095881977732695e-05,0.0,-3.459948559989344e-05,2.0,2,4.0,4,0.5841252973213443,0.60916058098347
2025-02-12 00:00:00+00:00,0.9644173802799509,0.008644828273753458,0.0,1.1565032301682293e-05,2.0,2,4.0,4,0.5592685188518784,0.5831920516501151
2025-02-13 00:00:00+00:00,0.9539495955180515,-0.010467784761899468,0.0,-2.7573001472125422e-05,2.0,2,4.0,4,0.5735396810572424,0.5943721131123324
2025-02-14 00:00:00+00:00,0.956366209082089,0.002416613564037551,0.0,5.810881607568693e-05,2.0,2,4.0,4,0.5921216661982888,0.6103972021124183
2025-02-15 00:00:00+00:00,0.9406149495120283,-0.01575125957006074,0.0,6.825938553705216e-05,2.0,2,4.0,4,0.5968291964403278,0.6054481736622873
2025-02-16 00:00:00+00:00,0.9552486330311978,0.014633683519169494,0.0,-2.7472455066875913e-05,2.0,2,4.0,4,0.5913631354228713,0.6141755696142407
2025-02-17 00:00:00+00:00,0.9725671738559851,0.017318540824787343,0.0,-4.232411917559754e-05,2.0,2,4.0,4,0.5625979566732,0.5814305696017098
2025-02-18 00:00:00+00:00,0.9602232913422964,-0.012343882513688675,0.0,2.958407911417022e-05,2.0,2,4.0,4,0.5480130736376695,0.5618920563819698
2025-02-19 00:00:00+00:00,0.9554129516958706,-0.004810339646425854,0.0,3.613567241260947e-05,2.0,2,4.0,4,0.5761455820609245,0.5920185882439881
2025-02-20 00:00:00+00:00,0.9610842858393918,0.005671334143521167,0.0,-1.0757396179221501e-07,2.0,2,4.0,4,0.567979729957036,0.5789618435559243
2025-02-21 00:00:00+00:00,0.9673073213839392,0.006223035544547395,0.0,-2.9069425939700037e-05,2.0,2,4.0,4,0.5788123530554046,0.6064508671812892
2025-02-22 00:00:00+00:00,0.9733651975926694,0.006057876208730217,0.0,-1.5937598111455674e-05,2.0,2,4.0,4,0.5630047316664817,0.5698162161227172
2025-02-23 00:00:00+00:00,0.9707770741631957,-0.0025881234294736766,0.0,1.1529245237812819e-05,2.0,2,4.0,4,0.5594966731639798,0.566078734329516
2025-02-24 00:00:00+00:00,0.9928947356490021,0.022117661485806406,0.0,4.039019631416945e-06,1.9583333333333333,2,3.9166666666666665,4,0.5201562895141996,0.5663566441834826
2025-02-25 00:00:00+00:00,0.9965577208676288,0.0036629852186267353,0.0,-1.1847138863055698e-05,1.0,1,2.0,2,0.2616216161373348,0.27289756428064404
2025-02-26 00:00:00+00:00,0.9808541661101938,-0.015703554757435012,0.0,-1.4625026160089516e-05,1.0,1,2.0,2,0.2862043593688891,0.30042024081743174
2025-02-27 00:00:00+00:00,0.9797515243334557,-0.0011026417767381336,0.0,4.392557280582569e-05,1.0,1,2.0,2,0.298638770433142,0.3121250413706784
2025-02-28 00:00:00+00:00,0.9744493524008937,-0.005302171932561994,0.0,2.279626989438926e-05,1.0,1,2.0,2,0.28611860606867223,0.3015425690633936
2025-03-01 00:00:00+00:00,0.9802471973087115,0.005797844907817762,0.0,7.504702310021407e-05,1.0,1,2.0,2,0.2932156840618005,0.30410196551728585
2025-03-02 00:00:00+00:00,0.9821112212121464,0.001864023903434986,0.0,-1.5758679968758132e-05,1.0,1,2.0,2,0.2893931820345078,0.3059390353657004
2025-03-03 00:00:00+00:00,1.002213164035387,0.020101942823240626,0.0,-4.555556138303563e-05,1.0,1,2.0,2,0.2761706871796584,0.3077670047158403
2025-03-04 00:00:00+00:00,1.0108552426655402,0.008642078630153094,0.0,9.571741268272777e-06,1.0,1,2.0,2,0.238726645664172,0.2578173846024257
2025-03-05 00:00:00+00:00,1.0118730003955083,0.0010177577299681495,0.0,-5.381279087366605e-06,1.0,1,2.0,2,0.2410645213743473,0.24800051149072108
2025-03-06 00:00:00+00:00,1.0127558803550403,0.000882879959531957,0.0,-2.632820378082164e-05,1.0,1,2.0,2,0.24724400932851034,0.2639126582486589
2025-03-07 00:00:00+00:00,1.0119793781824937,-0.0007765021725465449,0.0,8.830578101991606e-06,1.0,1,2.0,2,0.24148896975553333,0.24933102086691816
2025-03-08 00:00:00+00:00,1.0124378383870456,0.0004584602045518693,0.0,3.034650759834405e-05,1.0,1,2.0,2,0.24274875633873372,0.25073908071590884
2025-03-09 00:00:00+00:00,1.0217898133792969,0.009351974992251266,0.0,3.576108284496797e-05,1.0,1,2.0,2,0.2293498498125529,0.2377434382134263
2025-03-10 00:00:00+00:00,1.0319158515989177,0.010126038219620881,0.0,4.7984920797498335e-05,1.0,1,2.0,2,0.21642803381469808,0.2295775862102263
2025-03-11 00:00:00+00:00,1.0294647345369687,-0.002451117061949004,0.0,6.567032863298636e-05,1.0,1,2.0,2,0.20651936744494193,0.21561348671714445
2025-03-12 00:00:00+00:00,1.0265504885076844,-0.002914246029284362,0.0,1.617331086574267e-05,0.9722222222222222,1,1.9444444444444444,2,0.20295442636457697,0.213452649732688
2025-03-13 00:00:00+00:00,1.0265504885076844,0.0,0.0,0.0,0.0,0,0.0,0,0.0,0.0
2025-03-14 00:00:00+00:00,1.0265504885076844,0.0,0.0,0.0,0.0,0,0.0,0,0.0,0.0
2025-03-15 00:00:00+00:00,1.0265504885076844,0.0,0.0,0.0,0.0,0,0.0,0,0.0,0.0
2025-03-16 00:00:00+00:00,1.0265504885076844,0.0,0.0,0.0,0.0,0,0.0,0,0.0,0.0
2025-03-17 00:00:00+00:00,1.0265504885076844,0.0,0.0,0.0,0.0,0,0.0,0,0.0,0.0
2025-03-18 00:00:00+00:00,1.0265504885076844,0.0,0.0,0.0,0.0,0,0.0,0,0.0,0.0
2025-03-19 00:00:00+00:00,1.0265504885076844,0.0,0.0,0.0,0.0,0,0.0,0,0.0,0.0
2025-03-20 00:00:00+00:00,1.0265504885076844,0.0,0.0,0.0,0.0,0,0.0,0,0.0,0.0
2025-03-21 00:00:00+00:00,1.0265504885076844,0.0,0.0,0.0,0.0,0,0.0,0,0.0,0.0
2025-03-22 00:00:00+00:00,1.0265504885076844,0.0,0.0,0.0,0.0,0,0.0,0,0.0,0.0
2025-03-23 00:00:00+00:00,1.0265504885076844,0.0,0.0,0.0,0.0,0,0.0,0,0.0,0.0
2025-03-24 00:00:00+00:00,1.0265504885076844,0.0,0.0,0.0,0.0,0,0.0,0,0.0,0.0
2025-03-25 00:00:00+00:00,1.0265504885076844,0.0,0.0,0.0,0.0,0,0.0,0,0.0,0.0
2025-03-26 00:00:00+00:00,1.0265504885076844,0.0,0.0,0.0,0.0,0,0.0,0,0.0,0.0
2025-03-27 00:00:00+00:00,1.0265504885076844,0.0,0.0,0.0,0.0,0,0.0,0,0.0,0.0
2025-03-28 00:00:00+00:00,1.0265504885076844,0.0,0.0,0.0,0.0,0,0.0,0,0.0,0.0
2025-03-29 00:00:00+00:00,1.0265504885076844,0.0,0.0,0.0,0.0,0,0.0,0,0.0,0.0
2025-03-30 00:00:00+00:00,1.0265504885076844,0.0,0.0,0.0,0.0,0,0.0,0,0.0,0.0
2025-03-31 00:00:00+00:00,1.0265504885076844,0.0,0.0,0.0,0.0,0,0.0,0,0.0,0.0
2025-04-01 00:00:00+00:00,1.0265504885076844,0.0,0.0,0.0,0.0,0,0.0,0,0.0,0.0
2025-04-02 00:00:00+00:00,1.0265504885076844,0.0,0.0,0.0,0.0,0,0.0,0,0.0,0.0
2025-04-03 00:00:00+00:00,1.0265504885076844,0.0,0.0,0.0,0.0,0,0.0,0,0.0,0.0
2025-04-04 00:00:00+00:00,1.0265504885076844,0.0,0.0,0.0,0.0,0,0.0,0,0.0,0.0
2025-04-05 00:00:00+00:00,1.0265504885076844,0.0,0.0,0.0,0.0,0,0.0,0,0.0,0.0
2025-04-06 00:00:00+00:00,1.0265504885076844,0.0,0.0,0.0,0.0,0,0.0,0,0.0,0.0
2025-04-07 00:00:00+00:00,1.0265504885076844,0.0,0.0,0.0,0.0,0,0.0,0,0.0,0.0
2025-04-08 00:00:00+00:00,1.0265504885076844,0.0,0.0,0.0,0.0,0,0.0,0,0.0,0.0
2025-04-09 00:00:00+00:00,1.0265504885076844,0.0,0.0,0.0,0.0,0,0.0,0,0.0,0.0
2025-04-10 00:00:00+00:00,1.0265504885076844,0.0,0.0,0.0,0.0,0,0.0,0,0.0,0.0
2025-04-11 00:00:00+00:00,1.0265504885076844,0.0,0.0,0.0,0.0,0,0.0,0,0.0,0.0
2025-04-12 00:00:00+00:00,1.0265504885076844,0.0,0.0,0.0,0.0,0,0.0,0,0.0,0.0
2025-04-13 00:00:00+00:00,1.0265504885076844,0.0,0.0,0.0,0.0,0,0.0,0,0.0,0.0
2025-04-14 00:00:00+00:00,1.0265504885076844,0.0,0.0,0.0,0.0,0,0.0,0,0.0,0.0
2025-04-15 00:00:00+00:00,1.0265504885076844,0.0,0.0,0.0,0.0,0,0.0,0,0.0,0.0
2025-04-16 00:00:00+00:00,1.0265504885076844,0.0,0.0,0.0,0.0,0,0.0,0,0.0,0.0
2025-04-17 00:00:00+00:00,1.0265504885076844,0.0,0.0,0.0,0.0,0,0.0,0,0.0,0.0
2025-04-18 00:00:00+00:00,1.0265504885076844,0.0,0.0,0.0,0.0,0,0.0,0,0.0,0.0
2025-04-19 00:00:00+00:00,1.0265504885076844,0.0,0.0,0.0,0.0,0,0.0,0,0.0,0.0
2025-04-20 00:00:00+00:00,1.0265504885076844,0.0,0.0,0.0,0.0,0,0.0,0,0.0,0.0
2025-04-21 00:00:00+00:00,1.0265504885076844,0.0,0.0,0.0,0.0,0,0.0,0,0.0,0.0
2025-04-22 00:00:00+00:00,1.0265504885076844,0.0,0.0,0.0,0.0,0,0.0,0,0.0,0.0
2025-04-23 00:00:00+00:00,1.0265504885076844,0.0,0.0,0.0,0.0,0,0.0,0,0.0,0.0
2025-04-24 00:00:00+00:00,1.0265504885076844,0.0,0.0,0.0,0.0,0,0.0,0,0.0,0.0
2025-04-25 00:00:00+00:00,1.0265504885076844,0.0,0.0,0.0,0.0,0,0.0,0,0.0,0.0
2025-04-26 00:00:00+00:00,1.0265504885076844,0.0,0.0,0.0,0.0,0,0.0,0,0.0,0.0
2025-04-27 00:00:00+00:00,1.0265504885076844,0.0,0.0,0.0,0.0,0,0.0,0,0.0,0.0
2025-04-28 00:00:00+00:00,1.0265504885076844,0.0,0.0,0.0,0.0,0,0.0,0,0.0,0.0
2025-04-29 00:00:00+00:00,1.0265504885076844,0.0,0.0,0.0,0.0,0,0.0,0,0.0,0.0
2025-04-30 00:00:00+00:00,1.0265504885076844,0.0,0.0,0.0,0.0,0,0.0,0,0.0,0.0
2025-05-01 00:00:00+00:00,1.0265504885076844,0.0,0.0,0.0,0.0,0,0.0,0,0.0,0.0
2025-05-02 00:00:00+00:00,1.0265504885076844,0.0,0.0,0.0,0.0,0,0.0,0,0.0,0.0
2025-05-03 00:00:00+00:00,1.0265504885076844,0.0,0.0,0.0,0.0,0,0.0,0,0.0,0.0
2025-05-04 00:00:00+00:00,1.0265504885076844,0.0,0.0,0.0,0.0,0,0.0,0,0.0,0.0
2025-05-05 00:00:00+00:00,1.0265504885076844,0.0,0.0,0.0,0.0,0,0.0,0,0.0,0.0
2025-05-06 00:00:00+00:00,1.0265504885076844,0.0,0.0,0.0,0.0,0,0.0,0,0.0,0.0
2025-05-07 00:00:00+00:00,1.0265504885076844,0.0,0.0,0.0,0.0,0,0.0,0,0.0,0.0
2025-05-08 00:00:00+00:00,1.0265504885076844,0.0,0.0,0.0,0.0,0,0.0,0,0.0,0.0
2025-05-09 00:00:00+00:00,1.0265504885076844,0.0,0.0,0.0,0.0,0,0.0,0,0.0,0.0
2025-05-10 00:00:00+00:00,1.0265504885076844,0.0,0.0,0.0,0.0,0,0.0,0,0.0,0.0
2025-05-11 00:00:00+00:00,1.0265504885076844,0.0,0.0,0.0,0.0,0,0.0,0,0.0,0.0
2025-05-12 00:00:00+00:00,1.0265504885076844,0.0,0.0,0.0,0.0,0,0.0,0,0.0,0.0
2025-05-13 00:00:00+00:00,1.0265504885076844,0.0,0.0,0.0,0.0,0,0.0,0,0.0,0.0
2025-05-14 00:00:00+00:00,1.0265504885076844,0.0,0.0,0.0,0.0,0,0.0,0,0.0,0.0
2025-05-15 00:00:00+00:00,1.0265504885076844,0.0,0.0,0.0,0.0,0,0.0,0,0.0,0.0
2025-05-16 00:00:00+00:00,1.0265504885076844,0.0,0.0,0.0,0.0,0,0.0,0,0.0,0.0
2025-05-17 00:00:00+00:00,1.0265504885076844,0.0,0.0,0.0,0.0,0,0.0,0,0.0,0.0
2025-05-18 00:00:00+00:00,1.0265504885076844,0.0,0.0,0.0,0.0,0,0.0,0,0.0,0.0
2025-05-19 00:00:00+00:00,1.0265504885076844,0.0,0.0,0.0,0.0,0,0.0,0,0.0,0.0
2025-05-20 00:00:00+00:00,1.0265504885076844,0.0,0.0,0.0,0.0,0,0.0,0,0.0,0.0
2025-05-21 00:00:00+00:00,1.0265504885076844,0.0,0.0,0.0,0.0,0,0.0,0,0.0,0.0
2025-05-22 00:00:00+00:00,1.0265504885076844,0.0,0.0,0.0,0.0,0,0.0,0,0.0,0.0
2025-05-23 00:00:00+00:00,1.0265504885076844,0.0,0.0,0.0,0.0,0,0.0,0,0.0,0.0
2025-05-24 00:00:00+00:00,1.0265504885076844,0.0,0.0,0.0,0.0,0,0.0,0,0.0,0.0
2025-05-25 00:00:00+00:00,1.0265504885076844,0.0,0.0,0.0,0.0,0,0.0,0,0.0,0.0
2025-05-26 00:00:00+00:00,1.0265504885076844,0.0,0.0,0.0,0.0,0,0.0,0,0.0,0.0
2025-05-27 00:00:00+00:00,1.0265504885076844,0.0,0.0,0.0,0.0,0,0.0,0,0.0,0.0
2025-05-28 00:00:00+00:00,1.0265504885076844,0.0,0.0,0.0,0.0,0,0.0,0,0.0,0.0
2025-05-29 00:00:00+00:00,1.0265504885076844,0.0,0.0,0.0,0.0,0,0.0,0,0.0,0.0
2025-05-30 00:00:00+00:00,1.0265504885076844,0.0,0.0,0.0,0.0,0,0.0,0,0.0,0.0
2025-05-31 00:00:00+00:00,1.0265504885076844,0.0,0.0,0.0,0.0,0,0.0,0,0.0,0.0
2025-06-01 00:00:00+00:00,1.0265504885076844,0.0,0.0,0.0,0.0,0,0.0,0,0.0,0.0
2025-06-02 00:00:00+00:00,1.0265504885076844,0.0,0.0,0.0,0.0,0,0.0,0,0.0,0.0
2025-06-03 00:00:00+00:00,1.0265504885076844,0.0,0.0,0.0,0.0,0,0.0,0,0.0,0.0
2025-06-04 00:00:00+00:00,1.0265504885076844,0.0,0.0,0.0,0.0,0,0.0,0,0.0,0.0
2025-06-05 00:00:00+00:00,1.0265504885076844,0.0,0.0,0.0,0.0,0,0.0,0,0.0,0.0
2025-06-06 00:00:00+00:00,1.0265504885076844,0.0,0.0,0.0,0.0,0,0.0,0,0.0,0.0
2025-06-07 00:00:00+00:00,1.0265504885076844,0.0,0.0,0.0,0.0,0,0.0,0,0.0,0.0
2025-06-08 00:00:00+00:00,1.0265504885076844,0.0,0.0,0.0,0.0,0,0.0,0,0.0,0.0
2025-06-09 00:00:00+00:00,1.0265504885076844,0.0,0.0,0.0,0.0,0,0.0,0,0.0,0.0
2025-06-10 00:00:00+00:00,1.0265504885076844,0.0,0.0,0.0,0.0,0,0.0,0,0.0,0.0
2025-06-11 00:00:00+00:00,1.0265504885076844,0.0,0.0,0.0,0.0,0,0.0,0,0.0,0.0
2025-06-12 00:00:00+00:00,1.0265504885076844,0.0,0.0,0.0,0.0,0,0.0,0,0.0,0.0
2025-06-13 00:00:00+00:00,1.0265504885076844,0.0,0.0,0.0,0.0,0,0.0,0,0.0,0.0
2025-06-14 00:00:00+00:00,1.0265504885076844,0.0,0.0,0.0,0.0,0,0.0,0,0.0,0.0
2025-06-15 00:00:00+00:00,1.0265504885076844,0.0,0.0,0.0,0.0,0,0.0,0,0.0,0.0
2025-06-16 00:00:00+00:00,1.0265504885076844,0.0,0.0,0.0,0.0,0,0.0,0,0.0,0.0
2025-06-17 00:00:00+00:00,1.0265504885076844,0.0,0.0,0.0,0.0,0,0.0,0,0.0,0.0
2025-06-18 00:00:00+00:00,1.0265504885076844,0.0,0.0,0.0,0.0,0,0.0,0,0.0,0.0
2025-06-19 00:00:00+00:00,1.0265504885076844,0.0,0.0,0.0,0.0,0,0.0,0,0.0,0.0
2025-06-20 00:00:00+00:00,1.0265504885076844,0.0,0.0,0.0,0.0,0,0.0,0,0.0,0.0
2025-06-21 00:00:00+00:00,1.0265504885076844,0.0,0.0,0.0,0.0,0,0.0,0,0.0,0.0
2025-06-22 00:00:00+00:00,1.0265504885076844,0.0,0.0,0.0,0.0,0,0.0,0,0.0,0.0
2025-06-23 00:00:00+00:00,1.0265504885076844,0.0,0.0,0.0,0.0,0,0.0,0,0.0,0.0
2025-06-24 00:00:00+00:00,1.0265504885076844,0.0,0.0,0.0,0.0,0,0.0,0,0.0,0.0
2025-06-25 00:00:00+00:00,1.0265504885076844,0.0,0.0,0.0,0.0,0,0.0,0,0.0,0.0
2025-06-26 00:00:00+00:00,1.0265504885076844,0.0,0.0,0.0,0.0,0,0.0,0,0.0,0.0
2025-06-27 00:00:00+00:00,1.0265504885076844,0.0,0.0,0.0,0.0,0,0.0,0,0.0,0.0
2025-06-28 00:00:00+00:00,1.0265504885076844,0.0,0.0,0.0,0.0,0,0.0,0,0.0,0.0
2025-06-29 00:00:00+00:00,1.0265504885076844,0.0,0.0,0.0,0.0,0,0.0,0,0.0,0.0
2025-06-30 00:00:00+00:00,1.0265504885076844,0.0,0.0,0.0,0.0,0,0.0,0,0.0,0.0
2025-07-01 00:00:00+00:00,1.0265504885076844,0.0,0.0,0.0,0.0,0,0.0,0,0.0,0.0
2025-07-02 00:00:00+00:00,1.0265504885076844,0.0,0.0,0.0,0.0,0,0.0,0,0.0,0.0
2025-07-03 00:00:00+00:00,1.0265504885076844,0.0,0.0,0.0,0.0,0,0.0,0,0.0,0.0
2025-07-04 00:00:00+00:00,1.0265504885076844,0.0,0.0,0.0,0.0,0,0.0,0,0.0,0.0
2025-07-05 00:00:00+00:00,1.0265504885076844,0.0,0.0,0.0,0.0,0,0.0,0,0.0,0.0
2025-07-06 00:00:00+00:00,1.0265504885076844,0.0,0.0,0.0,0.0,0,0.0,0,0.0,0.0
2025-07-07 00:00:00+00:00,1.0265504885076844,0.0,0.0,0.0,0.0,0,0.0,0,0.0,0.0
2025-07-08 00:00:00+00:00,1.0265504885076844,0.0,0.0,0.0,0.0,0,0.0,0,0.0,0.0
2025-07-09 00:00:00+00:00,1.0265504885076844,0.0,0.0,0.0,0.0,0,0.0,0,0.0,0.0
2025-07-10 00:00:00+00:00,1.0265504885076844,0.0,0.0,0.0,0.0,0,0.0,0,0.0,0.0
2025-07-11 00:00:00+00:00,1.0265504885076844,0.0,0.0,0.0,0.0,0,0.0,0,0.0,0.0
2025-07-12 00:00:00+00:00,1.0265504885076844,0.0,0.0,0.0,0.0,0,0.0,0,0.0,0.0
2025-07-13 00:00:00+00:00,1.0265504885076844,0.0,0.0,0.0,0.0,0,0.0,0,0.0,0.0
2025-07-14 00:00:00+00:00,1.0265504885076844,0.0,0.0,0.0,0.0,0,0.0,0,0.0,0.0
2025-07-15 00:00:00+00:00,1.0265504885076844,0.0,0.0,0.0,0.0,0,0.0,0,0.0,0.0
2025-07-16 00:00:00+00:00,1.0265504885076844,0.0,0.0,0.0,0.0,0,0.0,0,0.0,0.0
2025-07-17 00:00:00+00:00,1.0265504885076844,0.0,0.0,0.0,0.0,0,0.0,0,0.0,0.0
2025-07-18 00:00:00+00:00,1.0265504885076844,0.0,0.0,0.0,0.0,0,0.0,0,0.0,0.0
2025-07-19 00:00:00+00:00,1.0265504885076844,0.0,0.0,0.0,0.0,0,0.0,0,0.0,0.0
2025-07-20 00:00:00+00:00,1.0265504885076844,0.0,0.0,0.0,0.0,0,0.0,0,0.0,0.0
2025-07-21 00:00:00+00:00,1.0265504885076844,0.0,0.0,0.0,0.0,0,0.0,0,0.0,0.0
2025-07-22 00:00:00+00:00,1.0265504885076844,0.0,0.0,0.0,0.0,0,0.0,0,0.0,0.0
2025-07-23 00:00:00+00:00,1.0265504885076844,0.0,0.0,0.0,0.0,0,0.0,0,0.0,0.0
2025-07-24 00:00:00+00:00,1.0265504885076844,0.0,0.0,0.0,0.0,0,0.0,0,0.0,0.0
2025-07-25 00:00:00+00:00,1.0265504885076844,0.0,0.0,0.0,0.0,0,0.0,0,0.0,0.0
2025-07-26 00:00:00+00:00,1.0265504885076844,0.0,0.0,0.0,0.0,0,0.0,0,0.0,0.0
2025-07-27 00:00:00+00:00,1.0265504885076844,0.0,0.0,0.0,0.0,0,0.0,0,0.0,0.0
2025-07-28 00:00:00+00:00,1.0265504885076844,0.0,0.0,0.0,0.0,0,0.0,0,0.0,0.0
2025-07-29 00:00:00+00:00,1.0265504885076844,0.0,0.0,0.0,0.0,0,0.0,0,0.0,0.0
2025-07-30 00:00:00+00:00,1.0265504885076844,0.0,0.0,0.0,0.0,0,0.0,0,0.0,0.0
2025-07-31 00:00:00+00:00,1.0265504885076844,0.0,0.0,0.0,0.0,0,0.0,0,0.0,0.0
2025-08-01 00:00:00+00:00,1.0265504885076844,0.0,0.0,0.0,0.0,0,0.0,0,0.0,0.0
2025-08-02 00:00:00+00:00,1.0265504885076844,0.0,0.0,0.0,0.0,0,0.0,0,0.0,0.0
2025-08-03 00:00:00+00:00,1.0265504885076844,0.0,0.0,0.0,0.0,0,0.0,0,0.0,0.0
2025-08-04 00:00:00+00:00,1.0265504885076844,0.0,0.0,0.0,0.0,0,0.0,0,0.0,0.0
2025-08-05 00:00:00+00:00,1.0265504885076844,0.0,0.0,0.0,0.0,0,0.0,0,0.0,0.0
2025-08-06 00:00:00+00:00,1.0265504885076844,0.0,0.0,0.0,0.0,0,0.0,0,0.0,0.0
2025-08-07 00:00:00+00:00,1.0265504885076844,0.0,0.0,0.0,0.0,0,0.0,0,0.0,0.0
2025-08-08 00:00:00+00:00,1.0265504885076844,0.0,0.0,0.0,0.0,0,0.0,0,0.0,0.0
2025-08-09 00:00:00+00:00,1.0265504885076844,0.0,0.0,0.0,0.0,0,0.0,0,0.0,0.0
2025-08-10 00:00:00+00:00,1.0265504885076844,0.0,0.0,0.0,0.0,0,0.0,0,0.0,0.0
2025-08-11 00:00:00+00:00,1.0265504885076844,0.0,0.0,0.0,0.0,0,0.0,0,0.0,0.0
2025-08-12 00:00:00+00:00,1.0265504885076844,0.0,0.0,0.0,0.0,0,0.0,0,0.0,0.0
2025-08-13 00:00:00+00:00,1.0265504885076844,0.0,0.0,0.0,0.0,0,0.0,0,0.0,0.0
2025-08-14 00:00:00+00:00,1.0265504885076844,0.0,0.0,0.0,0.0,0,0.0,0,0.0,0.0
2025-08-15 00:00:00+00:00,1.0265504885076844,0.0,0.0,0.0,0.0,0,0.0,0,0.0,0.0
2025-08-16 00:00:00+00:00,1.0265504885076844,0.0,0.0,0.0,0.0,0,0.0,0,0.0,0.0
2025-08-17 00:00:00+00:00,1.0265504885076844,0.0,0.0,0.0,0.0,0,0.0,0,0.0,0.0
2025-08-18 00:00:00+00:00,1.0265504885076844,0.0,0.0,0.0,0.0,0,0.0,0,0.0,0.0
2025-08-19 00:00:00+00:00,1.0265504885076844,0.0,0.0,0.0,0.0,0,0.0,0,0.0,0.0
2025-08-20 00:00:00+00:00,1.0265504885076844,0.0,0.0,0.0,0.0,0,0.0,0,0.0,0.0
2025-08-21 00:00:00+00:00,1.0265504885076844,0.0,0.0,0.0,0.0,0,0.0,0,0.0,0.0
2025-08-22 00:00:00+00:00,1.0265504885076844,0.0,0.0,0.0,0.0,0,0.0,0,0.0,0.0
2025-08-23 00:00:00+00:00,1.0265504885076844,0.0,0.0,0.0,0.0,0,0.0,0,0.0,0.0
2025-08-24 00:00:00+00:00,1.0265504885076844,0.0,0.0,0.0,0.0,0,0.0,0,0.0,0.0
2025-08-25 00:00:00+00:00,1.0265504885076844,0.0,0.0,0.0,0.0,0,0.0,0,0.0,0.0
2025-08-26 00:00:00+00:00,1.0265504885076844,0.0,0.0,0.0,0.0,0,0.0,0,0.0,0.0
2025-08-27 00:00:00+00:00,1.0265504885076844,0.0,0.0,0.0,0.0,0,0.0,0,0.0,0.0
2025-08-28 00:00:00+00:00,1.0265504885076844,0.0,0.0,0.0,0.0,0,0.0,0,0.0,0.0
2025-08-29 00:00:00+00:00,1.0265504885076844,0.0,0.0,0.0,0.0,0,0.0,0,0.0,0.0
2025-08-30 00:00:00+00:00,1.0265504885076844,0.0,0.0,0.0,0.0,0,0.0,0,0.0,0.0
2025-08-31 00:00:00+00:00,1.0265504885076844,0.0,0.0,0.0,0.0,0,0.0,0,0.0,0.0
2025-09-01 00:00:00+00:00,1.0265504885076844,0.0,0.0,0.0,0.0,0,0.0,0,0.0,0.0
2025-09-02 00:00:00+00:00,1.0265504885076844,0.0,0.0,0.0,0.0,0,0.0,0,0.0,0.0
2025-09-03 00:00:00+00:00,1.0265504885076844,0.0,0.0,0.0,0.0,0,0.0,0,0.0,0.0
2025-09-04 00:00:00+00:00,1.0265504885076844,0.0,0.0,0.0,0.0,0,0.0,0,0.0,0.0
2025-09-05 00:00:00+00:00,1.0265504885076844,0.0,0.0,0.0,0.0,0,0.0,0,0.0,0.0
2025-09-06 00:00:00+00:00,1.0265504885076844,0.0,0.0,0.0,0.0,0,0.0,0,0.0,0.0
2025-09-07 00:00:00+00:00,1.0265504885076844,0.0,0.0,0.0,0.0,0,0.0,0,0.0,0.0
2025-09-08 00:00:00+00:00,1.0265504885076844,0.0,0.0,0.0,0.0,0,0.0,0,0.0,0.0
2025-09-09 00:00:00+00:00,1.0265504885076844,0.0,0.0,0.0,0.0,0,0.0,0,0.0,0.0
2025-09-10 00:00:00+00:00,1.0265504885076844,0.0,0.0,0.0,0.0,0,0.0,0,0.0,0.0
2025-09-11 00:00:00+00:00,1.0265504885076844,0.0,0.0,0.0,0.0,0,0.0,0,0.0,0.0
2025-09-12 00:00:00+00:00,1.0265504885076844,0.0,0.0,0.0,0.0,0,0.0,0,0.0,0.0
2025-09-13 00:00:00+00:00,1.0265504885076844,0.0,0.0,0.0,0.0,0,0.0,0,0.0,0.0
2025-09-14 00:00:00+00:00,1.0265504885076844,0.0,0.0,0.0,0.0,0,0.0,0,0.0,0.0
2025-09-15 00:00:00+00:00,1.0265504885076844,0.0,0.0,0.0,0.0,0,0.0,0,0.0,0.0
2025-09-16 00:00:00+00:00,1.0265504885076844,0.0,0.0,0.0,0.0,0,0.0,0,0.0,0.0
2025-09-17 00:00:00+00:00,1.0265504885076844,0.0,0.0,0.0,0.0,0,0.0,0,0.0,0.0
2025-09-18 00:00:00+00:00,1.0265504885076844,0.0,0.0,0.0,0.0,0,0.0,0,0.0,0.0
2025-09-19 00:00:00+00:00,1.0265504885076844,0.0,0.0,0.0,0.0,0,0.0,0,0.0,0.0
2025-09-20 00:00:00+00:00,1.0265504885076844,0.0,0.0,0.0,0.0,0,0.0,0,0.0,0.0
2025-09-21 00:00:00+00:00,1.0265504885076844,0.0,0.0,0.0,0.0,0,0.0,0,0.0,0.0
2025-09-22 00:00:00+00:00,1.0265504885076844,0.0,0.0,0.0,0.0,0,0.0,0,0.0,0.0
2025-09-23 00:00:00+00:00,1.0265504885076844,0.0,0.0,0.0,0.0,0,0.0,0,0.0,0.0
2025-09-24 00:00:00+00:00,1.0265504885076844,0.0,0.0,0.0,0.0,0,0.0,0,0.0,0.0
2025-09-25 00:00:00+00:00,1.0265504885076844,0.0,0.0,0.0,0.0,0,0.0,0,0.0,0.0
2025-09-26 00:00:00+00:00,1.0265504885076844,0.0,0.0,0.0,0.0,0,0.0,0,0.0,0.0
2025-09-27 00:00:00+00:00,1.0265504885076844,0.0,0.0,0.0,0.0,0,0.0,0,0.0,0.0
2025-09-28 00:00:00+00:00,1.0265504885076844,0.0,0.0,0.0,0.0,0,0.0,0,0.0,0.0
2025-09-29 00:00:00+00:00,1.0265504885076844,0.0,0.0,0.0,0.0,0,0.0,0,0.0,0.0
2025-09-30 00:00:00+00:00,1.0265504885076844,0.0,0.0,0.0,0.0,0,0.0,0,0.0,0.0
2025-10-01 00:00:00+00:00,1.0265504885076844,0.0,0.0,0.0,0.0,0,0.0,0,0.0,0.0
2025-10-02 00:00:00+00:00,1.0265504885076844,0.0,0.0,0.0,0.0,0,0.0,0,0.0,0.0
2025-10-03 00:00:00+00:00,1.0265504885076844,0.0,0.0,0.0,0.0,0,0.0,0,0.0,0.0
2025-10-04 00:00:00+00:00,1.0265504885076844,0.0,0.0,0.0,0.0,0,0.0,0,0.0,0.0
2025-10-05 00:00:00+00:00,1.0265504885076844,0.0,0.0,0.0,0.0,0,0.0,0,0.0,0.0
2025-10-06 00:00:00+00:00,1.0265504885076844,0.0,0.0,0.0,0.0,0,0.0,0,0.0,0.0
2025-10-07 00:00:00+00:00,1.0265504885076844,0.0,0.0,0.0,0.0,0,0.0,0,0.0,0.0
2025-10-08 00:00:00+00:00,1.0265504885076844,0.0,0.0,0.0,0.0,0,0.0,0,0.0,0.0
2025-10-09 00:00:00+00:00,1.0265504885076844,0.0,0.0,0.0,0.0,0,0.0,0,0.0,0.0
2025-10-10 00:00:00+00:00,1.0265504885076844,0.0,0.0,0.0,0.0,0,0.0,0,0.0,0.0
2025-10-11 00:00:00+00:00,1.0265504885076844,0.0,0.0,0.0,0.0,0,0.0,0,0.0,0.0
2025-10-12 00:00:00+00:00,1.0265504885076844,0.0,0.0,0.0,0.0,0,0.0,0,0.0,0.0
2025-10-13 00:00:00+00:00,1.0265504885076844,0.0,0.0,0.0,0.0,0,0.0,0,0.0,0.0
2025-10-14 00:00:00+00:00,1.0265504885076844,0.0,0.0,0.0,0.0,0,0.0,0,0.0,0.0
2025-10-15 00:00:00+00:00,1.0265504885076844,0.0,0.0,0.0,0.0,0,0.0,0,0.0,0.0
2025-10-16 00:00:00+00:00,1.0265504885076844,0.0,0.0,0.0,0.0,0,0.0,0,0.0,0.0
2025-10-17 00:00:00+00:00,1.0265504885076844,0.0,0.0,0.0,0.0,0,0.0,0,0.0,0.0
2025-10-18 00:00:00+00:00,1.0265504885076844,0.0,0.0,0.0,0.0,0,0.0,0,0.0,0.0
2025-10-19 00:00:00+00:00,1.0265504885076844,0.0,0.0,0.0,0.0,0,0.0,0,0.0,0.0
2025-10-20 00:00:00+00:00,1.0265504885076844,0.0,0.0,0.0,0.0,0,0.0,0,0.0,0.0
2025-10-21 00:00:00+00:00,1.0265504885076844,0.0,0.0,0.0,0.0,0,0.0,0,0.0,0.0
2025-10-22 00:00:00+00:00,1.0265504885076844,0.0,0.0,0.0,0.0,0,0.0,0,0.0,0.0
2025-10-23 00:00:00+00:00,1.0265504885076844,0.0,0.0,0.0,0.0,0,0.0,0,0.0,0.0
2025-10-24 00:00:00+00:00,1.0265504885076844,0.0,0.0,0.0,0.0,0,0.0,0,0.0,0.0
2025-10-25 00:00:00+00:00,1.0265504885076844,0.0,0.0,0.0,0.0,0,0.0,0,0.0,0.0
2025-10-26 00:00:00+00:00,1.0265504885076844,0.0,0.0,0.0,0.0,0,0.0,0,0.0,0.0
2025-10-27 00:00:00+00:00,1.0265504885076844,0.0,0.0,0.0,0.0,0,0.0,0,0.0,0.0
2025-10-28 00:00:00+00:00,1.0265504885076844,0.0,0.0,0.0,0.0,0,0.0,0,0.0,0.0
2025-10-29 00:00:00+00:00,1.0265504885076844,0.0,0.0,0.0,0.0,0,0.0,0,0.0,0.0
2025-10-30 00:00:00+00:00,1.0265504885076844,0.0,0.0,0.0,0.0,0,0.0,0,0.0,0.0
2025-10-31 00:00:00+00:00,1.0265504885076844,0.0,0.0,0.0,0.0,0,0.0,0,0.0,0.0
2025-11-01 00:00:00+00:00,1.0265504885076844,0.0,0.0,0.0,0.0,0,0.0,0,0.0,0.0
2025-11-02 00:00:00+00:00,1.0265504885076844,0.0,0.0,0.0,0.0,0,0.0,0,0.0,0.0
2025-11-03 00:00:00+00:00,1.0265504885076844,0.0,0.0,0.0,0.0,0,0.0,0,0.0,0.0
2025-11-04 00:00:00+00:00,1.0265504885076844,0.0,0.0,0.0,0.0,0,0.0,0,0.0,0.0
2025-11-05 00:00:00+00:00,1.0265504885076844,0.0,0.0,0.0,0.0,0,0.0,0,0.0,0.0
2025-11-06 00:00:00+00:00,1.0265504885076844,0.0,0.0,0.0,0.0,0,0.0,0,0.0,0.0
2025-11-07 00:00:00+00:00,1.0265504885076844,0.0,0.0,0.0,0.0,0,0.0,0,0.0,0.0
2025-11-08 00:00:00+00:00,1.0265504885076844,0.0,0.0,0.0,0.0,0,0.0,0,0.0,0.0
2025-11-09 00:00:00+00:00,1.0265504885076844,0.0,0.0,0.0,0.0,0,0.0,0,0.0,0.0
2025-11-10 00:00:00+00:00,1.0265504885076844,0.0,0.0,0.0,0.0,0,0.0,0,0.0,0.0
2025-11-11 00:00:00+00:00,1.0265504885076844,0.0,0.0,0.0,0.0,0,0.0,0,0.0,0.0
2025-11-12 00:00:00+00:00,1.0265504885076844,0.0,0.0,0.0,0.0,0,0.0,0,0.0,0.0
2025-11-13 00:00:00+00:00,1.0265504885076844,0.0,0.0,0.0,0.0,0,0.0,0,0.0,0.0
2025-11-14 00:00:00+00:00,1.0265504885076844,0.0,0.0,0.0,0.0,0,0.0,0,0.0,0.0
2025-11-15 00:00:00+00:00,1.0265504885076844,0.0,0.0,0.0,0.0,0,0.0,0,0.0,0.0
2025-11-16 00:00:00+00:00,1.0265504885076844,0.0,0.0,0.0,0.0,0,0.0,0,0.0,0.0
2025-11-17 00:00:00+00:00,1.0265504885076844,0.0,0.0,0.0,0.0,0,0.0,0,0.0,0.0
2025-11-18 00:00:00+00:00,1.0265504885076844,0.0,0.0,0.0,0.0,0,0.0,0,0.0,0.0
2025-11-19 00:00:00+00:00,1.0265504885076844,0.0,0.0,0.0,0.0,0,0.0,0,0.0,0.0
2025-11-20 00:00:00+00:00,1.0265504885076844,0.0,0.0,0.0,0.0,0,0.0,0,0.0,0.0
2025-11-21 00:00:00+00:00,1.0265504885076844,0.0,0.0,0.0,0.0,0,0.0,0,0.0,0.0
2025-11-22 00:00:00+00:00,1.0265504885076844,0.0,0.0,0.0,0.0,0,0.0,0,0.0,0.0
2025-11-23 00:00:00+00:00,1.0265504885076844,0.0,0.0,0.0,0.0,0,0.0,0,0.0,0.0
2025-11-24 00:00:00+00:00,1.0265504885076844,0.0,0.0,0.0,0.0,0,0.0,0,0.0,0.0
2025-11-25 00:00:00+00:00,1.0265504885076844,0.0,0.0,0.0,0.0,0,0.0,0,0.0,0.0
2025-11-26 00:00:00+00:00,1.0265504885076844,0.0,0.0,0.0,0.0,0,0.0,0,0.0,0.0
2025-11-27 00:00:00+00:00,1.0265504885076844,0.0,0.0,0.0,0.0,0,0.0,0,0.0,0.0
2025-11-28 00:00:00+00:00,1.0265504885076844,0.0,0.0,0.0,0.0,0,0.0,0,0.0,0.0
2025-11-29 00:00:00+00:00,1.0265504885076844,0.0,0.0,0.0,0.0,0,0.0,0,0.0,0.0
2025-11-30 00:00:00+00:00,1.0265504885076844,0.0,0.0,0.0,0.0,0,0.0,0,0.0,0.0
2025-12-01 00:00:00+00:00,1.0265504885076844,0.0,0.0,0.0,0.0,0,0.0,0,0.0,0.0
2025-12-02 00:00:00+00:00,1.0265504885076844,0.0,0.0,0.0,0.0,0,0.0,0,0.0,0.0
2025-12-03 00:00:00+00:00,1.0253210065093732,-0.0012294819983111882,0.0,-8.738693421748547e-06,0.4201388888888889,1,0.8402777777777778,2,0.12681195760601124,0.3077589370552246
2025-12-04 00:00:00+00:00,1.0281748089600384,0.0028538024506652437,0.0,-2.8070507268114436e-05,1.9479166666666667,2,3.8958333333333335,4,0.5786390845689664,0.6043637389431397
2025-12-05 00:00:00+00:00,1.025502421758925,-0.002672387201113402,0.0,-4.566278507055773e-06,2.0,2,4.0,4,0.5802124891560259,0.5941921420931505
2025-12-06 00:00:00+00:00,1.0216022504581483,-0.003900171300776689,0.0,1.187606407214771e-05,2.0,2,4.0,4,0.5691723577665636,0.5780777039845998
2025-12-07 00:00:00+00:00,1.0210641575278974,-0.0005380929302509774,0.0,3.7315883597360494e-06,2.0,2,4.0,4,0.5740804544749258,0.5884313267942068
2025-12-08 00:00:00+00:00,1.018165823098885,-0.002898334429012328,0.0,8.350910908820183e-07,2.0,2,4.0,4,0.5849723015393942,0.5964528548096454
2025-12-09 00:00:00+00:00,1.0132571291514778,-0.004908693947407228,0.0,-4.149488284902157e-05,2.0,2,4.0,4,0.592400680342962,0.6246602481021498
2025-12-10 00:00:00+00:00,1.0135865197248488,0.0003293905733710023,0.0,-4.668974980957275e-05,2.0,2,4.0,4,0.6108813304520463,0.6296783684604345
2025-12-11 00:00:00+00:00,1.0117263323703034,-0.0018601873545454062,0.0,2.9955402987350467e-05,2.0,2,4.0,4,0.5902737273451271,0.6080308432735301
2025-12-12 00:00:00+00:00,1.017828762679843,0.006102430309539608,0.0,-5.365598249459817e-07,2.0,2,4.0,4,0.5975182452584953,0.6116291645067281
2025-12-13 00:00:00+00:00,1.0114302716690209,-0.006398491010822127,0.0,-1.9193850688507298e-05,2.0,2,4.0,4,0.5865847823807671,0.5946554293587109
2025-12-14 00:00:00+00:00,1.0107838801075884,-0.0006463915614325355,0.0,7.890824644196778e-06,2.0,2,4.0,4,0.5801603887783019,0.5893886434861026
2025-12-15 00:00:00+00:00,1.0035297147174838,-0.007254165390104594,0.0,4.5124192566105026e-05,2.0,2,4.0,4,0.5717561874940533,0.5883662110734571
2025-12-16 00:00:00+00:00,1.0103058769681454,0.006776162250661688,0.0,-6.300358714574087e-06,2.0,2,4.0,4,0.5566341771968977,0.5648303550333865
2025-12-17 00:00:00+00:00,1.0110298497544412,0.0007239727862957679,0.0,5.941643610918567e-06,1.6805555555555556,2,3.361111111111111,4,0.4616682146182549,0.5709377285745401
2025-12-18 00:00:00+00:00,1.013124495167019,0.002094645412577867,0.0,1.0928000926044946e-05,1.0,1,2.0,2,0.26272159588530836,0.273031209007864
2025-12-19 00:00:00+00:00,1.0156249161613962,0.002500420994377084,0.0,5.607955909119469e-05,1.0,1,2.0,2,0.26837950381399517,0.27635085953870125
2025-12-20 00:00:00+00:00,1.0161658781112028,0.0005409619498066842,0.0,5.524295960178209e-07,1.0,1,2.0,2,0.2707431602250832,0.2736291559390663
2025-12-21 00:00:00+00:00,1.0255413984424924,0.009375520331289522,0.0,9.58331480481915e-06,1.0,1,2.0,2,0.26413463811950644,0.26905572148098467
2025-12-22 00:00:00+00:00,1.037686805467662,0.012145407025169641,0.0,2.328184570644803e-05,0.5798611111111112,1,1.1597222222222223,2,0.14634443169837208,0.25638054749988826
2025-12-23 00:00:00+00:00,1.037686805467662,0.0,0.0,0.0,0.0,0,0.0,0,0.0,0.0
2025-12-24 00:00:00+00:00,1.037686805467662,0.0,0.0,0.0,0.0,0,0.0,0,0.0,0.0
2025-12-25 00:00:00+00:00,1.037686805467662,0.0,0.0,0.0,0.0,0,0.0,0,0.0,0.0
2025-12-26 00:00:00+00:00,1.039182852291833,0.0014960468241709268,0.0,1.273646099048619e-05,0.3368055555555556,1,0.6736111111111112,2,0.10164310575018874,0.30315163484365376
2025-12-27 00:00:00+00:00,1.0425641531787133,0.0033813008868803784,0.0,-1.4324537487191285e-05,1.0,1,2.0,2,0.30436088698595953,0.3088546446504728
2025-12-28 00:00:00+00:00,1.0462118306194657,0.0036476774407523394,0.0,-1.0638216553359277e-05,0.22569444444444445,1,0.4513888888888889,2,0.06956703014436029,0.309020827863114
2025-12-29 00:00:00+00:00,1.0462118306194657,0.0,0.0,0.0,0.0,0,0.0,0,0.0,0.0
2025-12-30 00:00:00+00:00,1.0462118306194657,0.0,0.0,0.0,0.0,0,0.0,0,0.0,0.0
2025-12-31 00:00:00+00:00,1.044711959438412,-0.001499871181053658,0.0,6.476625440176355e-05,0.6909722222222222,1,1.3819444444444444,2,0.20340090158597504,0.30039861944491536
2026-01-01 00:00:00+00:00,1.048514709913643,0.0038027504752309316,0.0,0.00011032750398367764,1.0,1,2.0,2,0.29385231830036845,0.2993788506979354
2026-01-02 00:00:00+00:00,1.0420776592490721,-0.006437050664570787,0.0,2.388772157721343e-05,1.0,1,2.0,2,0.30578662650988203,0.3244597150251575
2026-01-03 00:00:00+00:00,1.0473256614945212,0.005248002245449079,0.0,-4.309843548275267e-05,1.9305555555555556,2,3.861111111111111,4,0.5978505705417008,0.6294279483350752
2026-01-04 00:00:00+00:00,1.0548103303171648,0.0074846688226435365,0.0,-5.513287283126097e-05,1.34375,2,2.6875,4,0.41432905288144506,0.6325879939402254
2026-01-05 00:00:00+00:00,1.049675914273711,-0.00513441604345366,0.0,-3.702980464511033e-05,1.7083333333333333,2,3.4166666666666665,4,0.5161130247353978,0.6321071340550126
2026-01-06 00:00:00+00:00,1.0539214461745119,0.004245531900800792,0.0,-3.2315782002363924e-05,1.0,1,2.0,2,0.3264186646792637,0.33629961335781905
2026-01-07 00:00:00+00:00,1.053398100379001,-0.0005233457955109433,0.0,9.55658119319634e-08,1.0,1,2.0,2,0.3195608657371457,0.3294123355134605
2026-01-08 00:00:00+00:00,1.0565087084439377,0.003110608064936793,0.0,-1.4414381758959752e-05,1.0,1,2.0,2,0.31271509895899413,0.3193653240333641
2026-01-09 00:00:00+00:00,1.0533391416873523,-0.003169566756585418,0.0,-8.047639954547904e-05,1.0,1,2.0,2,0.3142908164997824,0.3196965680344878
2026-01-10 00:00:00+00:00,1.0545381175364616,0.0011989758491093294,0.0,3.599872577680183e-05,1.0,1,2.0,2,0.3122044879438735,0.3164446563467216
2026-01-11 00:00:00+00:00,1.056603277610068,0.0020651600736063536,0.0,-5.207276740488303e-05,1.2534722222222223,2,2.5069444444444446,4,0.3888493660462221,0.6194696619151762
2026-01-12 00:00:00+00:00,1.05360138823689,-0.003001889373178024,0.0,-0.00010185227330052375,2.0,2,4.0,4,0.610116120564991,0.6257878732749284
2026-01-13 00:00:00+00:00,1.0461964350879533,-0.007404953148936633,0.0,-3.4621225403084834e-05,2.0,2,4.0,4,0.6188430113872451,0.6468505224833282
2026-01-14 00:00:00+00:00,1.050577999808337,0.004381564720383757,0.0,-5.355786799332465e-05,1.6006944444444444,2,3.201388888888889,4,0.5018523714837996,0.6421222541018284
2026-01-15 00:00:00+00:00,1.0447806982019276,-0.005797301606409455,0.0,-7.391206277767444e-06,1.0,1,2.0,2,0.29058291209231796,0.2989675187067248
2026-01-16 00:00:00+00:00,1.0515040041776664,0.00672330597573878,0.0,-1.944124465300006e-05,1.0,1,2.0,2,0.28471513218184547,0.29132806486180457
2026-01-17 00:00:00+00:00,1.0494396505572732,-0.0020643536203932555,0.0,2.116651450038477e-05,1.0,1,2.0,2,0.29189990043961644,0.2959700891742957
2026-01-18 00:00:00+00:00,1.0512821185296721,0.0018424679723989534,0.0,-5.0249050037876376e-05,1.0,1,2.0,2,0.2881485871641538,0.29240385031439975
2026-01-19 00:00:00+00:00,1.049664692884371,-0.001617425645301207,0.0,6.278744000888685e-06,1.0,1,2.0,2,0.2687285377219552,0.27425059380419453
2026-01-20 00:00:00+00:00,1.046825761043274,-0.002838931841096848,0.0,9.686369982452817e-06,1.0,1,2.0,2,0.2642396668882435,0.27195829322532983
2026-01-21 00:00:00+00:00,1.0486963534575293,0.0018705924142552455,0.0,-1.696862619063462e-06,1.0,1,2.0,2,0.26175728902856005,0.26662539083755626
2026-01-22 00:00:00+00:00,1.0489557451159004,0.0002593916583710776,0.0,-1.9301082405756993e-06,1.0,1,2.0,2,0.2617983106363768,0.26532979041905247
2026-01-23 00:00:00+00:00,1.0490507213955256,9.497627962518074e-05,0.0,7.7957777401825e-06,1.0,1,2.0,2,0.2606155543811067,0.26390539875635866
2026-01-24 00:00:00+00:00,1.0495669113740607,0.0005161899785350865,0.0,-1.1283820903762869e-05,1.0,1,2.0,2,0.25942823119326697,0.2611282770747064
2026-01-25 00:00:00+00:00,1.0525809487410138,0.0030140373669531595,0.0,-1.2915581221295232e-05,1.15625,2,2.3125,4,0.3040201759811201,0.5548773848908937
2026-01-26 00:00:00+00:00,1.0617090091609536,0.009128060419939743,0.0,1.8681654728039104e-05,2.0,2,4.0,4,0.5660229811664512,0.5740142144850595
2026-01-27 00:00:00+00:00,1.061050792758212,-0.0006582164027415516,0.0,-2.3337885992152254e-05,1.2256944444444444,2,2.451388888888889,4,0.3277574060562756,0.5724160108253401
2026-01-28 00:00:00+00:00,1.0595498524878528,-0.0015009402703591856,0.0,1.8895427977214013e-05,1.0,1,2.0,2,0.2577997964634501,0.2600744004279958
2026-01-29 00:00:00+00:00,1.0594694452716091,-8.040721624369418e-05,0.0,1.8111433578524768e-07,1.0,1,2.0,2,0.248466060080726,0.2580745140926206
2026-01-30 00:00:00+00:00,1.061284181175794,0.0018147359041849054,0.0,1.2715208329263413e-05,1.0,1,2.0,2,0.2373513306175018,0.24429150710276973
2026-01-31 00:00:00+00:00,1.062854308327375,0.0015701271515808912,0.0,-1.0262316663647399e-05,1.6006944444444444,2,3.201388888888889,4,0.4054298081442077,0.5368579951321584
2026-02-01 00:00:00+00:00,1.0597866050352382,-0.003067703292136681,0.0,0.0002240456670037186,2.0,2,4.0,4,0.5242914348711525,0.5340718703466819
2026-02-02 00:00:00+00:00,1.0633413186847325,0.0035547136494942233,0.0,5.666126106176249e-05,2.0,2,4.0,4,0.5233351680251325,0.5371023052271826
2026-02-03 00:00:00+00:00,1.0552627644284933,-0.008078554256239157,0.0,8.971109135005726e-05,2.0,2,4.0,4,0.5235861685799691,0.5324669560156851
2026-02-04 00:00:00+00:00,1.0474392087266384,-0.00782355570185489,0.0,0.00021992543204371612,2.0,2,4.0,4,0.5118558445275063,0.5235411301017833
2026-02-05 00:00:00+00:00,1.0367631680451157,-0.010676040681522725,0.0,5.6176650017135785e-05,2.0,2,4.0,4,0.47407504905499337,0.5056987147478706
2026-02-06 00:00:00+00:00,1.0421280257924,0.005364857747284235,0.0,0.00017498106949794673,2.0,2,4.0,4,0.4505385354476899,0.4811061331049277
2026-02-07 00:00:00+00:00,1.0449908258005953,0.0028628000081953875,0.0,0.0001667669120106515,2.0,2,4.0,4,0.4700976064609343,0.47993278479027834
2026-02-08 00:00:00+00:00,1.0486227391973837,0.0036319133967883666,0.0,0.00016325301083763827,2.0,2,4.0,4,0.46817554576014736,0.4749357612655525
2026-02-09 00:00:00+00:00,1.0497136351712373,0.0010908959738535895,0.0,8.356684388606425e-05,2.0,2,4.0,4,0.45791036428212284,0.46703243008660905
2026-02-10 00:00:00+00:00,1.0462913496370752,-0.0034222855341621283,0.0,8.112376731180164e-05,2.0,2,4.0,4,0.45003495862431525,0.4626708063556045
2026-02-11 00:00:00+00:00,1.042850633919287,-0.0034407157177882564,0.0,3.839703387187814e-05,2.0,2,4.0,4,0.4357141386321784,0.44912464331545804
2026-02-12 00:00:00+00:00,1.0400136685451504,-0.0028369653741364687,0.0,6.550257268061517e-05,2.0,2,4.0,4,0.4376167725496934,0.45130844461131064
2026-02-13 00:00:00+00:00,1.0473156811146251,0.007302012569474714,0.0,2.319109229937862e-06,2.0,2,4.0,4,0.4457802643223687,0.46199490233700696
2026-02-14 00:00:00+00:00,1.0447185813464486,-0.0025970997681765695,0.0,9.513634221413384e-06,2.0,2,4.0,4,0.46786919730414095,0.4824077090889549
2026-02-15 00:00:00+00:00,1.0472632392734753,0.002544657927026739,0.0,3.2977369152555725e-05,2.0,2,4.0,4,0.47157486427900164,0.48528345342240303
2026-02-16 00:00:00+00:00,1.0457563386331077,-0.0015069006403676255,0.0,1.2519404629066808e-05,2.0,2,4.0,4,0.4611110559731652,0.46930731702482775
2026-02-17 00:00:00+00:00,1.0438636153319023,-0.001892723301205379,0.0,3.1888965830434656e-05,2.0,2,4.0,4,0.46244964430583835,0.4699568203295713
2026-02-18 00:00:00+00:00,1.0419380694973703,-0.001925545834531972,0.0,5.469349459068323e-05,2.0,2,4.0,4,0.45556101964762175,0.4644431370107959
2026-02-19 00:00:00+00:00,1.043125341568323,0.0011872720709527051,0.0,4.492269540541206e-05,2.0,2,4.0,4,0.44298590332675125,0.44875192837066896
2026-02-20 00:00:00+00:00,1.0473150335477779,0.004189691979454846,0.0,1.4156692980114489e-05,2.0,2,4.0,4,0.45273100883831,0.4617529233361504
2026-02-21 00:00:00+00:00,1.0478256830748842,0.0005106495271063327,0.0,3.510757955985559e-05,2.0,2,4.0,4,0.4609170965584033,0.4663508000613157
2026-02-22 00:00:00+00:00,1.0450122344225032,-0.0028134486523809787,0.0,3.795712418412058e-05,2.0,2,4.0,4,0.4505599206417758,0.4579691233107117
2026-02-23 00:00:00+00:00,1.038621284000581,-0.00639095042192217,0.0,0.00011125457077921318,2.0,2,4.0,4,0.4328479658442114,0.4482408264603176
2026-02-24 00:00:00+00:00,1.0435243035555841,0.004903019555003052,0.0,2.3185694608357427e-05,2.0,2,4.0,4,0.42440013381316544,0.43228165626144294
2026-02-25 00:00:00+00:00,1.0480549310301968,0.004530627474612636,0.0,1.4874806100371009e-05,2.0,2,4.0,4,0.45546542714657434,0.4972998953121495
2026-02-26 00:00:00+00:00,1.0479326186610534,-0.00012231236914339583,0.0,8.444784927007493e-06,2.0,2,4.0,4,0.4688085537314027,0.48100048878503093
2026-02-27 00:00:00+00:00,1.0440387946559362,-0.0038938240051171746,0.0,4.256755889280701e-06,2.0,2,4.0,4,0.4593728256870814,0.47252324809217255
2026-02-28 00:00:00+00:00,1.042764182351776,-0.0012746123041602608,0.0,6.195552664046993e-05,2.0,2,4.0,4,0.44260510541925263,0.46354196122523306
2026-03-01 00:00:00+00:00,1.0418170099494515,-0.0009471724023244477,0.0,-2.6753721582781404e-05,2.0,2,4.0,4,0.46023502970891944,0.47500321135873613
2026-03-02 00:00:00+00:00,1.0327012019008568,-0.009115808048594687,0.0,-1.3612680110553256e-05,2.0,2,4.0,4,0.47006479930905143,0.49371498362706806
2026-03-03 00:00:00+00:00,1.0355048498182318,0.002803647917374974,0.0,4.081174764599821e-05,2.0,2,4.0,4,0.48133174592647204,0.49332906002352445
2026-03-04 00:00:00+00:00,1.0507366207639102,0.015231770945678402,0.0,-3.513133573036385e-05,2.263888888888889,3,4.527777777777778,6,0.5691092759374572,0.8042476009228896
2026-03-05 00:00:00+00:00,1.0490463901788423,-0.0016902305850678978,0.0,2.6031510070086884e-05,2.1319444444444446,3,4.263888888888889,6,0.5222484304924193,0.78099854581269
2026-03-06 00:00:00+00:00,1.046274207471437,-0.002772182707405202,0.0,1.2664340284780953e-05,2.0,2,4.0,4,0.4723096089316619,0.48505641336112415
2026-03-07 00:00:00+00:00,1.0444524664319845,-0.0018217410394525402,0.0,3.571299586010343e-05,2.0,2,4.0,4,0.46087712868943037,0.4655774327393263
2026-03-08 00:00:00+00:00,1.041375932590717,-0.0030765338412674925,0.0,4.5743659514174005e-05,1.9965277777777777,2,3.9930555555555554,4,0.47881935777930884,0.5551925506610247
2026-03-09 00:00:00+00:00,1.0382612968574045,-0.0031146357333124985,0.0,-0.00014352246498614677,2.736111111111111,3,5.472222222222222,6,0.7821977627556861,0.8918367787531014
2026-03-10 00:00:00+00:00,1.0159164925720925,-0.022344804285312048,0.0,6.362463301954882e-05,3.0,3,6.0,6,0.8882961950365067,0.9174734882169018
2026-03-11 00:00:00+00:00,1.0182173970888175,0.002300904516725044,0.0,0.00045816533022635463,3.0,3,6.0,6,0.892052761651365,0.9120958951543745
2026-03-12 00:00:00+00:00,1.005741971881085,-0.012475425207732593,0.0,8.516629150662512e-05,3.0,3,6.0,6,0.8998158123656695,0.9199607017041525
2026-03-13 00:00:00+00:00,1.01214390651723,0.0064019346361450236,0.0,3.4426193299518575e-06,3.0,3,6.0,6,0.9303265180862369,0.9499306009486959
2026-03-14 00:00:00+00:00,1.0138553249303528,0.0017114184131228338,0.0,5.1118898155003456e-05,3.0,3,6.0,6,0.9037641391860406,0.9162698386815064
2026-03-15 00:00:00+00:00,1.0187903538465903,0.004935028916237538,0.0,6.796489786992753e-05,3.0,3,6.0,6,0.9190781311376204,0.9351226483495411
2026-03-16 00:00:00+00:00,1.0167888202961122,-0.002001533550478163,0.0,-4.097017529746712e-05,3.0,3,6.0,6,0.9629822861287872,1.0004770519048214
2026-03-17 00:00:00+00:00,1.0230215878537308,0.00623276755761859,0.0,-5.306625292643863e-05,3.0,3,6.0,6,0.9715373167309203,0.9995727805784412
2026-03-18 00:00:00+00:00,1.022257081454254,-0.0007645063994767831,0.0,1.0377864975420312e-05,3.0,3,6.0,6,0.9458314164761129,0.9772169319978136
2026-03-19 00:00:00+00:00,1.0267491084814764,0.0044920270272224005,0.0,1.316336860289308e-05,3.0,3,6.0,6,0.905141136850224,0.9292155798920666
2026-03-20 00:00:00+00:00,1.0314805293992289,0.004731420917752471,0.0,9.560622548094232e-06,3.0,3,6.0,6,0.9023552651543878,0.9137284954274206
2026-03-21 00:00:00+00:00,1.0334531372854197,0.0019726078861908025,0.0,4.573170463460367e-05,3.0,3,6.0,6,0.8976579648491503,0.9024812316826385
2026-03-22 00:00:00+00:00,1.0299074272568558,-0.003545710028563853,0.0,0.00017979429471186973,2.71875,3,5.4375,6,0.7844015141798565,0.8822911538502692
2026-03-23 00:00:00+00:00,1.0438819304416485,0.013974503184792653,0.0,1.3468335629479897e-05,2.4097222222222223,3,4.819444444444445,6,0.6901768538835662,0.8838599561952545
2026-03-24 00:00:00+00:00,1.0465116954062874,0.0026297649646389587,0.0,-2.0840862799692647e-05,3.0,3,6.0,6,0.870157538624484,0.8827945292739104
2026-03-25 00:00:00+00:00,1.048330158973312,0.0018184635670246418,0.0,-8.927224132773097e-05,3.0,3,6.0,6,0.8754631764356309,0.8862158903855982
2026-03-26 00:00:00+00:00,1.0435094491827632,-0.004820709790548827,0.0,8.381776200115575e-05,2.9965277777777777,3,5.993055555555555,6,0.8504304346066407,0.8746845036075035
2026-03-27 00:00:00+00:00,1.0460508735948055,0.0025414244120423035,0.0,0.00023183290850195773,3.0,3,6.0,6,0.8369732851068193,0.8603440044133129
2026-03-28 00:00:00+00:00,1.0415628649066866,-0.0044880086881189385,0.0,0.00017885748067183652,2.78125,3,5.5625,6,0.7654514198267409,0.8320504325944434
2026-03-29 00:00:00+00:00,1.0454873797473487,0.003924514840662141,0.0,0.0001179643589721803,2.0,2,4.0,4,0.5652774502884658,0.5724681042883053
2026-03-30 00:00:00+00:00,1.0462723575793658,0.0007849778320170309,0.0,2.4029662288762033e-05,2.0,2,4.0,4,0.5761261048090165,0.5921119241180367
2026-03-31 00:00:00+00:00,1.047879408898786,0.001607051319420183,0.0,2.0116378644774526e-05,2.0,2,4.0,4,0.5710850882605272,0.5813464755862492
2026-04-01 00:00:00+00:00,1.0461473366369032,-0.0017320722618827666,0.0,-2.90774310021366e-06,2.0,2,4.0,4,0.5827860609238418,0.5941601408589284
2026-04-02 00:00:00+00:00,1.0498100005154416,0.003662663878538419,0.0,2.7136458138457837e-05,2.0,2,4.0,4,0.5606535272378206,0.5833448462168473
2026-04-03 00:00:00+00:00,1.0485826589109695,-0.001227341604472132,0.0,-2.8250171063049528e-05,2.0,2,4.0,4,0.5709004630329403,0.5772717495108587
2026-04-04 00:00:00+00:00,1.0450784333088259,-0.0035042256021435847,0.0,-2.4940129837258622e-05,2.0,2,4.0,4,0.5762013498783696,0.5879030133880035
2026-04-05 00:00:00+00:00,1.0466963187809806,0.0016178854721546898,0.0,6.175638886120641e-06,2.0,2,4.0,4,0.5719038064151669,0.5800988946651436
2026-04-06 00:00:00+00:00,1.0530013307783568,0.006305011997376209,0.0,-9.988273337955671e-05,2.0,2,4.0,4,0.5829737261348946,0.5937037736566767
2026-04-07 00:00:00+00:00,1.0568331799131927,0.0038318491348359185,0.0,-1.0181590637047795e-05,1.8159722222222223,2,3.6319444444444446,4,0.5174102279901016,0.5736081950474502
2026-04-08 00:00:00+00:00,1.04901033327939,-0.007822846633802616,0.0,2.189718386033383e-05,1.0,1,2.0,2,0.3061623638016946,0.3149907678683392
2026-04-09 00:00:00+00:00,1.047649843894412,-0.0013604893849781252,0.0,-1.0046702632853055e-05,1.0,1,2.0,2,0.30563695153291376,0.31519352485831115
2026-04-10 00:00:00+00:00,1.0498837676674502,0.0022339237730382155,0.0,-2.1028050213387074e-05,1.0,1,2.0,2,0.3107283058673698,0.3155373788452644
2026-04-11 00:00:00+00:00,1.0420905547216988,-0.007793212945751415,0.0,-5.037481685917107e-05,1.0,1,2.0,2,0.31047276267153195,0.321276205628508
2026-04-12 00:00:00+00:00,1.042449337378835,0.00035878265713629176,0.0,2.6015141391746345e-05,1.0,1,2.0,2,0.30335302195884406,0.3149200780169348
2026-04-13 00:00:00+00:00,1.043463039549792,0.001013702170956865,0.0,8.797266475229138e-06,1.0,1,2.0,2,0.30998292721017634,0.32119196899140234
2026-04-14 00:00:00+00:00,1.0448483079452013,0.0013852683954094225,0.0,-6.185933956590521e-05,1.0,1,2.0,2,0.314611412969676,0.32159932399752295
2026-04-15 00:00:00+00:00,1.044111190700491,-0.0007371172447103724,0.0,1.0722403682440323e-06,1.0,1,2.0,2,0.31279869155347284,0.32077583112528457
2026-04-16 00:00:00+00:00,1.05441678151987,0.010305590819378985,0.0,2.8315185713399295e-05,1.0,1,2.0,2,0.32598281959447406,0.3325308395287797
2026-04-17 00:00:00+00:00,1.05503151224826,0.0006147307283901338,0.0,-5.423192674687205e-07,1.0,1,2.0,2,0.3280338188191527,0.33289195261419846
2026-04-18 00:00:00+00:00,1.0566155482602144,0.0015840360119543373,0.0,-1.8970106568558976e-05,1.0,1,2.0,2,0.3197657626331467,0.32880892501564124
2026-04-19 00:00:00+00:00,1.0531912738785327,-0.003424274381681691,0.0,-1.3759906541574867e-05,1.0,1,2.0,2,0.30964677254304984,0.31730737036688944
2026-04-20 00:00:00+00:00,1.0511590318250046,-0.002032242053528144,0.0,9.14798045457991e-06,1.0,1,2.0,2,0.31046068547572836,0.3140725908325656
2026-04-21 00:00:00+00:00,1.048549401233213,-0.002609630591791534,0.0,9.540768135829024e-06,1.0,1,2.0,2,0.3134002735997163,0.31862063907895843
2026-04-22 00:00:00+00:00,1.0465969399216866,-0.0019524613115264877,0.0,-4.2228201495988964e-05,1.0,1,2.0,2,0.32231860334074464,0.32716491475133086
2026-04-23 00:00:00+00:00,1.0465710985711043,-2.584135058225634e-05,0.0,3.9003420838254726e-07,1.0,1,2.0,2,0.31672941609905747,0.3216292760091227
2026-04-24 00:00:00+00:00,1.047845424723817,0.0012743261527126126,0.0,2.207844819378678e-05,1.0,1,2.0,2,0.32134042878302016,0.3257323689503078
2026-04-25 00:00:00+00:00,1.0482229077425127,0.00037748301869577894,0.0,-3.768936236530533e-05,1.0,1,2.0,2,0.32109707221853534,0.32478264311781063
2026-04-26 00:00:00+00:00,1.0501457222446726,0.0019228145021599197,0.0,3.057229038846096e-05,1.0,1,2.0,2,0.3198192223890784,0.32321127249255727
2026-04-27 00:00:00+00:00,1.0506209036571605,0.0004751814124879239,0.0,3.226772144057425e-05,1.0,1,2.0,2,0.3137712413605768,0.32384729725193107
2026-04-28 00:00:00+00:00,1.0525238595328381,0.00190295587567757,0.0,2.7194636969381812e-05,1.0,1,2.0,2,0.30960615175858747,0.3133154222102704
2026-04-29 00:00:00+00:00,1.0544731306862696,0.0019492711534314644,0.0,1.2806658610614985e-05,1.0,1,2.0,2,0.30945465582426307,0.31798035789221624
2026-04-30 00:00:00+00:00,1.059343438560287,0.004870307874017321,0.0,-3.815309161576936e-06,1.0,1,2.0,2,0.3046422282222724,0.30986011199271807
2026-05-01 00:00:00+00:00,1.0599807119667384,0.0006372734064514773,0.0,-3.719297212319697e-05,1.0,1,2.0,2,0.3017438795582272,0.3060124155402582
2026-05-02 00:00:00+00:00,1.0609815842025916,0.0010008722358532118,0.0,-3.2195768341916565e-07,1.0,1,2.0,2,0.30047486626645953,0.3039008354535727
2026-05-03 00:00:00+00:00,1.0634634414481345,0.002481857245542951,0.0,-5.232618117577047e-06,0.75,1,1.5,2,0.22382957327722514,0.30293317052475427
2026-05-04 00:00:00+00:00,1.0634634414481345,0.0,0.0,0.0,0.0,0,0.0,0,0.0,0.0
2026-05-05 00:00:00+00:00,1.0634634414481345,0.0,0.0,0.0,0.0,0,0.0,0,0.0,0.0
2026-05-06 00:00:00+00:00,1.0677558035368315,0.004292362088696988,0.0,1.035954214957679e-05,0.6284722222222222,1,1.2569444444444444,2,0.18687815580067985,0.3012861871761705
2026-05-07 00:00:00+00:00,1.0685726860574094,0.0008168825205778774,0.0,-4.193453594420278e-06,0.04513888888888889,1,0.09027777777777778,2,0.013298765265831642,0.295861677550875
2026-05-08 00:00:00+00:00,1.06728543800811,-0.001287248049299361,0.0,1.3750637523093397e-05,0.3368055555555556,1,0.6736111111111112,2,0.10193631160813138,0.30575781199875374
2026-05-09 00:00:00+00:00,1.0684911694348083,0.00120573142669822,0.0,2.111506612909601e-05,1.0,1,2.0,2,0.3034021022963697,0.30724472684619775
2026-05-10 00:00:00+00:00,1.0620788959070235,-0.006412273527784729,0.0,1.1699974874249683e-05,1.0,1,2.0,2,0.30520610958794914,0.31519520179535304
2026-05-11 00:00:00+00:00,1.0701411097074447,0.008062213800421159,0.0,2.6453569479059045e-05,1.1770833333333333,2,2.3541666666666665,4,0.3593109681790626,0.6086240384127599
2026-05-12 00:00:00+00:00,1.0701963245659507,5.521485850601415e-05,0.0,-2.2510889517124536e-05,2.0,2,4.0,4,0.5937889042955917,0.6036713382257907
2026-05-13 00:00:00+00:00,1.076430639876563,0.0062343153106123594,0.0,1.6142841554590163e-05,1.5277777777777777,2,3.0555555555555554,4,0.44777892640289113,0.603001850787699
2026-05-14 00:00:00+00:00,1.0781444009979326,0.0017137611213695614,0.0,-1.4560422675218423e-05,0.6111111111111112,1,1.2222222222222223,2,0.17110065771007849,0.2828206582516788
2026-05-15 00:00:00+00:00,1.0781444009979326,0.0,0.0,0.0,0.0,0,0.0,0,0.0,0.0
2026-05-16 00:00:00+00:00,1.0781444009979326,0.0,0.0,0.0,0.0,0,0.0,0,0.0,0.0
2026-05-17 00:00:00+00:00,1.0772664964506296,-0.0008779045473030767,0.0,0.0,0.010416666666666666,1,0.020833333333333332,2,0.0031285715425346684,0.3009818157663965
2026-05-18 00:00:00+00:00,1.077645297573235,0.0003788011226053545,0.0,3.2428801100639786e-05,1.0,1,2.0,2,0.2978252669829031,0.300539378127684
2026-05-19 00:00:00+00:00,1.0787190948876026,0.0010737973143677415,0.0,5.659138360651808e-06,1.0,1,2.0,2,0.29843669583213517,0.30017570922559583
2026-05-20 00:00:00+00:00,1.0750273034964604,-0.003691791391142285,0.0,-3.151627270933032e-06,1.0,1,2.0,2,0.29880141447292846,0.30083580869561466
2026-05-21 00:00:00+00:00,1.0742475680842105,-0.000779735412249849,0.0,2.2836482134460898e-05,1.0,1,2.0,2,0.30076247296998665,0.3025890249176518
2026-05-22 00:00:00+00:00,1.0696360694723122,-0.004611498611898357,0.0,-1.7233636146940832e-06,1.0,1,2.0,2,0.3012164342578828,0.30338634232723927
2026-05-23 00:00:00+00:00,1.0719725619196767,0.0023364924473645576,0.0,6.132599123242432e-06,1.0,1,2.0,2,0.29619698913506665,0.30251293958697806
2026-05-24 00:00:00+00:00,1.0691005182638402,-0.002872043655836487,0.0,2.2259402293231908e-05,1.0,1,2.0,2,0.29898676187586465,0.3010933877785734
2026-05-25 00:00:00+00:00,1.067922543823171,-0.0011779744406692494,0.0,-8.61524401271569e-06,1.0,1,2.0,2,0.2993167125821441,0.3016304431551117
2026-05-26 00:00:00+00:00,1.0658729832059397,-0.002049560617231272,0.0,7.77068401705893e-06,1.0,1,2.0,2,0.29727684628789297,0.30105595229899085
2026-05-27 00:00:00+00:00,1.0674056455043697,0.0015326622984299654,0.0,2.2099336225599703e-05,1.0,1,2.0,2,0.2959938101631288,0.29811297250957797
2026-05-28 00:00:00+00:00,1.0680336975935187,0.0006280520891490671,0.0,1.197131769391159e-05,1.0,1,2.0,2,0.29024816918091245,0.2945271464078091
2026-05-29 00:00:00+00:00,1.0680706962814608,3.699868794204697e-05,0.0,-3.25305910155935e-05,1.0,1,2.0,2,0.29171797473847144,0.29417462994332927
2026-05-30 00:00:00+00:00,1.0573388591422752,-0.010731837139185574,0.0,1.2352745841877889e-05,1.0,1,2.0,2,0.3026414961584773,0.3120545814132048
2026-05-31 00:00:00+00:00,1.0572622788935617,-7.658024871348701e-05,0.0,2.057281202490863e-05,1.0,1,2.0,2,0.3102856144242987,0.3160840664236018
2026-06-01 00:00:00+00:00,1.0551905476042616,-0.0020717312893001605,0.0,-2.2950319265887513e-05,1.0,1,2.0,2,0.3017037961897706,0.3089233164526
2026-06-02 00:00:00+00:00,1.047277711170255,-0.007912836434006643,0.0,2.4201738783308832e-05,1.0,1,2.0,2,0.2920307930715689,0.30050826380655177
2026-06-03 00:00:00+00:00,1.053377057296169,0.006099346125914007,0.0,8.740371976854891e-06,1.0,1,2.0,2,0.2806226283096163,0.2843946949735063
2026-06-04 00:00:00+00:00,1.0503379013921073,-0.0030391559040616745,0.0,1.8626974447160743e-05,1.0,1,2.0,2,0.26966366980696876,0.27703533425678467
2026-06-05 00:00:00+00:00,1.0467837759672922,-0.0035541254248150356,0.0,-3.2450851716084764e-06,1.0,1,2.0,2,0.25992132704019677,0.26922166585293084
2026-06-06 00:00:00+00:00,1.0388442948593635,-0.007939481107928748,0.0,-1.0147107459642082e-05,1.0,1,2.0,2,0.2530920196226031,0.2584408527698949
2026-06-07 00:00:00+00:00,1.0392840772919103,0.00043978243254683136,0.0,7.1193998361846555e-06,1.0,1,2.0,2,0.25509451855366766,0.2613827252537868
2026-06-08 00:00:00+00:00,1.0405903595132204,0.0013062822213101288,0.0,-1.2039924877929213e-05,1.0,1,2.0,2,0.260362164039523,0.26433167157266146
2026-06-09 00:00:00+00:00,1.0419880278851823,0.0013976683719618688,0.0,1.5294866641233792e-05,1.0,1,2.0,2,0.25859680039375577,0.26132792532077553
2026-06-10 00:00:00+00:00,1.0380789773924692,-0.003909050492713062,0.0,-4.496513229896926e-06,1.0,1,2.0,2,0.2556755111280849,0.2595368709167254
2026-06-11 00:00:00+00:00,1.0376607090214074,-0.00041826837106184733,0.0,1.5836115856466952e-06,1.0,1,2.0,2,0.2583840256943519,0.260984213246095
2026-06-12 00:00:00+00:00,1.0404386752806838,0.0027779662592763987,0.0,1.3639438729961468e-05,1.0,1,2.0,2,0.2606340489079171,0.26414805810965525
2026-06-13 00:00:00+00:00,1.0444020420605735,0.003963366779889732,0.0,-7.253483157114057e-07,1.0,1,2.0,2,0.26319748590882486,0.265805048911342
2026-06-14 00:00:00+00:00,1.0472732492196364,0.0028712071590628607,0.0,1.4790786211244416e-05,1.0,1,2.0,2,0.26553327149766176,0.2701461178022736
2026-06-15 00:00:00+00:00,1.0484513996576177,0.0011781504379813068,0.0,-2.116961917889808e-05,1.0,1,2.0,2,0.27123349190194473,0.2756436360110933
2026-06-16 00:00:00+00:00,1.0504299804342825,0.0019785807766647956,0.0,-1.306658028752723e-05,1.0,1,2.0,2,0.2694386953457222,0.27319374300667565
2026-06-17 00:00:00+00:00,1.0480030509231866,-0.00242692951109591,0.0,-1.0032238790836395e-05,1.0,1,2.0,2,0.2675230208258984,0.2699031630570855
2026-06-18 00:00:00+00:00,1.047833577122108,-0.00016947380107867893,0.0,7.824175291966286e-06,1.0,1,2.0,2,0.26044266868627086,0.26633054087509384
2026-06-19 00:00:00+00:00,1.0480679118241,0.0002343347019921893,0.0,1.10757987359913e-05,1.0,1,2.0,2,0.257546140437524,0.2601711380147395
2026-06-20 00:00:00+00:00,1.0487630138747674,0.0006951020506673622,0.0,1.691089631567828e-05,1.0,1,2.0,2,0.2601887832893848,0.26206104025436194
2026-06-21 00:00:00+00:00,1.0492352436071979,0.0004722297324304403,0.0,1.6759713514074803e-05,1.0,1,2.0,2,0.2631093691504046,0.2662987442387224
2026-06-22 00:00:00+00:00,1.048483562790852,-0.0007516808163459121,0.0,-1.8118742003526315e-05,1.0,1,2.0,2,0.2640668586637696,0.268069833810214
2026-06-23 00:00:00+00:00,1.04132451094598,-0.0071590518448718665,0.0,2.3327489598030338e-06,1.0,1,2.0,2,0.2562787441066022,0.26298039007594737
2026-06-24 00:00:00+00:00,1.039845558439077,-0.0014789525069032194,0.0,1.1412321080150653e-05,1.0,1,2.0,2,0.24963475381686553,0.2542764360490956
2026-06-25 00:00:00+00:00,1.0394648234346544,-0.0003807350044224833,0.0,1.1487417741052093e-05,1.0,1,2.0,2,0.2470528631139367,0.25122417334565245
2026-06-26 00:00:00+00:00,1.0420722108839813,0.00260738744932687,0.0,-8.137368722739089e-06,1.0,1,2.0,2,0.24793845850794816,0.2509673723598995
2026-06-27 00:00:00+00:00,1.0449287970750336,0.002856586191052335,0.0,3.593627130239143e-05,1.0,1,2.0,2,0.2512068441705606,0.25363045274726215
2026-06-28 00:00:00+00:00,1.04728545747708,0.0023566604020464066,0.0,-6.861913343540355e-07,1.0,1,2.0,2,0.24960654604172985,0.2521064436582545
2026-06-29 00:00:00+00:00,1.0484897214712838,0.0012042639942038136,0.0,-1.5069162533815628e-05,1.0,1,2.0,2,0.25031327290883043,0.2533782201621928
2026-06-30 00:00:00+00:00,1.045805427875378,-0.00268429359590594,0.0,-2.452620195678627e-05,1.0,1,2.0,2,0.24756175518335427,0.252397004687976
2026-07-01 00:00:00+00:00,1.048156570242054,0.0023511423666762177,0.0,-1.5762636642459497e-05,1.0,1,2.0,2,0.24788146683761608,0.252732659124185
2026-07-02 00:00:00+00:00,1.049904713902699,0.0017481436606447964,0.0,-2.147549702498553e-05,1.0,1,2.0,2,0.2516149186868605,0.25518980004754876
2026-07-03 00:00:00+00:00,1.052345728284458,0.0024410143817590324,0.0,-2.0496508527879414e-05,1.0,1,2.0,2,0.25517736069241087,0.261054542319716
2026-07-04 00:00:00+00:00,1.0521610129928902,-0.00018471529156771638,0.0,-8.147117180022459e-07,1.0,1,2.0,2,0.2592588458279871,0.2627777749813843
2026-07-05 00:00:00+00:00,1.0534187457762045,0.0012577327833143137,0.0,1.3350125836085783e-06,1.0,1,2.0,2,0.26124681270807126,0.2671486965365529
2026-07-06 00:00:00+00:00,1.0503551154445818,-0.003063630331622713,0.0,-2.7542285867408353e-05,1.0,1,2.0,2,0.2620393825740735,0.2665561527594045
2026-07-07 00:00:00+00:00,1.0482077295049266,-0.002147385939655244,0.0,-2.409892084868889e-05,1.0,1,2.0,2,0.2594279356296514,0.2629157392651153
2026-07-08 00:00:00+00:00,1.048688378533726,0.00048064902879940696,0.0,-1.3257973417822507e-05,1.0,1,2.0,2,0.2548673417932432,0.25850014274975425
2026-07-09 00:00:00+00:00,1.0491358951161933,0.0004475165824673333,0.0,-9.233288435240927e-06,1.0,1,2.0,2,0.2566415380569049,0.25842774021095816
2026-07-10 00:00:00+00:00,1.051790990150816,0.00265509503462269,0.0,8.416242701817943e-06,1.0,1,2.0,2,0.2590579319528429,0.26031450151199587
2026-07-11 00:00:00+00:00,1.051455578289478,-0.0003354118613378976,0.0,-5.392339392639642e-06,1.0,1,2.0,2,0.26125485880313526,0.2631846994045587
2026-07-12 00:00:00+00:00,1.0489589568571536,-0.0024966214323245417,0.0,2.465282318106004e-06,0.9895833333333334,1,1.9791666666666667,2,0.256894176843368,0.26142660467115825
2026-07-13 00:00:00+00:00,1.0489589568571536,0.0,0.0,0.0,0.0,0,0.0,0,0.0,0.0
2026-07-14 00:00:00+00:00,1.0489589568571536,0.0,0.0,0.0,0.0,0,0.0,0,0.0,0.0
2026-07-15 00:00:00+00:00,1.0489589568571536,0.0,0.0,0.0,0.0,0,0.0,0,0.0,0.0
2026-07-16 00:00:00+00:00,1.0489589568571536,0.0,0.0,0.0,0.0,0,0.0,0,0.0,0.0
2026-07-17 00:00:00+00:00,1.0489589568571536,0.0,0.0,0.0,0.0,0,0.0,0,0.0,0.0
2026-07-18 00:00:00+00:00,1.0489589568571536,0.0,0.0,0.0,0.0,0,0.0,0,0.0,0.0
2026-07-19 00:00:00+00:00,1.0489589568571536,0.0,0.0,0.0,0.0,0,0.0,0,0.0,0.0
2026-07-20 00:00:00+00:00,1.0489589568571536,0.0,0.0,0.0,0.0,0,0.0,0,0.0,0.0
2026-07-21 00:00:00+00:00,1.0489589568571536,0.0,0.0,0.0,0.0,0,0.0,0,0.0,0.0
2026-07-22 00:00:00+00:00,1.0489589568571536,0.0,0.0,0.0,0.0,0,0.0,0,0.0,0.0
2026-07-23 00:00:00+00:00,1.0489589568571536,0.0,0.0,0.0,0.0,0,0.0,0,0.0,0.0
2026-07-24 00:00:00+00:00,1.0489589568571536,0.0,0.0,0.0,0.0,0,0.0,0,0.0,0.0
2026-07-25 00:00:00+00:00,1.0489589568571536,0.0,0.0,0.0,0.0,0,0.0,0,0.0,0.0
2026-07-26 00:00:00+00:00,1.0489589568571536,0.0,0.0,0.0,0.0,0,0.0,0,0.0,0.0
2026-07-27 00:00:00+00:00,1.0489589568571536,0.0,0.0,0.0,0.0,0,0.0,0,0.0,0.0
2026-07-28 00:00:00+00:00,1.0489589568571536,0.0,0.0,0.0,0.0,0,0.0,0,0.0,0.0
2026-07-29 00:00:00+00:00,1.0489589568571536,0.0,0.0,0.0,0.0,0,0.0,0,0.0,0.0
2026-07-30 00:00:00+00:00,1.0489589568571536,0.0,0.0,0.0,0.0,0,0.0,0,0.0,0.0
2026-07-31 00:00:00+00:00,1.0489589568571536,0.0,0.0,0.0,0.0,0,0.0,0,0.0,0.0
2026-08-01 00:00:00+00:00,1.0489589568571536,0.0,0.0,0.0,0.0,0,0.0,0,0.0,0.0
2026-08-02 00:00:00+00:00,1.0489589568571536,0.0,0.0,0.0,0.0,0,0.0,0,0.0,0.0
2026-08-03 00:00:00+00:00,1.0489589568571536,0.0,0.0,0.0,0.0,0,0.0,0,0.0,0.0
2026-08-04 00:00:00+00:00,1.0489589568571536,0.0,0.0,0.0,0.0,0,0.0,0,0.0,0.0
2026-08-05 00:00:00+00:00,1.0489589568571536,0.0,0.0,0.0,0.0,0,0.0,0,0.0,0.0
2026-08-06 00:00:00+00:00,1.0489589568571536,0.0,0.0,0.0,0.0,0,0.0,0,0.0,0.0
2026-08-07 00:00:00+00:00,1.0489589568571536,0.0,0.0,0.0,0.0,0,0.0,0,0.0,0.0
2026-08-08 00:00:00+00:00,1.0489589568571536,0.0,0.0,0.0,0.0,0,0.0,0,0.0,0.0
2026-08-09 00:00:00+00:00,1.0489589568571536,0.0,0.0,0.0,0.0,0,0.0,0,0.0,0.0
2026-08-10 00:00:00+00:00,1.0489589568571536,0.0,0.0,0.0,0.0,0,0.0,0,0.0,0.0
2026-08-11 00:00:00+00:00,1.0489589568571536,0.0,0.0,0.0,0.0,0,0.0,0,0.0,0.0
2026-08-12 00:00:00+00:00,1.0489589568571536,0.0,0.0,0.0,0.0,0,0.0,0,0.0,0.0
2026-08-13 00:00:00+00:00,1.0489589568571536,0.0,0.0,0.0,0.0,0,0.0,0,0.0,0.0
2026-08-14 00:00:00+00:00,1.0489589568571536,0.0,0.0,0.0,0.0,0,0.0,0,0.0,0.0
2026-08-15 00:00:00+00:00,1.0489589568571536,0.0,0.0,0.0,0.0,0,0.0,0,0.0,0.0
2026-08-16 00:00:00+00:00,1.0489589568571536,0.0,0.0,0.0,0.0,0,0.0,0,0.0,0.0
2026-08-17 00:00:00+00:00,1.0489589568571536,0.0,0.0,0.0,0.0,0,0.0,0,0.0,0.0
2026-08-18 00:00:00+00:00,1.0489589568571536,0.0,0.0,0.0,0.0,0,0.0,0,0.0,0.0
2026-08-19 00:00:00+00:00,1.0489589568571536,0.0,0.0,0.0,0.0,0,0.0,0,0.0,0.0
2026-08-20 00:00:00+00:00,1.0489589568571536,0.0,0.0,0.0,0.0,0,0.0,0,0.0,0.0
2026-08-21 00:00:00+00:00,1.0489589568571536,0.0,0.0,0.0,0.0,0,0.0,0,0.0,0.0
2026-08-22 00:00:00+00:00,1.0489589568571536,0.0,0.0,0.0,0.0,0,0.0,0,0.0,0.0
2026-08-23 00:00:00+00:00,1.0489589568571536,0.0,0.0,0.0,0.0,0,0.0,0,0.0,0.0
2026-08-24 00:00:00+00:00,1.0489589568571536,0.0,0.0,0.0,0.0,0,0.0,0,0.0,0.0
2026-08-25 00:00:00+00:00,1.0489589568571536,0.0,0.0,0.0,0.0,0,0.0,0,0.0,0.0
2026-08-26 00:00:00+00:00,1.0489589568571536,0.0,0.0,0.0,0.0,0,0.0,0,0.0,0.0
2026-08-27 00:00:00+00:00,1.0489589568571536,0.0,0.0,0.0,0.0,0,0.0,0,0.0,0.0
2026-08-28 00:00:00+00:00,1.0489589568571536,0.0,0.0,0.0,0.0,0,0.0,0,0.0,0.0
2026-08-29 00:00:00+00:00,1.0489589568571536,0.0,0.0,0.0,0.0,0,0.0,0,0.0,0.0
2026-08-30 00:00:00+00:00,1.0489589568571536,0.0,0.0,0.0,0.0,0,0.0,0,0.0,0.0
2026-08-31 00:00:00+00:00,1.0489589568571536,0.0,0.0,0.0,0.0,0,0.0,0,0.0,0.0
