time,kind,position_id,symbol,symbol_index,quantity_change,price,fee,model
2024-09-06 14:05:00+00:00,entry,johansen:2024-09-06T14:05:00+00:00:8-10,LINK,8,0.01761638793898396,9.785,8.618817799147903e-05,johansen
2024-09-06 14:05:00+00:00,entry,johansen:2024-09-06T14:05:00+00:00:8-10,AVAX,10,-0.005919189463245765,21.561,6.381182200852097e-05,johansen
2024-09-13 12:50:00+00:00,exit,johansen:2024-09-06T14:05:00+00:00:8-10,LINK,8,-0.01761638793898396,11.09,9.768287112166606e-05,johansen
2024-09-13 12:50:00+00:00,exit,johansen:2024-09-06T14:05:00+00:00:8-10,AVAX,10,0.005919189463245765,23.806,7.045611218101435e-05,johansen
2024-09-16 10:10:00+00:00,entry,johansen:2024-09-16T10:10:00+00:00:8-10,LINK,8,0.016416525268737738,10.596,8.697475087377254e-05,johansen
2024-09-16 10:10:00+00:00,entry,johansen:2024-09-16T10:10:00+00:00:8-10,AVAX,10,-0.005392921836214915,23.881,6.439418318532419e-05,johansen
2024-09-25 16:05:00+00:00,exit,johansen:2024-09-16T10:10:00+00:00:8-10,LINK,8,-0.016416525268737738,12.369,0.00010152800052450854,johansen
2024-09-25 16:05:00+00:00,exit,johansen:2024-09-16T10:10:00+00:00:8-10,AVAX,10,0.005392921836214915,27.525,7.422008677090778e-05,johansen
2024-09-27 14:50:00+00:00,entry,johansen:2024-09-27T14:50:00+00:00:8-10,LINK,8,0.013798497318236755,12.718,8.774464444666752e-05,johansen
2024-09-27 14:50:00+00:00,entry,johansen:2024-09-27T14:50:00+00:00:8-10,AVAX,10,-0.0042306792595554425,30.711,6.49641953701036e-05,johansen
2024-09-28 20:10:00+00:00,exit,johansen:2024-09-27T14:50:00+00:00:8-10,LINK,8,-0.013798497318236755,12.97,8.948325510876535e-05,johansen
2024-09-28 20:10:00+00:00,exit,johansen:2024-09-27T14:50:00+00:00:8-10,AVAX,10,0.0042306792595554425,29.37,6.212752492657168e-05,johansen
2024-09-30 16:30:00+00:00,entry,johansen:2024-09-30T16:30:00+00:00:8-10,LINK,8,0.01477922729054523,11.977,8.85054026294301e-05,johansen
2024-09-30 16:30:00+00:00,entry,johansen:2024-09-30T16:30:00+00:00:8-10,AVAX,10,-0.004643549155932691,28.223,6.552744391394416e-05,johansen
2024-10-01 00:00:00+00:00,exit,johansen:2024-09-30T16:30:00+00:00:8-10,LINK,8,-0.01477922729054523,11.843,8.751519440096358e-05,johansen
2024-10-01 00:00:00+00:00,exit,johansen:2024-09-30T16:30:00+00:00:8-10,AVAX,10,0.004643549155932691,27.697,6.430619048593386e-05,johansen
2025-01-15 23:05:00+00:00,entry,johansen:2025-01-15T23:05:00+00:00:11-13,LTC,11,-0.0017584780279334912,114.7,0.00010084871490198573,johansen
2025-01-15 23:05:00+00:00,entry,johansen:2025-01-15T23:05:00+00:00:11-13,DOT,13,0.015072186052559049,7.06,5.3204816765533436e-05,johansen
2025-01-16 11:40:00+00:00,entry,johansen:2025-01-16T11:40:00+00:00:1-3,ETH,1,4.812925999907212e-05,3333.61,8.02220912127534e-05,johansen
2025-01-16 11:40:00+00:00,entry,johansen:2025-01-16T11:40:00+00:00:1-3,SOL,3,-0.0007043884514340911,207.07,7.292885831922862e-05,johansen
2025-01-29 23:05:00+00:00,exit,johansen:2025-01-15T23:05:00+00:00:11-13,LTC,11,0.0017584780279334912,116.43,0.0001023697983961482,johansen
2025-01-29 23:05:00+00:00,exit,johansen:2025-01-15T23:05:00+00:00:11-13,DOT,13,-0.015072186052559049,5.801,4.371687564544752e-05,johansen
2025-01-30 11:40:00+00:00,exit,johansen:2025-01-16T11:40:00+00:00:1-3,ETH,1,-4.812925999907212e-05,3221.25,7.751818938600553e-05,johansen
2025-01-30 11:40:00+00:00,exit,johansen:2025-01-16T11:40:00+00:00:1-3,SOL,3,0.0007043884514340911,241.12,8.492107170489403e-05,johansen
2025-12-01 23:45:00+00:00,entry,johansen:2025-12-01T23:45:00+00:00:15-19,XLM,15,0.6863436376703707,0.23427,8.039486199851886e-05,johansen
2025-12-01 23:45:00+00:00,entry,johansen:2025-12-01T23:45:00+00:00:15-19,AAVE,19,-0.0007637845118540275,172.42,6.58458627669357e-05,johansen
2025-12-04 00:10:00+00:00,entry,johansen:2025-12-04T00:10:00+00:00:0-1,BTC,0,1.6455110239133713e-06,93256.0,7.672688802303268e-05,johansen
2025-12-04 00:10:00+00:00,entry,johansen:2025-12-04T00:10:00+00:00:0-1,ETH,1,-4.316579895676681e-05,3195.4,6.896599699322634e-05,johansen
2025-12-15 23:45:00+00:00,exit,johansen:2025-12-01T23:45:00+00:00:15-19,XLM,15,-0.6863436376703707,0.22021,7.556986622569616e-05,johansen
2025-12-15 23:45:00+00:00,exit,johansen:2025-12-01T23:45:00+00:00:15-19,AAVE,19,0.0007637845118540275,195.23,7.455682512463089e-05,johansen
2025-12-17 16:20:00+00:00,exit,johansen:2025-12-04T00:10:00+00:00:0-1,BTC,0,-1.6455110239133713e-06,86630.8,7.127596820521724e-05,johansen
2025-12-17 16:20:00+00:00,exit,johansen:2025-12-04T00:10:00+00:00:0-1,ETH,1,4.316579895676681e-05,2863.21,6.179637361550215e-05,johansen
2025-12-19 17:35:00+00:00,entry,johansen:2025-12-19T17:35:00+00:00:0-1,BTC,0,1.7263827544765064e-06,86997.5,7.509549184128493e-05,johansen
2025-12-19 17:35:00+00:00,entry,johansen:2025-12-19T17:35:00+00:00:0-1,ETH,1,-4.564933390064189e-05,2957.31,6.749961581885363e-05,johansen
2025-12-25 14:15:00+00:00,entry,johansen:2025-12-25T14:15:00+00:00:15-19,XLM,15,0.7402974150273947,0.21224,7.856036168270712e-05,johansen
2025-12-25 14:15:00+00:00,entry,johansen:2025-12-25T14:15:00+00:00:15-19,AAVE,19,-0.0008421353396799781,152.81,6.434335062824873e-05,johansen
2025-12-28 05:25:00+00:00,exit,johansen:2025-12-25T14:15:00+00:00:15-19,XLM,15,-0.7402974150273947,0.22275,8.245062459867608e-05,johansen
2025-12-28 05:25:00+00:00,exit,johansen:2025-12-25T14:15:00+00:00:15-19,AAVE,19,0.0008421353396799781,154.64,6.511390446405591e-05,johansen
2025-12-31 04:45:00+00:00,entry,johansen:2025-12-31T04:45:00+00:00:15-19,XLM,15,0.7574169170014966,0.2086,7.89985844432561e-05,johansen
2025-12-31 04:45:00+00:00,entry,johansen:2025-12-31T04:45:00+00:00:15-19,AAVE,19,-0.0008652349363080957,149.56,6.47022685371194e-05,johansen
2026-01-01 00:00:00+00:00,exit,johansen:2025-12-19T17:35:00+00:00:0-1,BTC,0,-1.7263827544765064e-06,87608.3,7.562272913450206e-05,johansen
2026-01-01 00:00:00+00:00,exit,johansen:2025-12-19T17:35:00+00:00:0-1,ETH,1,4.564933390064189e-05,2970.4,6.779839070923334e-05,johansen
2026-01-01 00:00:00+00:00,exit,johansen:2025-12-31T04:45:00+00:00:15-19,XLM,15,-0.7574169170014966,0.20077,7.603329721319524e-05,johansen
2026-01-01 00:00:00+00:00,exit,johansen:2025-12-31T04:45:00+00:00:15-19,AAVE,19,0.0008652349363080957,145.94,6.313619330240175e-05,johansen
2026-01-02 21:45:00+00:00,entry,johansen:2026-01-02T21:45:00+00:00:3-9,SOL,3,0.0013114674546814606,131.72,8.6373246565321e-05,johansen
2026-01-02 21:45:00+00:00,entry,johansen:2026-01-02T21:45:00+00:00:3-9,SUI,9,-0.06962039719802239,1.628,5.667100331919022e-05,johansen
2026-01-05 03:55:00+00:00,entry,johansen:2026-01-05T03:55:00+00:00:11-18,LTC,11,0.002186113536766234,82.49,9.016625282392331e-05,johansen
2026-01-05 03:55:00+00:00,entry,johansen:2026-01-05T03:55:00+00:00:11-18,NEAR,18,-0.059080440638906294,1.795,5.30246954734184e-05,johansen
2026-01-05 20:55:00+00:00,exit,johansen:2026-01-05T03:55:00+00:00:11-18,LTC,11,-0.002186113536766234,83.85,9.165281002892436e-05,johansen
2026-01-05 20:55:00+00:00,exit,johansen:2026-01-05T03:55:00+00:00:11-18,NEAR,18,0.059080440638906294,1.764,5.2108948643515355e-05,johansen
2026-01-06 16:25:00+00:00,entry,johansen:2026-01-06T16:25:00+00:00:11-18,LTC,11,0.0021699980901556384,82.69,8.971857103748487e-05,johansen
2026-01-06 16:25:00+00:00,entry,johansen:2026-01-06T16:25:00+00:00:11-18,NEAR,18,-0.05911644160369558,1.785,5.27614241312983e-05,johansen
2026-01-09 01:10:00+00:00,exit,johansen:2026-01-06T16:25:00+00:00:11-18,LTC,11,-0.0021699980901556384,81.77,8.872037191601328e-05,johansen
2026-01-09 01:10:00+00:00,exit,johansen:2026-01-06T16:25:00+00:00:11-18,NEAR,18,0.05911644160369558,1.691,4.998295137592462e-05,johansen
2026-01-09 14:20:00+00:00,entry,johansen:2026-01-09T14:20:00+00:00:11-18,LTC,11,0.002257192603303713,80.06,9.035541991024763e-05,johansen
2026-01-09 14:20:00+00:00,entry,johansen:2026-01-09T14:20:00+00:00:11-18,NEAR,18,-0.06288276955937859,1.69,5.313594027767491e-05,johansen
2026-01-14 14:25:00+00:00,exit,johansen:2026-01-02T21:45:00+00:00:3-9,SOL,3,-0.0013114674546814606,146.07,9.578302555266047e-05,johansen
2026-01-14 14:25:00+00:00,exit,johansen:2026-01-02T21:45:00+00:00:3-9,SUI,9,0.06962039719802239,1.8344,6.385582831002614e-05,johansen
2026-01-23 14:20:00+00:00,exit,johansen:2026-01-09T14:20:00+00:00:11-18,LTC,11,-0.002257192603303713,67.79,7.650754328897935e-05,johansen
2026-01-23 14:20:00+00:00,exit,johansen:2026-01-09T14:20:00+00:00:11-18,NEAR,18,0.06288276955937859,1.521,4.782234624990742e-05,johansen
2026-01-25 19:55:00+00:00,entry,johansen:2026-01-25T19:55:00+00:00:3-9,SOL,3,0.0014582526029920226,117.73,8.584003947512542e-05,johansen
2026-01-25 19:55:00+00:00,entry,johansen:2026-01-25T19:55:00+00:00:3-9,SUI,9,-0.08193956032163584,1.3747,5.6321156787076396e-05,johansen
2026-01-27 05:25:00+00:00,exit,johansen:2026-01-25T19:55:00+00:00:3-9,SOL,3,-0.0014582526029920226,124.3,9.063039927595421e-05,johansen
2026-01-27 05:25:00+00:00,exit,johansen:2026-01-25T19:55:00+00:00:3-9,SUI,9,0.08193956032163584,1.4374,5.888996200315968e-05,johansen
2026-01-31 03:10:00+00:00,entry,johansen:2026-01-31T03:10:00+00:00:3-9,SOL,3,-0.001458266036429618,118.25,8.621997940390117e-05,johansen
2026-01-31 03:10:00+00:00,entry,johansen:2026-01-31T03:10:00+00:00:3-9,SUI,9,0.08962364075418115,1.2624,5.657044204403914e-05,johansen
2026-01-31 14:50:00+00:00,exit,johansen:2026-01-31T03:10:00+00:00:3-9,SOL,3,0.001458266036429618,108.66,7.922759375922114e-05,johansen
2026-01-31 14:50:00+00:00,exit,johansen:2026-01-31T03:10:00+00:00:3-9,SUI,9,-0.08962364075418115,1.156,5.1802464355916704e-05,johansen
2026-01-31 17:15:00+00:00,entry,johansen:2026-01-31T17:15:00+00:00:3-9,SOL,3,0.001685388400673271,102.76,8.659525602659267e-05,johansen
2026-01-31 17:15:00+00:00,entry,johansen:2026-01-31T17:15:00+00:00:3-9,SUI,9,-0.10175815818754824,1.1167,5.6816667624017565e-05,johansen
2026-02-01 00:00:00+00:00,exit,johansen:2026-01-31T17:15:00+00:00:3-9,SOL,3,-0.001685388400673271,105.44,8.885367648349484e-05,johansen
2026-02-01 00:00:00+00:00,exit,johansen:2026-01-31T17:15:00+00:00:3-9,SUI,9,0.10175815818754824,1.1527,5.864831447139343e-05,johansen
2026-02-01 05:25:00+00:00,entry,johansen:2026-02-01T05:25:00+00:00:16-18,FIL,16,-0.12779230458369864,1.063,6.792160988623584e-05,johansen
2026-02-01 05:25:00+00:00,entry,johansen:2026-02-01T05:25:00+00:00:16-18,NEAR,18,0.1251544992883451,1.208,7.559331757016044e-05,johansen
2026-02-15 05:25:00+00:00,exit,johansen:2026-02-01T05:25:00+00:00:16-18,FIL,16,0.12779230458369864,1.017,6.498238688081075e-05,johansen
2026-02-15 05:25:00+00:00,exit,johansen:2026-02-01T05:25:00+00:00:16-18,NEAR,18,-0.1251544992883451,1.078,6.745827511641801e-05,johansen
2026-03-01 00:05:00+00:00,entry,johansen:2026-03-01T00:05:00+00:00:16-18,FIL,16,0.13840876183865392,1.008,6.975801596668158e-05,johansen
2026-03-01 00:05:00+00:00,entry,johansen:2026-03-01T00:05:00+00:00:16-18,NEAR,18,-0.12268883555383651,1.175,7.207969088787896e-05,johansen
2026-03-04 17:20:00+00:00,entry,johansen:2026-03-04T17:20:00+00:00:5-15,DOGE,5,-1.2638406259096053,0.10085,6.372916356149185e-05,johansen
2026-03-04 17:20:00+00:00,entry,johansen:2026-03-04T17:20:00+00:00:5-15,XLM,15,0.9501135831245905,0.15857,7.532975543803316e-05,johansen
2026-03-05 03:10:00+00:00,exit,johansen:2026-03-04T17:20:00+00:00:5-15,DOGE,5,1.2638406259096053,0.09617,6.0771776496863375e-05,johansen
2026-03-05 03:10:00+00:00,exit,johansen:2026-03-04T17:20:00+00:00:5-15,XLM,15,-0.9501135831245905,0.15836,7.522999351180509e-05,johansen
2026-03-09 05:55:00+00:00,entry,johansen:2026-03-09T05:55:00+00:00:10-11,AVAX,10,-0.01419649244410806,9.208,6.53606512126735e-05,johansen
2026-03-09 05:55:00+00:00,entry,johansen:2026-03-09T05:55:00+00:00:10-11,LTC,11,0.0027942805005589794,53.75,7.509628845252257e-05,johansen
2026-03-15 00:05:00+00:00,exit,johansen:2026-03-01T00:05:00+00:00:16-18,FIL,16,-0.13840876183865392,0.879,6.0830650828088395e-05,johansen
2026-03-15 00:05:00+00:00,exit,johansen:2026-03-01T00:05:00+00:00:16-18,NEAR,18,0.12268883555383651,1.323,8.115866471886285e-05,johansen
2026-03-15 02:10:00+00:00,entry,johansen:2026-03-15T02:10:00+00:00:5-15,DOGE,5,1.303235293931597,0.09611,6.26269720498829e-05,johansen
2026-03-15 02:10:00+00:00,entry,johansen:2026-03-15T02:10:00+00:00:5-15,XLM,15,-0.884114803365421,0.16746,7.40269324857867e-05,johansen
2026-03-22 17:15:00+00:00,exit,johansen:2026-03-09T05:55:00+00:00:10-11,AVAX,10,0.01419649244410806,9.067,6.435979849536389e-05,johansen
2026-03-22 17:15:00+00:00,exit,johansen:2026-03-09T05:55:00+00:00:10-11,LTC,11,-0.0027942805005589794,54.15,7.565514455263437e-05,johansen
2026-03-23 13:55:00+00:00,entry,johansen:2026-03-23T13:55:00+00:00:10-11,AVAX,10,-0.013336072989299152,9.598,6.399981427564663e-05,johansen
2026-03-23 13:55:00+00:00,entry,johansen:2026-03-23T13:55:00+00:00:10-11,LTC,11,0.00263841949590457,55.74,7.353275135086037e-05,johansen
2026-03-26 15:20:00+00:00,exit,johansen:2026-03-23T13:55:00+00:00:10-11,AVAX,10,0.013336072989299152,9.16,6.107921429099012e-05,johansen
2026-03-26 15:20:00+00:00,exit,johansen:2026-03-23T13:55:00+00:00:10-11,LTC,11,-0.00263841949590457,54.66,7.21080048230719e-05,johansen
2026-03-27 17:00:00+00:00,entry,johansen:2026-03-27T17:00:00+00:00:10-11,AVAX,10,0.014524203672110042,8.762,6.36305362875141e-05,johansen
2026-03-27 17:00:00+00:00,entry,johansen:2026-03-27T17:00:00+00:00:10-11,LTC,11,-0.0026982272912291832,54.19,7.31084684558547e-05,johansen
2026-03-29 02:10:00+00:00,exit,johansen:2026-03-15T02:10:00+00:00:5-15,DOGE,5,-1.303235293931597,0.09098,5.928417352094835e-05,johansen
2026-03-29 02:10:00+00:00,exit,johansen:2026-03-15T02:10:00+00:00:5-15,XLM,15,0.884114803365421,0.16794,7.423912003859441e-05,johansen
2026-03-30 08:40:00+00:00,exit,johansen:2026-03-27T17:00:00+00:00:10-11,AVAX,10,-0.014524203672110042,9.029,6.556951747774079e-05,johansen
2026-03-30 08:40:00+00:00,exit,johansen:2026-03-27T17:00:00+00:00:10-11,LTC,11,0.0026982272912291832,54.34,7.331083550269692e-05,johansen
2026-05-06 07:55:00+00:00,entry,johansen:2026-05-06T07:55:00+00:00:2-11,BNB,2,0.0001471869213554113,638.27,4.6972498146759184e-05,johansen
2026-05-06 07:55:00+00:00,entry,johansen:2026-05-06T07:55:00+00:00:2-11,LTC,11,-0.0031642086516857765,57.2,9.04963674382132e-05,johansen
2026-05-07 01:05:00+00:00,exit,johansen:2026-05-06T07:55:00+00:00:2-11,BNB,2,-0.0001471869213554113,643.8,4.7379469984306886e-05,johansen
2026-05-07 01:05:00+00:00,exit,johansen:2026-05-06T07:55:00+00:00:2-11,LTC,11,0.0031642086516857765,56.25,8.899336832866246e-05,johansen
2026-05-08 14:45:00+00:00,entry,johansen:2026-05-08T14:45:00+00:00:2-11,BNB,2,0.00014684179499361915,642.25,4.7154571417325955e-05,johansen
2026-05-08 14:45:00+00:00,entry,johansen:2026-05-08T14:45:00+00:00:2-11,LTC,11,-0.003170930070375874,57.3,9.08471465162688e-05,johansen
2026-05-11 16:30:00+00:00,entry,johansen:2026-05-11T16:30:00+00:00:3-10,SOL,3,-0.001317803468611931,97.4,6.417702892140103e-05,johansen
2026-05-11 16:30:00+00:00,entry,johansen:2026-05-11T16:30:00+00:00:3-10,AVAX,10,0.014424790114297915,10.179,7.341496928671925e-05,johansen
2026-05-13 12:40:00+00:00,exit,johansen:2026-05-08T14:45:00+00:00:2-11,BNB,2,-0.00014684179499361915,670.27,4.921182496518655e-05,johansen
2026-05-13 12:40:00+00:00,exit,johansen:2026-05-08T14:45:00+00:00:2-11,LTC,11,0.003170930070375874,57.52,9.119594882401015e-05,johansen
2026-05-14 14:40:00+00:00,exit,johansen:2026-05-11T16:30:00+00:00:3-10,SOL,3,0.001317803468611931,91.47,6.0269741636966664e-05,johansen
2026-05-14 14:40:00+00:00,exit,johansen:2026-05-11T16:30:00+00:00:3-10,AVAX,10,-0.014424790114297915,9.895,7.136664909048893e-05,johansen
2026-05-14 19:05:00+00:00,entry,johansen:2026-05-14T19:05:00+00:00:2-11,BNB,2,0.00013920256256353756,682.38,4.7494522321053376e-05,johansen
2026-05-14 19:05:00+00:00,entry,johansen:2026-05-14T19:05:00+00:00:2-11,LTC,11,-0.003085033371338436,59.32,9.150208979389802e-05,johansen
2026-05-15 01:55:00+00:00,exit,johansen:2026-05-14T19:05:00+00:00:2-11,BNB,2,-0.00013920256256353756,681.22,4.741378483476653e-05,johansen
2026-05-15 01:55:00+00:00,exit,johansen:2026-05-14T19:05:00+00:00:2-11,LTC,11,0.003085033371338436,58.01,8.948139293567134e-05,johansen
2026-05-17 23:15:00+00:00,entry,johansen:2026-05-17T23:15:00+00:00:2-11,BNB,2,-0.0001460546309236624,652.89,4.767880399187497e-05,johansen
2026-05-17 23:15:00+00:00,entry,johansen:2026-05-17T23:15:00+00:00:2-11,LTC,11,0.0033299664142120693,55.17,9.185712353603993e-05,johansen
2026-05-29 15:00:00+00:00,entry,johansen:2026-05-29T15:00:00+00:00:3-10,SOL,3,-0.0015846406136886617,81.3,6.44156409464441e-05,johansen
2026-05-29 15:00:00+00:00,entry,johansen:2026-05-29T15:00:00+00:00:3-10,AVAX,10,0.01692224784422485,8.709,7.368792823767711e-05,johansen
2026-05-31 23:15:00+00:00,exit,johansen:2026-05-17T23:15:00+00:00:2-11,BNB,2,0.0001460546309236624,710.58,5.1891749820868015e-05,johansen
2026-05-31 23:15:00+00:00,exit,johansen:2026-05-17T23:15:00+00:00:2-11,LTC,11,-0.0033299664142120693,52.16,8.684552408265077e-05,johansen
2026-06-01 00:00:00+00:00,exit,johansen:2026-05-29T15:00:00+00:00:3-10,SOL,3,0.0015846406136886617,82.4,6.528719328397287e-05,johansen
2026-06-01 00:00:00+00:00,exit,johansen:2026-05-29T15:00:00+00:00:3-10,AVAX,10,-0.01692224784422485,8.981,7.59893539444917e-05,johansen
