model,model_end_time,fit_start,fit_end,cal_start,cal_end,a,b,symbol_a,symbol_b,fit_ok,beta,alpha,beta_half_1,beta_half_2,beta_relative_gap,adf_pvalue,rho,half_life_hours,cal_mean,cal_scale,recovery_slope_1,recovery_slope_2,beta_pass,recovery_pass,adf_bh_qvalue,adf_bh_pass,ar_pass,eligible,selected,error
ols_log,2024-09-01 00:00:00+00:00,2024-06-05 00:00:00+00:00,2024-08-04 00:00:00+00:00,2024-08-04 00:00:00+00:00,2024-09-01 00:00:00+00:00,1,17,ETH,UNI,True,0.35434838451262146,7.355789370139439,0.40026667173661895,0.34872543901700387,0.1454535563651744,0.0018741317200247395,0.9656591687900868,19.835752865531468,-0.13751492016512662,0.027439705026231807,-0.03988072180875653,-0.019189916135271393,True,True,0.0400177642584929,True,True,True,True,
ols_log,2024-09-01 00:00:00+00:00,2024-06-05 00:00:00+00:00,2024-08-04 00:00:00+00:00,2024-08-04 00:00:00+00:00,2024-09-01 00:00:00+00:00,5,12,DOGE,BCH,True,0.8882150916597668,-7.380364200525552,0.9582463992242859,0.7357262760719858,0.2505250420103614,0.0002918368046748774,0.9400047406021381,11.203218706717799,-0.06444499088672087,0.016279135174762812,-0.10613196982697082,-0.04332990963971814,True,True,0.027724496444113355,True,True,True,True,
ols_log,2024-09-01 00:00:00+00:00,2024-06-05 00:00:00+00:00,2024-08-04 00:00:00+00:00,2024-08-04 00:00:00+00:00,2024-09-01 00:00:00+00:00,6,10,ADA,AVAX,True,0.5241917255178185,-2.650061547673397,0.5463785083708791,0.6979851580040579,0.28921984505462284,0.00015574695449359672,0.9407006103356814,11.338838515037818,-0.03637501531901292,0.01735295189279066,-0.08036898999411747,-0.04123848699050365,True,True,0.027724496444113355,True,True,True,True,
tls_log,2024-09-01 00:00:00+00:00,2024-06-05 00:00:00+00:00,2024-08-04 00:00:00+00:00,2024-08-04 00:00:00+00:00,2024-09-01 00:00:00+00:00,1,15,ETH,XLM,True,0.8794316113191538,10.1794213589742,0.7989061289805972,0.6730434912403864,0.1431181641872253,0.0035601721486306303,0.9777199066397351,30.762729769177998,-0.25612222161986414,0.040089915902488914,-0.021317048734647737,-0.03729172855473999,True,True,0.06149388256725634,True,True,True,True,
tls_log,2024-09-01 00:00:00+00:00,2024-06-05 00:00:00+00:00,2024-08-04 00:00:00+00:00,2024-08-04 00:00:00+00:00,2024-09-01 00:00:00+00:00,5,12,DOGE,BCH,True,0.9963903270316676,-8.026535656839414,0.9802773179014419,1.034224416181675,0.054142535125713306,0.00034967204270314027,0.9375900761555453,10.756065908385812,-0.04822665966732434,0.016334938065095908,-0.10385456339602255,-0.04185175443972108,True,True,0.027214892988805816,True,True,True,True,
tls_log,2024-09-01 00:00:00+00:00,2024-06-05 00:00:00+00:00,2024-08-04 00:00:00+00:00,2024-08-04 00:00:00+00:00,2024-09-01 00:00:00+00:00,8,10,LINK,AVAX,True,0.8362324250040305,-0.1508462593036759,0.7050956399641599,0.7180444140175236,0.015484659128472909,0.0026187097127109947,0.9719292022964567,24.344602718908174,-0.07703658265741568,0.02669953102095604,-0.03825962218529111,-0.03555886118174563,True,True,0.049755484541508896,True,True,True,True,
huber_log,2024-09-01 00:00:00+00:00,2024-06-05 00:00:00+00:00,2024-08-04 00:00:00+00:00,2024-08-04 00:00:00+00:00,2024-09-01 00:00:00+00:00,1,17,ETH,UNI,True,0.34657157542640704,7.373870922438989,0.3932515913830507,0.34764442462344897,0.13159523167325138,0.0018748616420153593,0.9656173329941099,19.811190658875866,-0.14139084271723787,0.02763674702724145,-0.03989375437978997,-0.019222861484131805,True,True,0.04017289083248869,True,True,True,True,
huber_log,2024-09-01 00:00:00+00:00,2024-06-05 00:00:00+00:00,2024-08-04 00:00:00+00:00,2024-08-04 00:00:00+00:00,2024-09-01 00:00:00+00:00,5,12,DOGE,BCH,True,0.900569488837565,-7.454736373324293,0.935701862513926,0.7281750258958841,0.23043955984552933,0.00028438869293147473,0.9394204265150975,11.091745987142161,-0.062018038119679285,0.016216054217065113,-0.10664201934547521,-0.043540063215589564,True,True,0.0270169258284901,True,True,True,True,
huber_log,2024-09-01 00:00:00+00:00,2024-06-05 00:00:00+00:00,2024-08-04 00:00:00+00:00,2024-08-04 00:00:00+00:00,2024-09-01 00:00:00+00:00,6,10,ADA,AVAX,True,0.5219860232756998,-2.6447643643295495,0.5481110251934652,0.6865754486573364,0.2652646187630542,0.00016030493068430816,0.9408293602691182,11.36428049596616,-0.03481356307050166,0.017398853480229824,-0.08014057608553873,-0.04110337947203161,True,True,0.0270169258284901,True,True,True,True,
minvar_return,2024-09-01 00:00:00+00:00,2024-06-05 00:00:00+00:00,2024-08-04 00:00:00+00:00,2024-08-04 00:00:00+00:00,2024-09-01 00:00:00+00:00,1,9,ETH,SUI,True,0.37521431518505877,8.19235008857572,0.3209972558142776,0.4368647203674249,0.3088034221082437,0.000298206166628769,0.975781154224421,28.272167769414796,-0.25523060426984145,0.05176342818981258,-0.02367407155987688,-0.05599202094245968,True,True,0.028329585829733057,True,True,True,True,
minvar_return,2024-09-01 00:00:00+00:00,2024-06-05 00:00:00+00:00,2024-08-04 00:00:00+00:00,2024-08-04 00:00:00+00:00,2024-09-01 00:00:00+00:00,5,12,DOGE,BCH,True,0.7784991101005856,-6.724989286468144,0.7846276294490749,0.774147954987624,0.013461382711274913,0.0005542228887917722,0.9473479912677644,12.814988619390917,-0.08089432074367876,0.01757147001570043,-0.09417239480206292,-0.038470858798642205,True,True,0.028376135506554608,True,True,True,True,
minvar_return,2024-09-01 00:00:00+00:00,2024-06-05 00:00:00+00:00,2024-08-04 00:00:00+00:00,2024-08-04 00:00:00+00:00,2024-09-01 00:00:00+00:00,8,10,LINK,AVAX,True,0.6950693746172564,0.31979578685795074,0.6636101918033612,0.7188406948691037,0.07946041802828024,0.0001774485414997384,0.9606844229873976,17.281454513572733,-0.10873183753381169,0.023269120365218197,-0.0391779230724793,-0.04131626516366315,True,True,0.028329585829733057,True,True,True,True,
johansen,2024-09-01 00:00:00+00:00,2024-06-05 00:00:00+00:00,2024-08-04 00:00:00+00:00,2024-08-04 00:00:00+00:00,2024-09-01 00:00:00+00:00,8,10,LINK,AVAX,True,0.7403778974748685,0.1687357477907778,0.6780515606874176,0.6386518896163824,0.053215623001998835,0.0002888358005226114,0.962930816288219,18.349988675566586,-0.09855874212314732,0.023602348422732723,-0.038852151809327086,-0.04179390880207241,True,True,0.04346266262000378,True,True,True,True,
ols_log,2025-01-01 00:00:00+00:00,2024-10-05 00:00:00+00:00,2024-12-04 00:00:00+00:00,2024-12-04 00:00:00+00:00,2025-01-01 00:00:00+00:00,1,2,ETH,BNB,True,2.635574264244802,-8.924915519226946,1.3602493601047672,2.1433695038852223,0.29713453891417874,0.004384315124457453,0.9667548974680589,20.501076219952264,-0.16042373864791454,0.06704669091744986,-0.048956996686968596,-0.01844549211422653,True,True,0.047909337514369404,True,True,True,True,
ols_log,2025-01-01 00:00:00+00:00,2024-10-05 00:00:00+00:00,2024-12-04 00:00:00+00:00,2024-12-04 00:00:00+00:00,2025-01-01 00:00:00+00:00,7,17,TRX,UNI,True,0.5192446673223113,-2.8657969868749436,0.23809072361661507,0.44152995283338387,0.3917983987507911,1.4483520824592003e-05,0.9760004728795741,28.533724839171906,0.1698475581907695,0.07500622070984031,-0.025313377989740638,-0.023287807505372096,True,True,0.0004586448261120801,True,True,True,True,
ols_log,2025-01-01 00:00:00+00:00,2024-10-05 00:00:00+00:00,2024-12-04 00:00:00+00:00,2024-12-04 00:00:00+00:00,2025-01-01 00:00:00+00:00,11,13,LTC,DOT,True,0.5566057126761487,3.4496764598099072,0.4269150631685319,0.5176453012051361,0.1630063004570598,0.0037968625065279834,0.9605981914022355,17.242864993971185,0.10740444000229031,0.031023206125999816,-0.04855658030285397,-0.04392596219852615,True,True,0.045087742265019805,True,True,True,True,
tls_log,2025-01-01 00:00:00+00:00,2024-10-05 00:00:00+00:00,2024-12-04 00:00:00+00:00,2024-12-04 00:00:00+00:00,2025-01-01 00:00:00+00:00,1,2,ETH,BNB,True,2.9564863282495764,-10.980059148545088,1.6638571254815742,2.4982931423528414,0.2822390920256023,0.0031486117371224615,0.9648213465971816,19.354988137383653,-0.2101971647406581,0.07516748664155418,-0.04885981450192471,-0.020312768604661736,True,True,0.035190366473721625,True,True,True,True,
tls_log,2025-01-01 00:00:00+00:00,2024-10-05 00:00:00+00:00,2024-12-04 00:00:00+00:00,2024-12-04 00:00:00+00:00,2025-01-01 00:00:00+00:00,7,17,TRX,UNI,True,0.5712281200684732,-2.9780518742737874,0.2987086839945138,0.5296030659610362,0.4042069601525308,1.0932834230189263e-05,0.9752060428415332,27.608271217224512,0.14079660919295664,0.07394685807146971,-0.025291673512725064,-0.0225258073841826,True,True,0.000422086968756972,True,True,True,True,
huber_log,2025-01-01 00:00:00+00:00,2024-10-05 00:00:00+00:00,2024-12-04 00:00:00+00:00,2024-12-04 00:00:00+00:00,2025-01-01 00:00:00+00:00,1,7,ETH,TRX,True,1.1117538869561523,9.890086862153767,0.14810200417446395,0.6351866264692422,0.4381227068414908,4.31173834245299e-06,0.9726119803336849,24.960230534086705,-0.2602025120725494,0.07663689839312902,-0.028840166460241755,-0.01703602241780177,True,True,0.00027307676168868936,True,True,True,True,
huber_log,2025-01-01 00:00:00+00:00,2024-10-05 00:00:00+00:00,2024-12-04 00:00:00+00:00,2024-12-04 00:00:00+00:00,2025-01-01 00:00:00+00:00,3,17,SOL,UNI,True,0.8347341055907416,3.4272408647594883,0.6683851944388045,0.3681893779854754,0.359630467286203,0.004890132675854766,0.9752292589821869,27.63447436300353,-0.3518744165147788,0.04422492361278504,-0.025479368849486064,-0.02308270135255325,True,True,0.05161806713402253,True,True,True,True,
huber_log,2025-01-01 00:00:00+00:00,2024-10-05 00:00:00+00:00,2024-12-04 00:00:00+00:00,2024-12-04 00:00:00+00:00,2025-01-01 00:00:00+00:00,11,13,LTC,DOT,True,0.5314137801750539,3.486201795555156,0.4269126024696937,0.4892223876040345,0.11725285918218992,0.006963997471591907,0.9645147684134141,19.184738309914273,0.12392294319449414,0.033338922464626684,-0.046812596762581565,-0.044386020052657446,True,True,0.05752867476532444,True,True,True,True,
minvar_return,2025-01-01 00:00:00+00:00,2024-10-05 00:00:00+00:00,2024-12-04 00:00:00+00:00,2024-12-04 00:00:00+00:00,2025-01-01 00:00:00+00:00,4,17,XRP,UNI,True,0.4258286706839126,-1.2248340756053029,0.26405766977526324,0.4754902992467219,0.4965204177818326,0.003092266501779366,0.9577503468409194,16.056918106333857,0.9070791714079478,0.03965726232985614,-0.0464175104199766,-0.035569101896161706,True,True,0.053349851992396884,True,True,True,True,
minvar_return,2025-01-01 00:00:00+00:00,2024-10-05 00:00:00+00:00,2024-12-04 00:00:00+00:00,2024-12-04 00:00:00+00:00,2025-01-01 00:00:00+00:00,7,13,TRX,DOT,True,0.2511804185250705,-2.151225336141625,0.14970325021906625,0.2632968390512214,0.45223903001346943,0.00028035892666790417,0.9765477097379239,29.207684216998512,0.33784830698919127,0.07029839897282543,-0.03608157479559854,-0.03477524871756861,True,True,0.0260642257860094,True,True,True,True,
minvar_return,2025-01-01 00:00:00+00:00,2024-10-05 00:00:00+00:00,2024-12-04 00:00:00+00:00,2024-12-04 00:00:00+00:00,2025-01-01 00:00:00+00:00,11,16,LTC,FIL,True,0.6232918052375603,3.4648959500603334,0.4995371524391443,0.651500848126057,0.2438082683102075,0.0024255465208180157,0.9544289616086219,14.860988804734875,0.1449036189050308,0.02707120605141949,-0.052014440434473064,-0.042567088234511205,True,True,0.05124265458838064,True,True,True,True,
johansen,2025-01-01 00:00:00+00:00,2024-10-05 00:00:00+00:00,2024-12-04 00:00:00+00:00,2024-12-04 00:00:00+00:00,2025-01-01 00:00:00+00:00,1,3,ETH,SOL,True,0.9090869761275266,3.1964127211897284,-0.1061887295036481,-0.39287713973897026,0.3153586155821305,0.002388037355501211,0.9754879723040885,27.929832231058224,0.14689493367440432,0.029548158743236283,-0.021003722935648554,-0.06668616298060687,True,True,0.043026390773986324,True,True,True,True,
johansen,2025-01-01 00:00:00+00:00,2024-10-05 00:00:00+00:00,2024-12-04 00:00:00+00:00,2024-12-04 00:00:00+00:00,2025-01-01 00:00:00+00:00,11,13,LTC,DOT,True,0.5275705973769015,3.4966892081884895,0.6687184572208128,0.604943131563059,0.120884912796215,0.0076269390880459535,0.9650993012312092,19.51192757381334,0.1215276913885812,0.03371995159245487,-0.046534362320028846,-0.04444881870919847,True,True,0.06900563936803482,True,True,True,True,
ols_log,2025-02-01 00:00:00+00:00,2024-11-05 00:00:00+00:00,2025-01-04 00:00:00+00:00,2025-01-04 00:00:00+00:00,2025-02-01 00:00:00+00:00,2,10,BNB,AVAX,True,0.2777594389601669,5.480157999260651,0.2168620106844469,0.14689916651507914,0.2518828682520526,0.0003035512365214499,0.9452598167374973,12.312667704113442,0.056567751194367286,0.009244281492341331,-0.06123892884753398,-0.054379286343561414,True,True,0.019224911646358492,True,True,True,True,
tls_log,2025-02-01 00:00:00+00:00,2024-11-05 00:00:00+00:00,2025-01-04 00:00:00+00:00,2025-01-04 00:00:00+00:00,2025-02-01 00:00:00+00:00,2,16,BNB,FIL,True,0.2551311455216574,6.075621118043133,0.1933527303736704,0.13993679653723354,0.20936657391326818,1.8156603830040792e-05,0.9321705979825679,9.868347754734636,0.04690587395034605,0.008199029362503801,-0.08439691589253234,-0.06453860368282106,True,True,0.0034497547277077506,True,True,True,True,
huber_log,2025-02-01 00:00:00+00:00,2024-11-05 00:00:00+00:00,2025-01-04 00:00:00+00:00,2025-01-04 00:00:00+00:00,2025-02-01 00:00:00+00:00,2,16,BNB,FIL,True,0.2590568934884552,6.070380296987619,0.16968387613657193,0.1297321485737011,0.15421989750931397,1.5311207049992636e-05,0.9312921150486099,9.737635843962352,0.045698976561852005,0.008103186561919572,-0.08519582988886272,-0.06408488565180115,True,True,0.002909129339498601,True,True,True,True,
ols_log,2025-04-01 00:00:00+00:00,2025-01-03 00:00:00+00:00,2025-03-04 00:00:00+00:00,2025-03-04 00:00:00+00:00,2025-04-01 00:00:00+00:00,0,8,BTC,LINK,True,0.3085172588541597,10.55723809853931,0.4122596911122796,0.4463110920271246,0.11037113787835626,0.0010169973068828728,0.9399466961144504,11.192048241150632,-0.03352873823591335,0.011477719416739708,-0.06980132284142689,-0.040164876828535125,True,True,0.09661474415387292,True,True,True,True,
ols_log,2025-04-01 00:00:00+00:00,2025-01-03 00:00:00+00:00,2025-03-04 00:00:00+00:00,2025-03-04 00:00:00+00:00,2025-04-01 00:00:00+00:00,1,19,ETH,AAVE,True,0.7592024404105722,3.7244005492097374,0.36796109974528374,0.6583942356864655,0.382550319232532,0.0007636719657456044,0.9651757447680418,19.555528512978356,-0.07578792367147999,0.023518311514848653,-0.039361153621173574,-0.021307589050428715,True,True,0.09661474415387292,True,True,True,True,
tls_log,2025-04-01 00:00:00+00:00,2025-01-03 00:00:00+00:00,2025-03-04 00:00:00+00:00,2025-03-04 00:00:00+00:00,2025-04-01 00:00:00+00:00,0,8,BTC,LINK,True,0.3147203154782181,10.538575274900868,0.42164304339217235,0.46033173073614153,0.12293037799349449,0.0008108184976160231,0.9383673025595946,10.896171844800568,-0.03139658339555798,0.011266507391461546,-0.07119994032489285,-0.04189833314335628,True,True,0.0770277572735222,True,True,True,True,
tls_log,2025-04-01 00:00:00+00:00,2025-01-03 00:00:00+00:00,2025-03-04 00:00:00+00:00,2025-03-04 00:00:00+00:00,2025-04-01 00:00:00+00:00,1,19,ETH,AAVE,True,0.7857480654830424,3.5753142421037385,0.4417948121046229,0.6795598590313575,0.30259705034153334,0.0007507543997155812,0.9649974239652085,19.454116049534104,-0.06469578621632503,0.024059897534609603,-0.03905159982675124,-0.023059567512053108,True,True,0.0770277572735222,True,True,True,True,
minvar_return,2025-04-01 00:00:00+00:00,2025-01-03 00:00:00+00:00,2025-03-04 00:00:00+00:00,2025-03-04 00:00:00+00:00,2025-04-01 00:00:00+00:00,0,18,BTC,NEAR,True,0.3520173780720972,10.98925449590324,0.39897685228088586,0.32386296201230386,0.21338119918954063,0.0001280995531293751,0.9412781003279508,11.453826770488387,0.003569563583557651,0.011973055327514987,-0.059024497115089364,-0.07767803526558177,True,True,0.01389873341366346,True,True,True,True,
minvar_return,2025-04-01 00:00:00+00:00,2025-01-03 00:00:00+00:00,2025-03-04 00:00:00+00:00,2025-03-04 00:00:00+00:00,2025-04-01 00:00:00+00:00,11,12,LTC,BCH,True,0.9181610097171655,-0.6926388083409806,1.025095024205203,0.8657908049648316,0.17350357677401723,0.000171517156236048,0.9754582994895614,27.89564037866451,-0.11781957978227002,0.044613140844532474,-0.027091749497675448,-0.021262446917474937,True,True,0.01389873341366346,True,True,True,True,
ols_log,2025-06-01 00:00:00+00:00,2025-03-05 00:00:00+00:00,2025-05-04 00:00:00+00:00,2025-05-04 00:00:00+00:00,2025-06-01 00:00:00+00:00,6,15,ADA,XLM,True,1.0949631843534358,1.0857288676538612,1.296542110904694,0.84190949173745,0.41520356635159356,5.3843979666598474e-05,0.9227087021879571,8.616765172482785,-0.0075605275985003335,0.010533307391475696,-0.13219553083132926,-0.054894282877153845,True,True,0.01023035613665371,True,True,True,True,
huber_log,2025-06-01 00:00:00+00:00,2025-03-05 00:00:00+00:00,2025-05-04 00:00:00+00:00,2025-05-04 00:00:00+00:00,2025-06-01 00:00:00+00:00,6,8,ADA,LINK,True,0.9173415188141771,-2.7815076514209327,0.9144687303422939,0.7461873310579792,0.18344465592470688,0.0010698589802644984,0.94680700619876,12.681067719850157,-0.02358350722710137,0.01236518519960493,-0.08754156487207883,-0.03260977155678444,True,True,0.0999398377290323,True,True,True,True,
huber_log,2025-06-01 00:00:00+00:00,2025-03-05 00:00:00+00:00,2025-05-04 00:00:00+00:00,2025-05-04 00:00:00+00:00,2025-06-01 00:00:00+00:00,15,16,XLM,FIL,True,0.8449092990937658,-2.1883474145704915,0.8282985719082938,1.0759365861939596,0.2930941990474928,0.0015411083922487296,0.9511478395106775,13.839203393251534,0.05237702745752863,0.012779764623460185,-0.04868795242125815,-0.06128023477835918,True,True,0.0999398377290323,True,True,True,True,
ols_log,2025-07-01 00:00:00+00:00,2025-04-04 00:00:00+00:00,2025-06-03 00:00:00+00:00,2025-06-03 00:00:00+00:00,2025-07-01 00:00:00+00:00,3,4,SOL,XRP,True,1.8435442655650989,3.5392539452240226,1.7765100331831638,1.0767940811142032,0.3795493089798295,0.00030019082582939845,0.9548431201933076,15.000515490347988,0.02793322189619058,0.02580933901072754,-0.03562007896665588,-0.0571147787214049,True,True,0.05703625690758571,True,True,True,True,
huber_log,2025-07-01 00:00:00+00:00,2025-04-04 00:00:00+00:00,2025-06-03 00:00:00+00:00,2025-06-03 00:00:00+00:00,2025-07-01 00:00:00+00:00,3,4,SOL,XRP,True,1.8378308621696795,3.546728978470272,1.7845851631007512,1.0705342355154064,0.3885291852931238,0.00029330200579825365,0.9547587753834827,14.971893293245698,0.024903098003158857,0.02570764555595852,-0.03568872499192979,-0.05727321776840705,True,True,0.055727381101668194,True,True,True,True,
ols_log,2025-11-01 00:00:00+00:00,2025-08-05 00:00:00+00:00,2025-10-04 00:00:00+00:00,2025-10-04 00:00:00+00:00,2025-11-01 00:00:00+00:00,0,11,BTC,LTC,True,0.4284482038109137,9.613290824405533,0.6061411490524719,0.41116217617036277,0.4550817838605266,0.0007216992063018874,0.9498049812229972,13.459534867136973,0.04980684176040974,0.01498321954958721,-0.053199137723950664,-0.05223238014792488,True,True,0.09635114906571406,True,True,True,True,
tls_log,2025-11-01 00:00:00+00:00,2025-08-05 00:00:00+00:00,2025-10-04 00:00:00+00:00,2025-10-04 00:00:00+00:00,2025-11-01 00:00:00+00:00,0,11,BTC,LTC,True,0.4754225103796617,9.390561054096315,0.6383322178842594,0.4714603367521416,0.35099701315963705,0.00022233113273911615,0.9446513522729308,12.173427893408418,0.0557772163094535,0.015331801708520935,-0.05349182579554372,-0.06254798730553225,True,True,0.021121457610216034,True,True,True,True,
minvar_return,2025-11-01 00:00:00+00:00,2025-08-05 00:00:00+00:00,2025-10-04 00:00:00+00:00,2025-10-04 00:00:00+00:00,2025-11-01 00:00:00+00:00,0,13,BTC,DOT,True,0.3142424400611429,11.209012101231218,0.3451982372321689,0.2743295885160384,0.22552220731974154,0.0005927063448651579,0.9535156475951669,14.562085841398453,0.055348615771570096,0.013368112458520355,-0.0854319206766586,-0.02147974623241993,True,True,0.06567371696099261,True,True,True,True,
minvar_return,2025-11-01 00:00:00+00:00,2025-08-05 00:00:00+00:00,2025-10-04 00:00:00+00:00,2025-10-04 00:00:00+00:00,2025-11-01 00:00:00+00:00,1,17,ETH,UNI,True,0.6404261493522736,6.928420721677918,0.6692768004719881,0.5878885939455003,0.12708445245217387,0.0009032394821730672,0.9333367387144503,10.04718058436764,0.16820989379485077,0.02112964913160827,-0.11415482828282848,-0.034891752570360555,True,True,0.06567371696099261,True,True,True,True,
johansen,2025-12-01 00:00:00+00:00,2025-09-04 00:00:00+00:00,2025-11-03 00:00:00+00:00,2025-11-03 00:00:00+00:00,2025-12-01 00:00:00+00:00,0,1,BTC,ETH,True,0.8988504391384073,4.141835370026334,1.039033878603978,0.8373403010476562,0.22439058688078847,0.0001358322036809509,0.9457023992590756,12.415907365811513,0.07870829775063506,0.012145335693212403,-0.057718559830544754,-0.061480911259977705,True,True,0.01778707154098799,True,True,True,True,
johansen,2025-12-01 00:00:00+00:00,2025-09-04 00:00:00+00:00,2025-11-03 00:00:00+00:00,2025-11-03 00:00:00+00:00,2025-12-01 00:00:00+00:00,15,19,XLM,AAVE,True,0.8190307331847749,-5.604985144772352,0.9919676411194999,0.9807520894409083,0.013693688434596644,0.0018529797599206015,0.9503883587619872,13.62194973607674,-0.016418147022086334,0.01889405833789415,-0.048287706930582014,-0.052305207189717755,True,True,0.08801653859622857,True,True,True,True,
ols_log,2026-01-01 00:00:00+00:00,2025-10-05 00:00:00+00:00,2025-12-04 00:00:00+00:00,2025-12-04 00:00:00+00:00,2026-01-01 00:00:00+00:00,3,9,SOL,SUI,True,0.6344387048290581,4.640443389135471,0.5193518134737121,0.5151127990740761,0.006681519219067936,2.4225547930019088e-05,0.9372368189005622,10.693532929095806,-0.04114823930643,0.012261342050514884,-0.05866134087317553,-0.11696122230491748,True,True,0.004602854106703627,True,True,True,True,
ols_log,2026-01-01 00:00:00+00:00,2025-10-05 00:00:00+00:00,2025-12-04 00:00:00+00:00,2025-12-04 00:00:00+00:00,2026-01-01 00:00:00+00:00,4,6,XRP,ADA,True,0.42669491096657997,1.1061564333118556,0.5847914754562278,0.3874765622300734,0.4624262163783076,0.0014052771329232973,0.9689227534077025,21.95561163346139,-0.03573442844126293,0.015740704751623202,-0.03204961903687486,-0.032621073082378,True,True,0.06878211282195487,True,True,True,True,
ols_log,2026-01-01 00:00:00+00:00,2025-10-05 00:00:00+00:00,2025-12-04 00:00:00+00:00,2025-12-04 00:00:00+00:00,2026-01-01 00:00:00+00:00,10,11,AVAX,LTC,True,1.728347508633614,-4.9774827388014335,1.4644695667807452,0.8949985767200577,0.3294887094267844,0.00024027698945669124,0.9408168889098194,11.361811218685979,-0.03173896675020094,0.017815856838354766,-0.046695786540232,-0.11777063874931025,True,True,0.022826313998385667,True,True,True,True,
tls_log,2026-01-01 00:00:00+00:00,2025-10-05 00:00:00+00:00,2025-12-04 00:00:00+00:00,2025-12-04 00:00:00+00:00,2026-01-01 00:00:00+00:00,3,9,SOL,SUI,True,0.6405922535939417,4.635760905348841,0.5316748716102961,0.524667803140447,0.010938422109441783,2.1055158896599062e-05,0.9359001843959215,10.46315980979492,-0.0389697132125577,0.012085612411968412,-0.05926838511142899,-0.11662988280120573,True,True,0.004000480190353822,True,True,True,True,
huber_log,2026-01-01 00:00:00+00:00,2025-10-05 00:00:00+00:00,2025-12-04 00:00:00+00:00,2025-12-04 00:00:00+00:00,2026-01-01 00:00:00+00:00,3,9,SOL,SUI,True,0.6330445325679965,4.642066200843069,0.5182262470121837,0.5159792223827883,0.0035495522254653604,2.503407877309313e-05,0.9375408786337668,10.747314668725336,-0.042203744490346126,0.012302276266504082,-0.05852373717203256,-0.11703040546372152,True,True,0.004756474966887694,True,True,True,True,
huber_log,2026-01-01 00:00:00+00:00,2025-10-05 00:00:00+00:00,2025-12-04 00:00:00+00:00,2025-12-04 00:00:00+00:00,2026-01-01 00:00:00+00:00,4,6,XRP,ADA,True,0.4267765272063993,1.1065043745465493,0.5845521329953706,0.37632625018216936,0.48790378462519846,0.0014043074877009433,0.968917072809396,21.95153509847592,-0.0360052025384432,0.015737237810088487,-0.03205245683001277,-0.032614188767488464,True,True,0.06670460566579481,True,True,True,True,
huber_log,2026-01-01 00:00:00+00:00,2025-10-05 00:00:00+00:00,2025-12-04 00:00:00+00:00,2025-12-04 00:00:00+00:00,2026-01-01 00:00:00+00:00,10,11,AVAX,LTC,True,1.7739117977819858,-5.18041913955706,1.4720706003987678,0.910159103581872,0.31676405643137556,0.0002409910881366684,0.9407270385354572,11.344051918901256,-0.028117761231540743,0.018369823530364968,-0.04955501155596469,-0.11901716079309171,True,True,0.0228941533729835,True,True,True,True,
minvar_return,2026-01-01 00:00:00+00:00,2025-10-05 00:00:00+00:00,2025-12-04 00:00:00+00:00,2025-12-04 00:00:00+00:00,2026-01-01 00:00:00+00:00,0,10,BTC,AVAX,True,0.36149498088244053,10.497346321367377,0.2921179216175474,0.4711910037750088,0.4953681008802072,0.0024197817209862037,0.9490930698060533,13.26637750439624,-0.02378624143767106,0.008673650827377082,-0.07581192484684439,-0.041730158889138814,True,True,0.057469815873422335,True,True,True,True,
minvar_return,2026-01-01 00:00:00+00:00,2025-10-05 00:00:00+00:00,2025-12-04 00:00:00+00:00,2025-12-04 00:00:00+00:00,2026-01-01 00:00:00+00:00,3,8,SOL,LINK,True,0.7083009525236357,3.15774020226452,0.6307603527311046,0.8167182910192923,0.26254085586872383,4.963043556490266e-06,0.9269769543701304,9.141217154677342,-0.11775159894027737,0.010067289847006769,-0.06492091341533147,-0.09671134452656886,True,True,0.0009429782757331505,True,True,True,True,
minvar_return,2026-01-01 00:00:00+00:00,2025-10-05 00:00:00+00:00,2025-12-04 00:00:00+00:00,2025-12-04 00:00:00+00:00,2026-01-01 00:00:00+00:00,11,18,LTC,NEAR,True,0.6147781236852782,4.055366889202761,0.7768929244776943,0.48580574485338784,0.47348330789551973,0.0005818987899339727,0.9446761461805344,12.179041840011946,0.03227488715056094,0.010969686896799377,-0.03965903864630029,-0.13550204399048144,True,True,0.01922178507722633,True,True,True,True,
johansen,2026-01-01 00:00:00+00:00,2025-10-05 00:00:00+00:00,2025-12-04 00:00:00+00:00,2025-12-04 00:00:00+00:00,2026-01-01 00:00:00+00:00,3,9,SOL,SUI,True,0.6561175545987143,4.623947076773638,0.5400572594920434,0.47596314961868225,0.09768693037417896,1.541261801884714e-05,0.9326138734086347,9.93559708622701,-0.03347332817581043,0.011680047592378643,-0.06079149569730957,-0.11560959886608445,True,True,0.0029283974235809565,True,True,True,True,
johansen,2026-01-01 00:00:00+00:00,2025-10-05 00:00:00+00:00,2025-12-04 00:00:00+00:00,2025-12-04 00:00:00+00:00,2026-01-01 00:00:00+00:00,11,18,LTC,NEAR,True,0.5880769557648696,4.077068989191173,0.6114893576483371,0.5267135714192304,0.14415764025108746,0.00016662432260495418,0.93554099542887,10.40288056293173,0.023026154779851954,0.010020582215034162,-0.04479834038580558,-0.13604910332429296,True,True,0.015829310647470646,True,True,True,True,
ols_log,2026-02-01 00:00:00+00:00,2025-11-05 00:00:00+00:00,2026-01-04 00:00:00+00:00,2026-01-04 00:00:00+00:00,2026-02-01 00:00:00+00:00,16,18,FIL,NEAR,True,1.1147426021634845,-0.2218906490724344,1.1763273212830547,1.015857278904567,0.1439525519766165,0.0002863538652534513,0.9263478111018391,9.060095022891119,0.031619010670772184,0.016782668304572236,-0.1181070001676053,-0.0589680473369051,True,True,0.02720361719907787,True,True,True,True,
huber_log,2026-02-01 00:00:00+00:00,2025-11-05 00:00:00+00:00,2026-01-04 00:00:00+00:00,2026-01-04 00:00:00+00:00,2026-02-01 00:00:00+00:00,16,18,FIL,NEAR,True,1.0779355949603886,-0.20053872495266223,1.1052437324870739,1.014093880304151,0.08455964587223075,1.631414880021013e-05,0.9081042088846518,7.190611411996919,0.027688337778024923,0.014954397527917359,-0.12190954360757618,-0.06943707717281637,True,True,0.0015498441360199623,True,True,True,True,
johansen,2026-02-01 00:00:00+00:00,2025-11-05 00:00:00+00:00,2026-01-04 00:00:00+00:00,2026-01-04 00:00:00+00:00,2026-02-01 00:00:00+00:00,16,18,FIL,NEAR,True,1.112949438282959,-0.22079616430260998,1.1307853707402709,1.2024451025058849,0.0643872302736138,0.00025032559043151306,0.9254717313994845,8.949413066057312,0.03137325446726366,0.016680505695119956,-0.1182963732691623,-0.05951346079025696,True,True,0.023780931090993742,True,True,True,True,
ols_log,2026-03-01 00:00:00+00:00,2025-12-03 00:00:00+00:00,2026-02-01 00:00:00+00:00,2026-02-01 00:00:00+00:00,2026-03-01 00:00:00+00:00,8,10,LINK,AVAX,True,0.8265887152548747,0.4411729279698313,0.8987903341122988,0.8135623508319876,0.1031080895582171,0.0001440889360535363,0.9519674930811495,14.081376544155475,-0.09206511150832496,0.012500069932250439,-0.047035678987920077,-0.05504264597322535,True,True,0.01368844892508595,True,True,True,True,
ols_log,2026-03-01 00:00:00+00:00,2025-12-03 00:00:00+00:00,2026-02-01 00:00:00+00:00,2026-02-01 00:00:00+00:00,2026-03-01 00:00:00+00:00,16,18,FIL,NEAR,True,1.0233437893794133,-0.16151216023940185,1.0190119134436961,1.0150795966183581,0.003842615615738175,0.001844427675367491,0.9470338919765513,12.736900324782487,0.06570943308056783,0.017394691631919285,-0.03772712344274768,-0.07688470849666,True,True,0.07008825166396465,True,True,True,True,
tls_log,2026-03-01 00:00:00+00:00,2025-12-03 00:00:00+00:00,2026-02-01 00:00:00+00:00,2026-02-01 00:00:00+00:00,2026-03-01 00:00:00+00:00,4,5,XRP,DOGE,True,0.8185690628202995,2.3327494412721332,0.7807288192856122,0.8172689679417466,0.04463905407106264,0.00413827893270289,0.9729603505179214,25.286316644443914,-0.070213998369627,0.028564703749430823,-0.02009710869341575,-0.0876385641456777,True,True,0.0785115229950448,True,True,True,True,
tls_log,2026-03-01 00:00:00+00:00,2025-12-03 00:00:00+00:00,2026-02-01 00:00:00+00:00,2026-02-01 00:00:00+00:00,2026-03-01 00:00:00+00:00,8,10,LINK,AVAX,True,0.8815536625825882,0.3004889927998371,0.9641004979248243,0.835653302690505,0.1457054751017903,0.00016363642482225847,0.9510823960191985,13.820217375529955,-0.07294957895067025,0.011785230090261584,-0.05455524334117357,-0.05258626853314077,True,True,0.007772730179057277,True,True,True,True,
tls_log,2026-03-01 00:00:00+00:00,2025-12-03 00:00:00+00:00,2026-02-01 00:00:00+00:00,2026-02-01 00:00:00+00:00,2026-03-01 00:00:00+00:00,16,18,FIL,NEAR,True,1.0811022417549818,-0.18882676543362126,1.1159507280855114,1.0258239996746852,0.08336559201331518,0.005983314222301396,0.9549002118072742,15.019950131564652,0.08979984781222557,0.019499753731750512,-0.03236795968152572,-0.06847679103662041,True,True,0.08485110320011119,True,True,True,True,
huber_log,2026-03-01 00:00:00+00:00,2025-12-03 00:00:00+00:00,2026-02-01 00:00:00+00:00,2026-02-01 00:00:00+00:00,2026-03-01 00:00:00+00:00,8,10,LINK,AVAX,True,0.8220543238004765,0.4528633690179711,0.9036198155479285,0.8012751338864751,0.12449868420896938,0.00014682091214024355,0.95216767046446,14.14178128132347,-0.0937266386262172,0.01258530748823697,-0.0464479679741338,-0.055156345437653104,True,True,0.013947986653323138,True,True,True,True,
huber_log,2026-03-01 00:00:00+00:00,2025-12-03 00:00:00+00:00,2026-02-01 00:00:00+00:00,2026-02-01 00:00:00+00:00,2026-03-01 00:00:00+00:00,16,18,FIL,NEAR,True,1.0184790900302314,-0.15737025180781825,1.020764913392149,1.0204823399153269,0.00027744651764402735,0.0016612316141116875,0.9463657972584353,12.573846054033213,0.06183908173889506,0.017244154695727428,-0.03821992303493749,-0.07748291925865242,True,True,0.06312680133624413,True,True,True,True,
minvar_return,2026-03-01 00:00:00+00:00,2025-12-03 00:00:00+00:00,2026-02-01 00:00:00+00:00,2026-02-01 00:00:00+00:00,2026-03-01 00:00:00+00:00,1,9,ETH,SUI,True,0.5191341149458845,7.791910655640612,0.5811858170567052,0.46518250820872,0.2234553759967743,0.004629661909887093,0.9730350501272662,25.357334938388938,-0.1605269776702041,0.027762434325009286,-0.03651911320914406,-0.025503319369542702,True,True,0.08199585987086416,True,True,True,True,
minvar_return,2026-03-01 00:00:00+00:00,2025-12-03 00:00:00+00:00,2026-02-01 00:00:00+00:00,2026-02-01 00:00:00+00:00,2026-03-01 00:00:00+00:00,8,11,LINK,LTC,True,0.9388420785369969,-1.5180413317752046,1.0823622892863332,0.8237887852180331,0.275417463681684,4.409803302910524e-05,0.948988982779657,13.238588040206142,-0.06236287676455256,0.012840510012320758,-0.04435124280852418,-0.08097474096767138,True,True,0.004189313137764997,True,True,True,True,
minvar_return,2026-03-01 00:00:00+00:00,2025-12-03 00:00:00+00:00,2026-02-01 00:00:00+00:00,2026-02-01 00:00:00+00:00,2026-03-01 00:00:00+00:00,17,18,UNI,NEAR,True,0.7331011667764177,1.3456504734005477,0.7249786465162564,0.7411277610523521,0.022028493839542435,1.7945966112102743e-06,0.9206086288758001,8.379411025766466,-0.1172600564503542,0.024361372673354923,-0.12271313265841592,-0.04367723550992061,True,True,0.00034097335612995214,True,True,True,True,
johansen,2026-03-01 00:00:00+00:00,2025-12-03 00:00:00+00:00,2026-02-01 00:00:00+00:00,2026-02-01 00:00:00+00:00,2026-03-01 00:00:00+00:00,5,15,DOGE,XLM,True,1.1820295643037582,-0.24213891217737352,0.7682022418641266,1.2947048254031326,0.44542251686329676,0.004045664625339071,0.9642634924338894,19.047377049356147,0.0683477881255585,0.022400785523156448,-0.050829264756223416,-0.03655790921821941,True,True,0.07325099859095036,True,True,True,True,
johansen,2026-03-01 00:00:00+00:00,2025-12-03 00:00:00+00:00,2026-02-01 00:00:00+00:00,2026-02-01 00:00:00+00:00,2026-03-01 00:00:00+00:00,10,11,AVAX,LTC,True,1.1489525740520974,-2.4273135443443765,1.7269973220729458,1.3208541688060729,0.3534899198097423,1.0214921630872148e-05,0.9328753272890472,9.975678525371915,0.04037579821080106,0.011445751239280653,-0.074360464188737,-0.06605200946976252,True,True,0.0009704175549328541,True,True,True,True,
johansen,2026-03-01 00:00:00+00:00,2025-12-03 00:00:00+00:00,2026-02-01 00:00:00+00:00,2026-02-01 00:00:00+00:00,2026-03-01 00:00:00+00:00,16,18,FIL,NEAR,True,1.033281837062371,-0.16621197191538328,1.2074376241316138,1.0219260242301234,0.17953630195310652,0.0022817378684775558,0.9484090903342978,13.085818732035426,0.06985448337985023,0.01771633581379354,-0.03673418934356967,-0.07559658571420023,True,True,0.0723026413739371,True,True,True,True,
ols_log,2026-04-01 00:00:00+00:00,2026-01-03 00:00:00+00:00,2026-03-04 00:00:00+00:00,2026-03-04 00:00:00+00:00,2026-04-01 00:00:00+00:00,0,18,BTC,NEAR,True,0.628340730165747,11.104366185490713,0.393907440430669,0.2609936020657678,0.21153147008286485,0.0005147578192480258,0.9629670248925252,18.36827334897141,-0.1088889189488277,0.017497221785123987,-0.052680998512428405,-0.019566059197563292,True,True,0.019771506538763226,True,True,True,True,
ols_log,2026-04-01 00:00:00+00:00,2026-01-03 00:00:00+00:00,2026-03-04 00:00:00+00:00,2026-03-04 00:00:00+00:00,2026-04-01 00:00:00+00:00,5,8,DOGE,LINK,True,0.8623550950670709,-4.207823915356872,0.9960225923645839,1.00754546113559,0.013362092758447679,0.0002570427485198708,0.9475363180748487,12.862256854028088,-0.0565003847977381,0.013429690619333122,-0.06634967838154071,-0.030181225594772956,True,True,0.016279374072925148,True,True,True,True,
ols_log,2026-04-01 00:00:00+00:00,2026-01-03 00:00:00+00:00,2026-03-04 00:00:00+00:00,2026-03-04 00:00:00+00:00,2026-04-01 00:00:00+00:00,9,10,SUI,AVAX,True,1.463486535464592,-3.2726156393398664,1.3325117771349042,1.3626986047159089,0.02062665207331182,0.006002024582858412,0.9597735000816426,16.882163273460566,-0.06035284091528169,0.018620045645917977,-0.044300368250610005,-0.0381197641552589,True,True,0.08772189774946909,True,True,True,True,
tls_log,2026-04-01 00:00:00+00:00,2026-01-03 00:00:00+00:00,2026-03-04 00:00:00+00:00,2026-03-04 00:00:00+00:00,2026-04-01 00:00:00+00:00,4,18,XRP,NEAR,True,0.8127291515661339,0.30415138934108354,0.7205075954722476,0.33863832962626855,0.4698604265764489,0.00022980604898882972,0.9578605043917183,16.099811905356905,-0.17306333205950253,0.021546137688580606,-0.05748141787091885,-0.04430467433372661,True,True,0.01928058087992817,True,True,True,True,
tls_log,2026-04-01 00:00:00+00:00,2026-01-03 00:00:00+00:00,2026-03-04 00:00:00+00:00,2026-03-04 00:00:00+00:00,2026-04-01 00:00:00+00:00,5,8,DOGE,LINK,True,0.877598286729506,-4.243726889952381,1.0571430221016063,1.3618221362315115,0.34717377954933687,0.0003044302244199185,0.9481176464779901,13.010328694393724,-0.054123778102704,0.013501662387880418,-0.0676284501910246,-0.028884026771184033,True,True,0.01928058087992817,True,True,True,True,
huber_log,2026-04-01 00:00:00+00:00,2026-01-03 00:00:00+00:00,2026-03-04 00:00:00+00:00,2026-03-04 00:00:00+00:00,2026-04-01 00:00:00+00:00,0,18,BTC,NEAR,True,0.6260994302989122,11.109272328037285,0.39317722557626855,0.19827091001021063,0.31130249627124845,0.0004901901134773984,0.9627661025111842,18.267260063454973,-0.11323183977146374,0.017425085314941084,-0.052807151546046656,-0.019709573211072133,True,True,0.019607464275738336,True,True,True,True,
huber_log,2026-04-01 00:00:00+00:00,2026-01-03 00:00:00+00:00,2026-03-04 00:00:00+00:00,2026-03-04 00:00:00+00:00,2026-04-01 00:00:00+00:00,5,8,DOGE,LINK,True,0.8621081998871784,-4.208881612290134,0.9898772527884897,0.9750344686408331,0.017216846040437894,0.0002563869306568176,0.9475279689919437,12.860154127893798,-0.05489965863429699,0.01342872431540376,-0.06632811848217245,-0.03020337027789124,True,True,0.01623783894159845,True,True,True,True,
huber_log,2026-04-01 00:00:00+00:00,2026-01-03 00:00:00+00:00,2026-03-04 00:00:00+00:00,2026-03-04 00:00:00+00:00,2026-04-01 00:00:00+00:00,9,10,SUI,AVAX,True,1.4725515276580663,-3.291106568467873,1.3593355633379918,1.3867439843863296,0.018612877399222814,0.0067036900663539414,0.9604820942980415,17.191176315396433,-0.062157465538804794,0.018928271043427262,-0.04335360968151232,-0.03776283626366083,True,True,0.09797700866209606,True,True,True,True,
minvar_return,2026-04-01 00:00:00+00:00,2026-01-03 00:00:00+00:00,2026-03-04 00:00:00+00:00,2026-03-04 00:00:00+00:00,2026-04-01 00:00:00+00:00,4,18,XRP,NEAR,True,0.5956401586277357,0.36210163167901566,0.6062525358913751,0.5902665760324457,0.026838284201250947,2.7101862699514983e-06,0.938404423208632,10.902951797745006,-0.17646075053859378,0.015737171448548772,-0.06364406578626035,-0.10000051938563487,True,True,0.0005149353912907847,True,True,True,True,
minvar_return,2026-04-01 00:00:00+00:00,2026-01-03 00:00:00+00:00,2026-03-04 00:00:00+00:00,2026-03-04 00:00:00+00:00,2026-04-01 00:00:00+00:00,5,8,DOGE,LINK,True,0.9292153982938692,-4.3653029933189496,0.9387032412448898,0.9248699437350414,0.014887073045978038,0.0006186048649835309,0.950917366269526,13.77256483954653,-0.046076016476490254,0.013920081549168838,-0.07099715104807397,-0.02541343193383586,True,True,0.023506984869374175,True,True,True,True,
minvar_return,2026-04-01 00:00:00+00:00,2026-01-03 00:00:00+00:00,2026-03-04 00:00:00+00:00,2026-03-04 00:00:00+00:00,2026-04-01 00:00:00+00:00,9,10,SUI,AVAX,True,1.05489313800964,-2.2994902940269473,0.9955076823059616,1.0968815484997785,0.09609870662832053,0.0035327823982248692,0.9575067931465059,15.96287101563232,-0.11868101006109849,0.013555178183368244,-0.07076345661274196,-0.03219952681316395,True,True,0.05163297351251732,True,True,True,True,
ols_log,2026-05-01 00:00:00+00:00,2026-02-02 00:00:00+00:00,2026-04-03 00:00:00+00:00,2026-04-03 00:00:00+00:00,2026-05-01 00:00:00+00:00,2,8,BNB,LINK,True,0.9746798551151564,4.3238773208944155,1.2462236626343313,0.7806636556288534,0.477654282646965,0.0007312312684614362,0.947295533602867,12.80188238179259,-0.05335962041734055,0.00972058896396784,-0.053969468448211974,-0.04789147529571125,True,True,0.03473348525191822,True,True,True,True,
ols_log,2026-05-01 00:00:00+00:00,2026-02-02 00:00:00+00:00,2026-04-03 00:00:00+00:00,2026-04-03 00:00:00+00:00,2026-05-01 00:00:00+00:00,6,13,ADA,DOT,True,0.360765400805074,-1.4402264438243901,0.3720461283370893,0.5006761244924004,0.3565474845100556,0.0002864150814169084,0.9507656942942194,13.729051032120442,-0.03300455995205539,0.01368617171398797,-0.04768891067444901,-0.053625720235030296,True,True,0.03473348525191822,True,True,True,True,
ols_log,2026-05-01 00:00:00+00:00,2026-02-02 00:00:00+00:00,2026-04-03 00:00:00+00:00,2026-04-03 00:00:00+00:00,2026-05-01 00:00:00+00:00,10,17,AVAX,UNI,True,0.561857391449867,1.4959243670167675,0.5551741039291721,0.5380827990436897,0.03041929348188951,0.003005666858690669,0.9686216835748959,21.741590353741344,0.07390676262281273,0.01798725027455002,-0.03269350228485861,-0.03932636342558386,True,True,0.05927710830721533,True,True,True,True,
tls_log,2026-05-01 00:00:00+00:00,2026-02-02 00:00:00+00:00,2026-04-03 00:00:00+00:00,2026-04-03 00:00:00+00:00,2026-05-01 00:00:00+00:00,2,11,BNB,LTC,True,1.667896752143968,-0.22031164221119948,1.7703104644467085,1.380042004825949,0.23398838034734218,0.0007363213378985136,0.9437205164413471,11.966241705890141,-0.03462144800454652,0.013709233725301915,-0.054729153168592004,-0.06056217363632558,True,True,0.035843790632540964,True,True,True,True,
tls_log,2026-05-01 00:00:00+00:00,2026-02-02 00:00:00+00:00,2026-04-03 00:00:00+00:00,2026-04-03 00:00:00+00:00,2026-05-01 00:00:00+00:00,3,10,SOL,AVAX,True,1.200394188695824,1.789561471185821,1.457524842045037,0.9556074467333737,0.4181271452646524,0.0007546061185798098,0.9491399123116671,13.278920759868601,-0.028123119900055178,0.0143238637099047,-0.0659907918704859,-0.09080981598069895,True,True,0.035843790632540964,True,True,True,True,
tls_log,2026-05-01 00:00:00+00:00,2026-02-02 00:00:00+00:00,2026-04-03 00:00:00+00:00,2026-04-03 00:00:00+00:00,2026-05-01 00:00:00+00:00,6,13,ADA,DOT,True,0.4845465090091568,-1.482609983507072,0.43220011697852956,0.5430421085711908,0.22875408145921988,0.0002812443928942877,0.9489329836362009,13.223684079400506,-0.018377183403111987,0.012432008214769351,-0.052735506821870365,-0.04822524314215598,True,True,0.035843790632540964,True,True,True,True,
huber_log,2026-05-01 00:00:00+00:00,2026-02-02 00:00:00+00:00,2026-04-03 00:00:00+00:00,2026-04-03 00:00:00+00:00,2026-05-01 00:00:00+00:00,2,4,BNB,XRP,True,0.768709652084109,6.1894998436279405,0.9444790167991416,0.7259086745887565,0.28433406763893476,0.007384667800384563,0.9594264486136377,16.73475372245239,-0.01242354704403167,0.007680683986364812,-0.049708944913737584,-0.029608965666432473,True,True,0.08769293012956668,True,True,True,True,
huber_log,2026-05-01 00:00:00+00:00,2026-02-02 00:00:00+00:00,2026-04-03 00:00:00+00:00,2026-04-03 00:00:00+00:00,2026-05-01 00:00:00+00:00,6,13,ADA,DOT,True,0.3578494942715801,-1.4398878236467503,0.3811657060642016,0.4978174880526979,0.3259800107471065,0.0002902365429610502,0.9508615339572168,13.756515639271228,-0.032689329323213924,0.013728578330609104,-0.0475304747728228,-0.053662242061504946,True,True,0.04606069387216818,True,True,True,True,
huber_log,2026-05-01 00:00:00+00:00,2026-02-02 00:00:00+00:00,2026-04-03 00:00:00+00:00,2026-04-03 00:00:00+00:00,2026-05-01 00:00:00+00:00,10,17,AVAX,UNI,True,0.5559088826300258,1.5039904408644416,0.5367273212448438,0.5359609723233789,0.0013785513155307955,0.0029123495548767863,0.9684536230533533,21.623897789184387,0.07278446272783137,0.01799594075055475,-0.032722620606051855,-0.039403045795500566,True,True,0.06548659617908018,True,True,True,True,
minvar_return,2026-05-01 00:00:00+00:00,2026-02-02 00:00:00+00:00,2026-04-03 00:00:00+00:00,2026-04-03 00:00:00+00:00,2026-05-01 00:00:00+00:00,8,16,LINK,FIL,True,0.6647084149829218,2.2339274733013337,0.7340974184744807,0.5428705774665332,0.2876853018520319,0.0002766470615286441,0.9365569015912647,10.575134488517415,0.04082471461688632,0.010544156615598136,-0.06951523935144704,-0.06401332774630208,True,True,0.05256294169044238,True,True,True,True,
minvar_return,2026-05-01 00:00:00+00:00,2026-02-02 00:00:00+00:00,2026-04-03 00:00:00+00:00,2026-04-03 00:00:00+00:00,2026-05-01 00:00:00+00:00,10,18,AVAX,NEAR,True,0.6240592597298712,2.123869893610562,0.6286198230625158,0.6154539684247247,0.021097122480788325,0.0011708340298103542,0.9588426197419878,16.492381255437962,-0.08491301401174131,0.017073382903525586,-0.041014799480867704,-0.04781743499575238,True,True,0.07415282188798909,True,True,True,True,
minvar_return,2026-05-01 00:00:00+00:00,2026-02-02 00:00:00+00:00,2026-04-03 00:00:00+00:00,2026-04-03 00:00:00+00:00,2026-05-01 00:00:00+00:00,11,12,LTC,BCH,True,0.6126107104461838,0.20896088826177903,0.638720279506466,0.5366776653514908,0.16657007854246364,0.0009930890567984986,0.9644473689851732,19.14770354276989,0.062401503041213405,0.01270303021022494,-0.03133061582082668,-0.07050577830251431,True,True,0.07415282188798909,True,True,True,True,
johansen,2026-05-01 00:00:00+00:00,2026-02-02 00:00:00+00:00,2026-04-03 00:00:00+00:00,2026-04-03 00:00:00+00:00,2026-05-01 00:00:00+00:00,2,11,BNB,LTC,True,1.926581957712141,-1.2555186094806712,1.845844012472161,1.6660091540269928,0.0933439959433265,0.001039931181087614,0.9480848792834532,13.00189429867096,-0.03549881422050597,0.017220209064882547,-0.05198192224939736,-0.06498650855909766,True,True,0.05790960441158466,True,True,True,True,
johansen,2026-05-01 00:00:00+00:00,2026-02-02 00:00:00+00:00,2026-04-03 00:00:00+00:00,2026-04-03 00:00:00+00:00,2026-05-01 00:00:00+00:00,3,10,SOL,AVAX,True,1.1439446562200957,1.9149903205361094,1.5093457540539024,1.0788536034833212,0.3763225329388262,0.0013374782580182851,0.9519704414956845,14.082262593363037,-0.027912539380383437,0.013895740824228339,-0.06698918312902864,-0.09200797563916874,True,True,0.05790960441158466,True,True,True,True,
minvar_return,2026-07-01 00:00:00+00:00,2026-04-04 00:00:00+00:00,2026-06-03 00:00:00+00:00,2026-06-03 00:00:00+00:00,2026-07-01 00:00:00+00:00,2,5,BNB,DOGE,True,0.46224467699699956,7.516172028908111,0.3931128415670107,0.5232951327346324,0.2816306982989155,2.084979241544661e-05,0.9373537164768366,10.7141478878243,0.013711843727622616,0.010620985949459509,-0.06956372741132291,-0.05651305490272389,True,True,0.003961460558934856,True,True,True,True,
