time,kind,position_id,target,leg,symbol,symbol_index,quantity_change,price,fee,fee_bp
2026-05-10 17:30:00+00:00,entry,AVAX:2026-05-10T17:30:00+00:00,AVAX,hedge,BTC,0,1.278618608491075e-07,81351.9,5.200902658805254e-06,5.0
2026-05-10 17:30:00+00:00,entry,AVAX:2026-05-10T17:30:00+00:00,AVAX,hedge,ETH,1,3.4607654248747677e-06,2354.99,4.075033983962914e-06,5.0
2026-05-10 17:30:00+00:00,entry,AVAX:2026-05-10T17:30:00+00:00,AVAX,hedge,BNB,2,1.0213824279413783e-05,659.85,3.369795975385593e-06,5.0
2026-05-10 17:30:00+00:00,entry,AVAX:2026-05-10T17:30:00+00:00,AVAX,hedge,SOL,3,7.492301491993217e-05,95.88,3.591809335261548e-06,5.0
2026-05-10 17:30:00+00:00,entry,AVAX:2026-05-10T17:30:00+00:00,AVAX,hedge,XRP,4,0.004385370194382377,1.4967,3.2817917849660516e-06,5.0
2026-05-10 17:30:00+00:00,entry,AVAX:2026-05-10T17:30:00+00:00,AVAX,hedge,DOGE,5,0.04645719813863215,0.11087,2.5753547788150736e-06,5.0
2026-05-10 17:30:00+00:00,entry,AVAX:2026-05-10T17:30:00+00:00,AVAX,hedge,ADA,6,0.015443362863848153,0.287,2.2161225709622097e-06,5.0
2026-05-10 17:30:00+00:00,entry,AVAX:2026-05-10T17:30:00+00:00,AVAX,hedge,TRX,7,0.006446967195567518,0.35147,1.1329577801130579e-06,5.0
2026-05-10 17:30:00+00:00,entry,AVAX:2026-05-10T17:30:00+00:00,AVAX,hedge,LINK,8,0.0010251559955953497,10.757,5.513801522309589e-06,5.0
2026-05-10 17:30:00+00:00,entry,AVAX:2026-05-10T17:30:00+00:00,AVAX,hedge,SUI,9,0.004601988883817198,1.3275,3.054570121633665e-06,5.0
2026-05-10 17:30:00+00:00,entry,AVAX:2026-05-10T17:30:00+00:00,AVAX,target,AVAX,10,-0.01859897057723519,10.348,9.623107376661488e-05,5.0
2026-05-10 17:30:00+00:00,entry,AVAX:2026-05-10T17:30:00+00:00,AVAX,hedge,LTC,11,0.00019952664014077998,59.69,5.9548725750015785e-06,5.0
2026-05-10 17:30:00+00:00,entry,AVAX:2026-05-10T17:30:00+00:00,AVAX,hedge,BCH,12,-1.676061835294559e-06,458.39,3.841449923403364e-07,5.0
2026-05-10 17:30:00+00:00,entry,AVAX:2026-05-10T17:30:00+00:00,AVAX,hedge,DOT,13,0.0029226243876419554,1.403,2.050221007930832e-06,5.0
2026-05-10 17:30:00+00:00,entry,AVAX:2026-05-10T17:30:00+00:00,AVAX,hedge,HBAR,14,0.027396963186426565,0.09863,1.351081239538626e-06,5.0
2026-05-10 17:30:00+00:00,entry,AVAX:2026-05-10T17:30:00+00:00,AVAX,hedge,XLM,15,0.03697576064934098,0.17234,3.186201295153712e-06,5.0
2026-05-10 17:30:00+00:00,entry,AVAX:2026-05-10T17:30:00+00:00,AVAX,hedge,FIL,16,0.0017691340066687362,1.184,1.0473273319478918e-06,5.0
2026-05-10 17:30:00+00:00,entry,AVAX:2026-05-10T17:30:00+00:00,AVAX,hedge,UNI,17,0.0014361408219038187,4.019,2.885924981615724e-06,5.0
2026-05-10 17:30:00+00:00,entry,AVAX:2026-05-10T17:30:00+00:00,AVAX,hedge,NEAR,18,0.0020468318427107153,1.593,1.6303015627190846e-06,5.0
2026-05-10 17:30:00+00:00,entry,AVAX:2026-05-10T17:30:00+00:00,AVAX,hedge,AAVE,19,2.536719204811015e-05,99.87,1.2667107349223804e-06,5.0
2026-05-12 11:20:00+00:00,exit,AVAX:2026-05-10T17:30:00+00:00,AVAX,hedge,BTC,0,-1.278618608491075e-07,80499.9,5.146433506083534e-06,5.0
2026-05-12 11:20:00+00:00,exit,AVAX:2026-05-10T17:30:00+00:00,AVAX,hedge,ETH,1,-3.4607654248747677e-06,2280.29,3.945774395343842e-06,5.0
2026-05-12 11:20:00+00:00,exit,AVAX:2026-05-10T17:30:00+00:00,AVAX,hedge,BNB,2,-1.0213824279413783e-05,662.56,3.383635707284198e-06,5.0
2026-05-12 11:20:00+00:00,exit,AVAX:2026-05-10T17:30:00+00:00,AVAX,hedge,SOL,3,-7.492301491993217e-05,94.65,3.5457316810857903e-06,5.0
2026-05-12 11:20:00+00:00,exit,AVAX:2026-05-10T17:30:00+00:00,AVAX,hedge,XRP,4,-0.004385370194382377,1.4443,3.1668950858732333e-06,5.0
2026-05-12 11:20:00+00:00,exit,AVAX:2026-05-10T17:30:00+00:00,AVAX,hedge,DOGE,5,-0.04645719813863215,0.10863,2.5233227168998055e-06,5.0
2026-05-12 11:20:00+00:00,exit,AVAX:2026-05-10T17:30:00+00:00,AVAX,hedge,ADA,6,-0.015443362863848153,0.2733,2.11033553534485e-06,5.0
2026-05-12 11:20:00+00:00,exit,AVAX:2026-05-10T17:30:00+00:00,AVAX,hedge,TRX,7,-0.006446967195567518,0.34864,1.1238353215313298e-06,5.0
2026-05-12 11:20:00+00:00,exit,AVAX:2026-05-10T17:30:00+00:00,AVAX,hedge,LINK,8,-0.0010251559955953497,10.236,5.246748385457e-06,5.0
2026-05-12 11:20:00+00:00,exit,AVAX:2026-05-10T17:30:00+00:00,AVAX,hedge,SUI,9,-0.004601988883817198,1.2516,2.8799246434928024e-06,5.0
2026-05-12 11:20:00+00:00,exit,AVAX:2026-05-10T17:30:00+00:00,AVAX,target,AVAX,10,0.01859897057723519,9.815,9.12744481077817e-05,5.0
2026-05-12 11:20:00+00:00,exit,AVAX:2026-05-10T17:30:00+00:00,AVAX,hedge,LTC,11,-0.00019952664014077998,57.7,5.756343568061503e-06,5.0
2026-05-12 11:20:00+00:00,exit,AVAX:2026-05-10T17:30:00+00:00,AVAX,hedge,BCH,12,1.676061835294559e-06,438.14,3.67174866257979e-07,5.0
2026-05-12 11:20:00+00:00,exit,AVAX:2026-05-10T17:30:00+00:00,AVAX,hedge,DOT,13,-0.0029226243876419554,1.327,1.9391612812004373e-06,5.0
2026-05-12 11:20:00+00:00,exit,AVAX:2026-05-10T17:30:00+00:00,AVAX,hedge,HBAR,14,-0.027396963186426565,0.09397,1.287246315314252e-06,5.0
2026-05-12 11:20:00+00:00,exit,AVAX:2026-05-10T17:30:00+00:00,AVAX,hedge,XLM,15,-0.03697576064934098,0.16362,3.0249869787225854e-06,5.0
2026-05-12 11:20:00+00:00,exit,AVAX:2026-05-10T17:30:00+00:00,AVAX,hedge,FIL,16,-0.0017691340066687362,1.098,9.712545696611363e-07,5.0
2026-05-12 11:20:00+00:00,exit,AVAX:2026-05-10T17:30:00+00:00,AVAX,hedge,UNI,17,-0.0014361408219038187,3.749,2.692045970658708e-06,5.0
2026-05-12 11:20:00+00:00,exit,AVAX:2026-05-10T17:30:00+00:00,AVAX,hedge,NEAR,18,-0.0020468318427107153,1.551,1.5873180940221595e-06,5.0
2026-05-12 11:20:00+00:00,exit,AVAX:2026-05-10T17:30:00+00:00,AVAX,hedge,AAVE,19,-2.536719204811015e-05,97.52,1.2369042842658509e-06,5.0
2026-05-23 08:40:00+00:00,entry,AVAX:2026-05-23T08:40:00+00:00,AVAX,hedge,BTC,0,-1.4079053080611154e-07,74326.6,5.232240733506766e-06,5.0
2026-05-23 08:40:00+00:00,entry,AVAX:2026-05-23T08:40:00+00:00,AVAX,hedge,ETH,1,-4.056347465249737e-06,2021.32,4.099588129229299e-06,5.0
2026-05-23 08:40:00+00:00,entry,AVAX:2026-05-23T08:40:00+00:00,AVAX,hedge,BNB,2,-1.0622779401150664e-05,638.27,3.3901007041862168e-06,5.0
2026-05-23 08:40:00+00:00,entry,AVAX:2026-05-23T08:40:00+00:00,AVAX,hedge,SOL,3,-8.846742091045085e-05,81.69,3.613451807087365e-06,5.0
2026-05-23 08:40:00+00:00,entry,AVAX:2026-05-23T08:40:00+00:00,AVAX,hedge,XRP,4,-0.005050196931415223,1.3075,3.3015662439127025e-06,5.0
2026-05-23 08:40:00+00:00,entry,AVAX:2026-05-23T08:40:00+00:00,AVAX,hedge,DOGE,5,-0.052251136366398054,0.09917,2.5908725967278475e-06,5.0
2026-05-23 08:40:00+00:00,entry,AVAX:2026-05-23T08:40:00+00:00,AVAX,hedge,ADA,6,-0.018798278522247844,0.2372,2.229475832738594e-06,5.0
2026-05-23 08:40:00+00:00,entry,AVAX:2026-05-23T08:40:00+00:00,AVAX,hedge,TRX,7,-0.006334247110151701,0.35988,1.139784425000697e-06,5.0
2026-05-23 08:40:00+00:00,entry,AVAX:2026-05-23T08:40:00+00:00,AVAX,hedge,LINK,8,-0.0012188584863245004,9.102,5.547024971262802e-06,5.0
2026-05-23 08:40:00+00:00,entry,AVAX:2026-05-23T08:40:00+00:00,AVAX,hedge,SUI,9,-0.006176214360138407,0.9951,3.0729754548868644e-06,5.0
2026-05-23 08:40:00+00:00,entry,AVAX:2026-05-23T08:40:00+00:00,AVAX,target,AVAX,10,0.02190044446617253,8.841,9.681091476271565e-05,5.0
2026-05-23 08:40:00+00:00,entry,AVAX:2026-05-23T08:40:00+00:00,AVAX,hedge,LTC,11,-0.00023143726871211135,51.77,5.9907537006130025e-06,5.0
2026-05-23 08:40:00+00:00,entry,AVAX:2026-05-23T08:40:00+00:00,AVAX,hedge,BCH,12,2.174970653858285e-06,355.37,3.864596606308094e-07,5.0
2026-05-23 08:40:00+00:00,entry,AVAX:2026-05-23T08:40:00+00:00,AVAX,hedge,DOT,13,-0.003420521772304154,1.206,2.0625746286994047e-06,5.0
2026-05-23 08:40:00+00:00,entry,AVAX:2026-05-23T08:40:00+00:00,AVAX,hedge,HBAR,14,-0.03183935790184049,0.08538,1.3592221888295706e-06,5.0
2026-05-23 08:40:00+00:00,entry,AVAX:2026-05-23T08:40:00+00:00,AVAX,hedge,XLM,15,-0.04581760681742824,0.13992,3.2053997729472796e-06,5.0
2026-05-23 08:40:00+00:00,entry,AVAX:2026-05-23T08:40:00+00:00,AVAX,hedge,FIL,16,-0.002290517413003955,0.92,1.0536380099818195e-06,5.0
2026-05-23 08:40:00+00:00,entry,AVAX:2026-05-23T08:40:00+00:00,AVAX,hedge,UNI,17,-0.0017660061693547029,3.288,2.9033141424191314e-06,5.0
2026-05-23 08:40:00+00:00,entry,AVAX:2026-05-23T08:40:00+00:00,AVAX,hedge,NEAR,18,-0.0015977836882470852,2.053,1.640124955985633e-06,5.0
2026-05-23 08:40:00+00:00,entry,AVAX:2026-05-23T08:40:00+00:00,AVAX,hedge,AAVE,19,-3.072187341268379e-05,82.96,1.2743433091581236e-06,5.0
2026-05-23 20:40:00+00:00,exit,AVAX:2026-05-23T08:40:00+00:00,AVAX,hedge,BTC,0,1.4079053080611154e-07,76711.8,5.4001475205461344e-06,5.0
2026-05-23 20:40:00+00:00,exit,AVAX:2026-05-23T08:40:00+00:00,AVAX,hedge,ETH,1,4.056347465249737e-06,2118.43,4.296544080404499e-06,5.0
2026-05-23 20:40:00+00:00,exit,AVAX:2026-05-23T08:40:00+00:00,AVAX,hedge,BNB,2,1.0622779401150664e-05,657.87,3.4942039423174934e-06,5.0
2026-05-23 20:40:00+00:00,exit,AVAX:2026-05-23T08:40:00+00:00,AVAX,hedge,SOL,3,8.846742091045085e-05,86.36,3.820023234913268e-06,5.0
2026-05-23 20:40:00+00:00,exit,AVAX:2026-05-23T08:40:00+00:00,AVAX,hedge,XRP,4,0.005050196931415223,1.3606,3.435648972441776e-06,5.0
2026-05-23 20:40:00+00:00,exit,AVAX:2026-05-23T08:40:00+00:00,AVAX,hedge,DOGE,5,0.052251136366398054,0.10408,2.7191491365073552e-06,5.0
2026-05-23 20:40:00+00:00,exit,AVAX:2026-05-23T08:40:00+00:00,AVAX,hedge,ADA,6,0.018798278522247844,0.2479,2.3300466228326203e-06,5.0
2026-05-23 20:40:00+00:00,exit,AVAX:2026-05-23T08:40:00+00:00,AVAX,hedge,TRX,7,0.006334247110151701,0.36152,1.1449785076310215e-06,5.0
2026-05-23 20:40:00+00:00,exit,AVAX:2026-05-23T08:40:00+00:00,AVAX,hedge,LINK,8,0.0012188584863245004,9.612,5.857833885275549e-06,5.0
2026-05-23 20:40:00+00:00,exit,AVAX:2026-05-23T08:40:00+00:00,AVAX,hedge,SUI,9,0.006176214360138407,1.0771,3.326200243652539e-06,5.0
2026-05-23 20:40:00+00:00,exit,AVAX:2026-05-23T08:40:00+00:00,AVAX,target,AVAX,10,-0.02190044446617253,9.459,0.00010357815210276298,5.0
2026-05-23 20:40:00+00:00,exit,AVAX:2026-05-23T08:40:00+00:00,AVAX,hedge,LTC,11,0.00023143726871211135,53.85,6.231448460073598e-06,5.0
2026-05-23 20:40:00+00:00,exit,AVAX:2026-05-23T08:40:00+00:00,AVAX,hedge,BCH,12,-2.174970653858285e-06,356.14,3.872970243325448e-07,5.0
2026-05-23 20:40:00+00:00,exit,AVAX:2026-05-23T08:40:00+00:00,AVAX,hedge,DOT,13,0.003420521772304154,1.306,2.2336007173146126e-06,5.0
2026-05-23 20:40:00+00:00,exit,AVAX:2026-05-23T08:40:00+00:00,AVAX,hedge,HBAR,14,0.03183935790184049,0.08984,1.430223956950675e-06,5.0
2026-05-23 20:40:00+00:00,exit,AVAX:2026-05-23T08:40:00+00:00,AVAX,hedge,XLM,15,0.04581760681742824,0.14804,3.3914192566260385e-06,5.0
2026-05-23 20:40:00+00:00,exit,AVAX:2026-05-23T08:40:00+00:00,AVAX,hedge,FIL,16,0.002290517413003955,0.997,1.1418229303824716e-06,5.0
2026-05-23 20:40:00+00:00,exit,AVAX:2026-05-23T08:40:00+00:00,AVAX,hedge,UNI,17,0.0017660061693547029,3.501,3.0913937994554075e-06,5.0
2026-05-23 20:40:00+00:00,exit,AVAX:2026-05-23T08:40:00+00:00,AVAX,hedge,NEAR,18,0.0015977836882470852,2.4,1.917340425896502e-06,5.0
2026-05-23 20:40:00+00:00,exit,AVAX:2026-05-23T08:40:00+00:00,AVAX,hedge,AAVE,19,3.072187341268379e-05,87.95,1.3509943833227697e-06,5.0
2026-05-28 04:05:00+00:00,entry,AVAX:2026-05-28T04:05:00+00:00,AVAX,hedge,BTC,0,-1.4425832118847584e-07,73073.8,5.270751855431223e-06,5.0
2026-05-28 04:05:00+00:00,entry,AVAX:2026-05-28T04:05:00+00:00,AVAX,hedge,ETH,1,-4.173732806929634e-06,1978.93,4.1297625318086306e-06,5.0
2026-05-28 04:05:00+00:00,entry,AVAX:2026-05-28T04:05:00+00:00,AVAX,hedge,BNB,2,-1.0733928529030543e-05,636.31,3.4150530311537125e-06,5.0
2026-05-28 04:05:00+00:00,entry,AVAX:2026-05-28T04:05:00+00:00,AVAX,hedge,SOL,3,-9.043597705082357e-05,80.5,3.640048076295649e-06,5.0
2026-05-28 04:05:00+00:00,entry,AVAX:2026-05-28T04:05:00+00:00,AVAX,hedge,XRP,4,-0.005206429126933507,1.2776,3.3258669262851247e-06,5.0
2026-05-28 04:05:00+00:00,entry,AVAX:2026-05-28T04:05:00+00:00,AVAX,hedge,DOGE,5,-0.05336759687703832,0.09781,2.609942325271559e-06,5.0
2026-05-28 04:05:00+00:00,entry,AVAX:2026-05-28T04:05:00+00:00,AVAX,hedge,ADA,6,-0.01946174657444099,0.2308,2.24588555469049e-06,5.0
2026-05-28 04:05:00+00:00,entry,AVAX:2026-05-28T04:05:00+00:00,AVAX,hedge,TRX,7,-0.006270403784833733,0.36622,1.1481736370409048e-06,5.0
2026-05-28 04:05:00+00:00,entry,AVAX:2026-05-28T04:05:00+00:00,AVAX,hedge,LINK,8,-0.0012665124694655335,8.824,5.587853015281934e-06,5.0
2026-05-28 04:05:00+00:00,entry,AVAX:2026-05-28T04:05:00+00:00,AVAX,hedge,SUI,9,-0.006749359269804621,0.9173,3.0955936290958898e-06,5.0
2026-05-28 04:05:00+00:00,entry,AVAX:2026-05-28T04:05:00+00:00,AVAX,target,AVAX,10,0.022184594394393915,8.792,9.752347695775565e-05,5.0
2026-05-28 04:05:00+00:00,entry,AVAX:2026-05-28T04:05:00+00:00,AVAX,hedge,LTC,11,-0.00023768600800657612,50.78,6.034847743286968e-06,5.0
2026-05-28 04:05:00+00:00,entry,AVAX:2026-05-28T04:05:00+00:00,AVAX,hedge,BCH,12,2.366302813690566e-06,329.04,3.89304138908372e-07,5.0
2026-05-28 04:05:00+00:00,entry,AVAX:2026-05-28T04:05:00+00:00,AVAX,hedge,DOT,13,-0.003497905554564146,1.188,2.077755899411103e-06,5.0
2026-05-28 04:05:00+00:00,entry,AVAX:2026-05-28T04:05:00+00:00,AVAX,hedge,HBAR,14,-0.03317728469993198,0.08254,1.369226539566193e-06,5.0
2026-05-28 04:05:00+00:00,entry,AVAX:2026-05-28T04:05:00+00:00,AVAX,hedge,XLM,15,-0.03799261838400309,0.16998,3.2289926364564227e-06,5.0
2026-05-28 04:05:00+00:00,entry,AVAX:2026-05-28T04:05:00+00:00,AVAX,hedge,FIL,16,-0.0021507460066369113,0.987,1.0613931542753158e-06,5.0
2026-05-28 04:05:00+00:00,entry,AVAX:2026-05-28T04:05:00+00:00,AVAX,hedge,UNI,17,-0.0019285747115229128,3.033,2.9246835500244974e-06,5.0
2026-05-28 04:05:00+00:00,entry,AVAX:2026-05-28T04:05:00+00:00,AVAX,hedge,NEAR,18,-0.001376830707785251,2.4,1.6521968493423012e-06,5.0
2026-05-28 04:05:00+00:00,entry,AVAX:2026-05-28T04:05:00+00:00,AVAX,hedge,AAVE,19,-3.1850215150764136e-05,80.61,1.2837229216515485e-06,5.0
2026-06-01 00:00:00+00:00,exit,AVAX:2026-05-28T04:05:00+00:00,AVAX,hedge,BTC,0,1.4425832118847584e-07,73653.2,5.3125434910795235e-06,5.0
2026-06-01 00:00:00+00:00,exit,AVAX:2026-05-28T04:05:00+00:00,AVAX,hedge,ETH,1,4.173732806929634e-06,2006.3,4.186880065271463e-06,5.0
2026-06-01 00:00:00+00:00,exit,AVAX:2026-05-28T04:05:00+00:00,AVAX,hedge,BNB,2,1.0733928529030543e-05,710.91,3.815428565286551e-06,5.0
2026-06-01 00:00:00+00:00,exit,AVAX:2026-05-28T04:05:00+00:00,AVAX,hedge,SOL,3,9.043597705082357e-05,82.4,3.7259622544939312e-06,5.0
2026-06-01 00:00:00+00:00,exit,AVAX:2026-05-28T04:05:00+00:00,AVAX,hedge,XRP,4,0.005206429126933507,1.3326,3.4690437272757957e-06,5.0
2026-06-01 00:00:00+00:00,exit,AVAX:2026-05-28T04:05:00+00:00,AVAX,hedge,DOGE,5,0.05336759687703832,0.10039,2.6787865252429386e-06,5.0
2026-06-01 00:00:00+00:00,exit,AVAX:2026-05-28T04:05:00+00:00,AVAX,hedge,ADA,6,0.01946174657444099,0.2355,2.2916206591404265e-06,5.0
2026-06-01 00:00:00+00:00,exit,AVAX:2026-05-28T04:05:00+00:00,AVAX,hedge,TRX,7,0.006270403784833733,0.35125,1.1012396647114243e-06,5.0
2026-06-01 00:00:00+00:00,exit,AVAX:2026-05-28T04:05:00+00:00,AVAX,hedge,LINK,8,0.0012665124694655335,9.142,5.789228497926954e-06,5.0
2026-06-01 00:00:00+00:00,exit,AVAX:2026-05-28T04:05:00+00:00,AVAX,hedge,SUI,9,0.006749359269804621,0.895,3.020338273237568e-06,5.0
2026-06-01 00:00:00+00:00,exit,AVAX:2026-05-28T04:05:00+00:00,AVAX,target,AVAX,10,-0.022184594394393915,8.981,9.961992112802589e-05,5.0
2026-06-01 00:00:00+00:00,exit,AVAX:2026-05-28T04:05:00+00:00,AVAX,hedge,LTC,11,0.00023768600800657612,52.05,6.185778358371143e-06,5.0
2026-06-01 00:00:00+00:00,exit,AVAX:2026-05-28T04:05:00+00:00,AVAX,hedge,BCH,12,-2.366302813690566e-06,302.56,3.5797428965510885e-07,5.0
2026-06-01 00:00:00+00:00,exit,AVAX:2026-05-28T04:05:00+00:00,AVAX,hedge,DOT,13,0.003497905554564146,1.188,2.077755899411103e-06,5.0
2026-06-01 00:00:00+00:00,exit,AVAX:2026-05-28T04:05:00+00:00,AVAX,hedge,HBAR,14,0.03317728469993198,0.09655,1.6016334188892164e-06,5.0
2026-06-01 00:00:00+00:00,exit,AVAX:2026-05-28T04:05:00+00:00,AVAX,hedge,XLM,15,0.03799261838400309,0.2596,4.9314418662436015e-06,5.0
2026-06-01 00:00:00+00:00,exit,AVAX:2026-05-28T04:05:00+00:00,AVAX,hedge,FIL,16,0.0021507460066369113,0.937,1.007624504109393e-06,5.0
2026-06-01 00:00:00+00:00,exit,AVAX:2026-05-28T04:05:00+00:00,AVAX,hedge,UNI,17,0.0019285747115229128,3.024,2.9160049638226443e-06,5.0
2026-06-01 00:00:00+00:00,exit,AVAX:2026-05-28T04:05:00+00:00,AVAX,hedge,NEAR,18,0.001376830707785251,2.32,1.5971236210308912e-06,5.0
2026-06-01 00:00:00+00:00,exit,AVAX:2026-05-28T04:05:00+00:00,AVAX,hedge,AAVE,19,3.1850215150764136e-05,82.11,1.3076105830146216e-06,5.0
