target,target_symbol,model,model_end_time,fit_start,fit_end,cal_start,cal_end,ridge_alpha,feature_indices,feature_symbols,intercept,coef_json,eligible,error,hedge_weights_json,feature_mean_json,feature_scale_json,cal_obs,cal_resid_mean,cal_resid_scale,cal_rmse_log,cal_mae_log,cal_r2,cal_corr,resid_adf_pvalue,resid_rho,resid_half_life_hours,resid_scale_1,resid_scale_2,resid_mean_1,resid_mean_2,resid_scale_ratio,median_abs_error_pct,p95_abs_error_pct,adf_bh_qvalue,adf_bh_pass
15,XLM,ols_peers,2025-01-01 00:00:00+00:00,2024-10-05 00:00:00+00:00,2024-12-04 00:00:00+00:00,2024-12-04 00:00:00+00:00,2025-01-01 00:00:00+00:00,10.0,"[0, 1, 2, 3, 4, 5, 6, 7, 8, 9, 10, 11, 12, 13, 14, 16, 17, 18, 19]","[""BTC"", ""ETH"", ""BNB"", ""SOL"", ""XRP"", ""DOGE"", ""ADA"", ""TRX"", ""LINK"", ""SUI"", ""AVAX"", ""LTC"", ""BCH"", ""DOT"", ""HBAR"", ""FIL"", ""UNI"", ""NEAR"", ""AAVE""]",-13.685861915676494,"[1.4637898927656683,-0.2930663411957408,-0.4437946108749448,0.5207416248400286,0.8822724911369307,-0.39832168893736325,-0.05048105759254399,-0.22892577123290547,-0.14521567839836438,-0.12250502628122742,-0.6292945471772265,-0.35728328199363896,-0.19586365735626532,2.437979691174014,-0.11211859613639119,-0.8518117476172538,0.3666116871455737,-0.10844774483686709,-0.260340679373103]",True,,"{""AAVE"":0.260340679373103,""ADA"":0.05048105759254399,""AVAX"":0.6292945471772265,""BCH"":0.19586365735626532,""BNB"":0.4437946108749448,""BTC"":-1.4637898927656683,""DOGE"":0.39832168893736325,""DOT"":-2.437979691174014,""ETH"":0.2930663411957408,""FIL"":0.8518117476172538,""HBAR"":0.11211859613639119,""LINK"":0.14521567839836438,""LTC"":0.35728328199363896,""NEAR"":0.10844774483686709,""SOL"":-0.5207416248400286,""SUI"":0.12250502628122742,""TRX"":0.22892577123290547,""UNI"":-0.3666116871455737,""XRP"":-0.8822724911369307}","[11.246825991703032,7.953489085334633,6.404070958477779,5.232806639039985,-0.30528473916089605,-1.5647849927092112,-0.6955731106556738,-1.7445218775177591,2.5724939833366136,0.908775445328602,3.428572692348874,4.350914978976545,5.982796116805119,1.6191686478270286,-2.652952543953044,1.4215156070895487,2.159435002268734,1.6217785115269925,5.092514343351548]","[0.16679153662731852,0.14174084861617736,0.05042726580317547,0.19501198178635662,0.47985987532045055,0.5285999029967499,0.45229524590628756,0.11755347926045129,0.20290755123808701,0.27685399145914946,0.20642006700122997,0.16838649282583418,0.1649611112326233,0.28529688067281567,0.5163772197557741,0.2005030981232333,0.1888156263797384,0.1776083640340333,0.130736207309755]",672,-0.05506933411150328,0.05856293565482934,0.08035636499136986,0.06662431524482271,0.5971390802500756,0.8981260104687365,0.00040346309912139166,0.9597920138978899,16.890098472457815,0.06567625033713642,0.04904060124919094,-0.04638969323130079,-0.06374897499170579,1.3392219643355194,5.398576950512555,14.430141493935828,0.008069261982427833,True
6,ADA,ols_peers,2025-02-01 00:00:00+00:00,2024-11-05 00:00:00+00:00,2025-01-04 00:00:00+00:00,2025-01-04 00:00:00+00:00,2025-02-01 00:00:00+00:00,10.0,"[0, 1, 2, 3, 4, 5, 7, 8, 9, 10, 11, 12, 13, 14, 15, 16, 17, 18, 19]","[""BTC"", ""ETH"", ""BNB"", ""SOL"", ""XRP"", ""DOGE"", ""TRX"", ""LINK"", ""SUI"", ""AVAX"", ""LTC"", ""BCH"", ""DOT"", ""HBAR"", ""XLM"", ""FIL"", ""UNI"", ""NEAR"", ""AAVE""]",-2.270525348321489,"[-0.8622501698152355,0.8282264030867718,0.20868158522527466,0.3377594186708508,0.39350291405338633,-0.008982073735904516,-0.1867153491265281,0.04076222505733641,0.3782954791213326,0.3134281128187403,-0.12530265320497322,0.3394911670423262,0.5873148840687894,0.033215909927865675,0.029805200313137784,-0.37309832397083,-0.3736460788539939,-0.1536292935496511,-0.16407880759416327]",True,,"{""AAVE"":0.16407880759416327,""AVAX"":-0.3134281128187403,""BCH"":-0.3394911670423262,""BNB"":-0.20868158522527466,""BTC"":0.8622501698152355,""DOGE"":0.008982073735904516,""DOT"":-0.5873148840687894,""ETH"":-0.8282264030867718,""FIL"":0.37309832397083,""HBAR"":-0.033215909927865675,""LINK"":-0.04076222505733641,""LTC"":0.12530265320497322,""NEAR"":0.1536292935496511,""SOL"":-0.3377594186708508,""SUI"":-0.3782954791213326,""TRX"":0.1867153491265281,""UNI"":0.3736460788539939,""XLM"":-0.029805200313137784,""XRP"":-0.39350291405338633}","[11.448939331582235,8.139683993670587,6.50310027552427,5.374658197338039,0.45756842285542493,-1.0381206633665954,-1.4684444854803809,2.966912353620568,1.31404697075651,3.6828353343927875,4.603647773085734,6.17064514251522,1.9639766052642904,-1.7475479877561517,-1.1682113165885448,1.6755271356896912,2.513397752347512,1.767993652623606,5.492645038744357]","[0.0877154560881702,0.10227227547379628,0.0692743819319768,0.10365245356019581,0.5216245364645951,0.22514969235566548,0.21442647336291093,0.2688915146230394,0.20114776213699923,0.1932399558313918,0.18337834217284565,0.13113104530523595,0.26562598089304096,0.6554007198554157,0.5513264932665,0.2203211190532111,0.251918124104951,0.17151345748549604,0.31684255685704776]",672,0.030077007883239432,0.02779524822210901,0.0409396209133981,0.03303741327329185,0.5820023370777061,0.9053907423707648,0.00957386881892374,0.9612678403402359,17.547053110755346,0.027196367851350434,0.028054297583600504,0.03329492536800377,0.026859090398475095,1.0315457467313036,3.0183465005353582,7.756166050108612,0.0957386881892374,True
18,NEAR,ols_peers,2025-02-01 00:00:00+00:00,2024-11-05 00:00:00+00:00,2025-01-04 00:00:00+00:00,2025-01-04 00:00:00+00:00,2025-02-01 00:00:00+00:00,10.0,"[0, 1, 2, 3, 4, 5, 6, 7, 8, 9, 10, 11, 12, 13, 14, 15, 16, 17, 19]","[""BTC"", ""ETH"", ""BNB"", ""SOL"", ""XRP"", ""DOGE"", ""ADA"", ""TRX"", ""LINK"", ""SUI"", ""AVAX"", ""LTC"", ""BCH"", ""DOT"", ""HBAR"", ""XLM"", ""FIL"", ""UNI"", ""AAVE""]",3.920382999167818,"[-0.3761955111761591,0.0993117167293731,-0.2158667062760447,0.26911904014862864,0.002191443143220733,0.17974657528486512,-0.08553479446699057,0.047368262304877944,-0.008713888062363966,0.2549867815057436,0.2605880481162926,0.09326136029379324,-0.06929498816503128,0.10955955865688285,-0.06490440682755254,0.020757283570232037,0.32099030266795114,0.06885814063954149,-0.13472638006251175]",True,,"{""AAVE"":0.13472638006251175,""ADA"":0.08553479446699057,""AVAX"":-0.2605880481162926,""BCH"":0.06929498816503128,""BNB"":0.2158667062760447,""BTC"":0.3761955111761591,""DOGE"":-0.17974657528486512,""DOT"":-0.10955955865688285,""ETH"":-0.0993117167293731,""FIL"":-0.32099030266795114,""HBAR"":0.06490440682755254,""LINK"":0.008713888062363966,""LTC"":-0.09326136029379324,""SOL"":-0.26911904014862864,""SUI"":-0.2549867815057436,""TRX"":-0.047368262304877944,""UNI"":-0.06885814063954149,""XLM"":-0.020757283570232037,""XRP"":-0.002191443143220733}","[11.448939331582235,8.139683993670587,6.50310027552427,5.374658197338039,0.45756842285542493,-1.0381206633665954,-0.15101719850643988,-1.4684444854803809,2.966912353620568,1.31404697075651,3.6828353343927875,4.603647773085734,6.17064514251522,1.9639766052642904,-1.7475479877561517,-1.1682113165885448,1.6755271356896912,2.513397752347512,5.492645038744357]","[0.0877154560881702,0.10227227547379628,0.0692743819319768,0.10365245356019581,0.5216245364645951,0.22514969235566548,0.3156154333251818,0.21442647336291093,0.2688915146230394,0.20114776213699923,0.1932399558313918,0.18337834217284565,0.13113104530523595,0.26562598089304096,0.6554007198554157,0.5513264932665,0.2203211190532111,0.251918124104951,0.31684255685704776]",672,-0.07323814285248673,0.017738523294960513,0.07535258814565976,0.07323814285248673,0.0962873490641557,0.9746915228761394,0.0004813540955734189,0.9448900794071322,12.227691325267926,0.016443227626581777,0.018962439938532867,-0.07362216304882521,-0.07285412265614824,1.1532066799269132,6.836497395422092,9.73347996558496,0.009627081911468377,True
15,XLM,ols_peers,2025-06-01 00:00:00+00:00,2025-03-05 00:00:00+00:00,2025-05-04 00:00:00+00:00,2025-05-04 00:00:00+00:00,2025-06-01 00:00:00+00:00,10.0,"[0, 1, 2, 3, 4, 5, 6, 7, 8, 9, 10, 11, 12, 13, 14, 16, 17, 18, 19]","[""BTC"", ""ETH"", ""BNB"", ""SOL"", ""XRP"", ""DOGE"", ""ADA"", ""TRX"", ""LINK"", ""SUI"", ""AVAX"", ""LTC"", ""BCH"", ""DOT"", ""HBAR"", ""FIL"", ""UNI"", ""NEAR"", ""AAVE""]",-3.0977318524370947,"[0.018861290221377176,-0.020428961466214438,0.1742070549212681,0.14167781584396238,0.13824220532347753,-0.22868226924724458,0.2338671796952526,0.03213978799229732,-0.13504881178597367,0.1320269229917578,0.0369124360927196,0.043927491262805686,-0.13947510471007538,0.11027791563585847,0.03905976719134228,0.022205619564223792,0.02742575880416365,0.33135707853534735,-0.03936484477917661]",True,,"{""AAVE"":0.03936484477917661,""ADA"":-0.2338671796952526,""AVAX"":-0.0369124360927196,""BCH"":0.13947510471007538,""BNB"":-0.1742070549212681,""BTC"":-0.018861290221377176,""DOGE"":0.22868226924724458,""DOT"":-0.11027791563585847,""ETH"":0.020428961466214438,""FIL"":-0.022205619564223792,""HBAR"":-0.03905976719134228,""LINK"":0.13504881178597367,""LTC"":-0.043927491262805686,""NEAR"":-0.33135707853534735,""SOL"":-0.14167781584396238,""SUI"":-0.1320269229917578,""TRX"":-0.03213978799229732,""UNI"":-0.02742575880416365,""XRP"":-0.13824220532347753}","[11.361233575464516,7.5070032958809865,6.39235861328885,4.883024192691976,0.7895114455159075,-1.767322765728809,-0.3708226026583546,-1.4377567562861657,2.6226936847367317,0.9029561280365873,2.9786129054602384,4.449707277804997,5.80874609406117,1.4048201389116974,-1.7048195887349973,1.0133043673629285,1.7760347177920608,0.910156165643316,5.0956219196869]","[0.05510597388154022,0.10193160332117726,0.03672952938071695,0.09182220813783341,0.07390922612275275,0.07852961383866676,0.10018742118779815,0.03967242471249363,0.09014025856516464,0.17393829074974404,0.08423498065212832,0.09770200134146527,0.08683730647235002,0.08220758608347463,0.11365072826686792,0.08365740794340712,0.11125139713023571,0.12050993083644736,0.12896578258514488]",672,-0.0031748116351268357,0.010865366095620587,0.011311937520625247,0.008883862323629569,0.9576727469831204,0.9815432391245986,0.0019890862682949567,0.9444260512913677,12.12264375394252,0.010322203991638685,0.008402893057822328,-0.008612262675213186,0.0022626394049595163,1.2284107295676758,0.7427246880942784,2.236660071068025,0.039781725365899134,True
2,BNB,ols_peers,2025-09-01 00:00:00+00:00,2025-06-05 00:00:00+00:00,2025-08-04 00:00:00+00:00,2025-08-04 00:00:00+00:00,2025-09-01 00:00:00+00:00,10.0,"[0, 1, 3, 4, 5, 6, 7, 8, 9, 10, 11, 12, 13, 14, 15, 16, 17, 18, 19]","[""BTC"", ""ETH"", ""SOL"", ""XRP"", ""DOGE"", ""ADA"", ""TRX"", ""LINK"", ""SUI"", ""AVAX"", ""LTC"", ""BCH"", ""DOT"", ""HBAR"", ""XLM"", ""FIL"", ""UNI"", ""NEAR"", ""AAVE""]",2.8309021624126527,"[0.009828451702526272,0.2891752555343064,0.23720900365153635,-0.14952534597267209,0.08778259700534437,-0.053904795942664605,-0.02306348468020252,0.071875657168165,0.05863374745486143,0.32852447349114,-0.09785523653212597,0.13124110446583875,-0.24402391319051153,0.0924207804600568,-0.014595013424789513,0.16997475684535296,-0.03002520762766842,-0.26437954551476395,-0.12397400923668649]",True,,"{""AAVE"":0.12397400923668649,""ADA"":0.053904795942664605,""AVAX"":-0.32852447349114,""BCH"":-0.13124110446583875,""BTC"":-0.009828451702526272,""DOGE"":-0.08778259700534437,""DOT"":0.24402391319051153,""ETH"":-0.2891752555343064,""FIL"":-0.16997475684535296,""HBAR"":-0.0924207804600568,""LINK"":-0.071875657168165,""LTC"":0.09785523653212597,""NEAR"":0.26437954551476395,""SOL"":-0.23720900365153635,""SUI"":-0.05863374745486143,""TRX"":0.02306348468020252,""UNI"":0.03002520762766842,""XLM"":0.014595013424789513,""XRP"":0.14952534597267209}","[11.615817013077795,7.962894031022349,5.070423135729691,0.9281395861272757,-1.6580227148512228,-0.3975664567144665,-1.2292319187014376,2.6981815944296628,1.1787358521165983,3.014424154735382,4.54116783131338,6.195577891698468,1.3292598794637231,-1.6687261408935745,-1.1641264017427624,0.8998142900333234,2.0898243556207223,0.8777958491434662,5.63467322554197]","[0.05256333969991894,0.17451529884629566,0.099421171202323,0.18069173217992884,0.15363567015257526,0.14694220076583372,0.06877958234953571,0.14316017306756978,0.1483301790358322,0.1288402247603365,0.1161404090028019,0.0963341279012603,0.09405696806828827,0.24789359714872813,0.27474004033846927,0.07979522557249667,0.17268750377091166,0.12132203519064937,0.08968644158918337]",672,0.004479977258295583,0.010696946492293828,0.011589848389683034,0.008759671448655795,0.9342645201710387,0.9724056212190535,0.000579453301112571,0.9386334958937412,10.944972525039905,0.007623003647634961,0.012181203890316695,0.001116093687403447,0.00784386082918772,1.5979533073024197,0.6799590599753199,2.334436410539772,0.011589066022251421,True
7,TRX,ridge_peers,2025-10-01 00:00:00+00:00,2025-07-05 00:00:00+00:00,2025-09-03 00:00:00+00:00,2025-09-03 00:00:00+00:00,2025-10-01 00:00:00+00:00,10.0,"[0, 1, 2, 3, 4, 5, 6, 8, 9, 10, 11, 12, 13, 14, 15, 16, 17, 18, 19]","[""BTC"", ""ETH"", ""BNB"", ""SOL"", ""XRP"", ""DOGE"", ""ADA"", ""LINK"", ""SUI"", ""AVAX"", ""LTC"", ""BCH"", ""DOT"", ""HBAR"", ""XLM"", ""FIL"", ""UNI"", ""NEAR"", ""AAVE""]",-2.3148874253655256,"[-0.002402733033244855,0.020826283642664974,0.04040163544295105,0.026211312097711874,0.011833031113695706,0.012660076391225338,0.022240132508144893,0.01750947621735486,0.004889986314736474,0.023416627929681823,0.029113727408631638,0.052943701915733166,0.0019192839748578213,0.01169623679819458,0.007218786165974784,-0.01773277047324569,0.022795259482552833,0.004047262912884799,0.0071743230955604986]",True,,"{""AAVE"":-0.0071743230955604986,""ADA"":-0.022240132508144893,""AVAX"":-0.023416627929681823,""BCH"":-0.052943701915733166,""BNB"":-0.04040163544295105,""BTC"":0.002402733033244855,""DOGE"":-0.012660076391225338,""DOT"":-0.0019192839748578213,""ETH"":-0.020826283642664974,""FIL"":0.01773277047324569,""HBAR"":-0.01169623679819458,""LINK"":-0.01750947621735486,""LTC"":-0.029113727408631638,""NEAR"":-0.004047262912884799,""SOL"":-0.026211312097711874,""SUI"":-0.004889986314736474,""UNI"":-0.022795259482552833,""XLM"":-0.007218786165974784,""XRP"":-0.011833031113695706}","[11.65453040783648,8.23435289698096,6.661131574553694,5.191715679585388,1.0912838657527004,-1.5289691995048,-0.23344280203701928,2.9601076605918477,1.2803397768694902,3.134012394181766,4.698051704205841,6.3047604101809425,1.3633030334481604,-1.4409643206835339,-0.9226119436888057,0.9129866229837917,2.283447999690449,0.9530074382856504,5.703792692704996]","[0.03322851010161102,0.17709391674479064,0.08883959980697287,0.09412515151735143,0.10702902195501957,0.10996274168764443,0.12486298838440507,0.19971234496097853,0.09398032441978055,0.09398014470979885,0.10644438764153381,0.0624658365188745,0.07025533840587089,0.14808991357812223,0.16861006235140014,0.0699739558063807,0.1169134138576668,0.0850210720289986,0.07853658813463857]",672,0.0069066555144895354,0.012416433114024343,0.014200010045244443,0.011310133329551376,0.49649215932201085,0.7998344714344119,0.004269085389523305,0.965621015250215,19.813350148596687,0.01624392465174051,0.006656579172559777,0.006350398691445704,0.007462912337533368,2.4402811460130103,1.0480867940601126,2.4251414363657964,0.0853817077904661,True
4,XRP,ols_peers,2026-02-01 00:00:00+00:00,2025-11-05 00:00:00+00:00,2026-01-04 00:00:00+00:00,2026-01-04 00:00:00+00:00,2026-02-01 00:00:00+00:00,10.0,"[0, 1, 2, 3, 5, 6, 7, 8, 9, 10, 11, 12, 13, 14, 15, 16, 17, 18, 19]","[""BTC"", ""ETH"", ""BNB"", ""SOL"", ""DOGE"", ""ADA"", ""TRX"", ""LINK"", ""SUI"", ""AVAX"", ""LTC"", ""BCH"", ""DOT"", ""HBAR"", ""XLM"", ""FIL"", ""UNI"", ""NEAR"", ""AAVE""]",1.0365297093904022,"[-0.04178373634583889,0.09375035775919642,0.08082438424226522,-0.19082882339216853,0.43741824632647014,-0.47448515358119564,0.1658554459304471,-0.15977140722250516,0.14526954879313733,0.10378230452853714,0.23983163009240457,-0.056850292826471055,-0.019274447979184924,0.3196693629177487,0.30046627725346103,-0.04374159308772992,0.05976990502142021,-0.08444429666377914,0.16784053620246842]",True,,"{""AAVE"":-0.16784053620246842,""ADA"":0.47448515358119564,""AVAX"":-0.10378230452853714,""BCH"":0.056850292826471055,""BNB"":-0.08082438424226522,""BTC"":0.04178373634583889,""DOGE"":-0.43741824632647014,""DOT"":0.019274447979184924,""ETH"":-0.09375035775919642,""FIL"":0.04374159308772992,""HBAR"":-0.3196693629177487,""LINK"":0.15977140722250516,""LTC"":-0.23983163009240457,""NEAR"":0.08444429666377914,""SOL"":0.19082882339216853,""SUI"":-0.14526954879313733,""TRX"":-0.1658554459304471,""UNI"":-0.05976990502142021,""XLM"":-0.30046627725346103}","[11.422474889436396,8.029152343621961,6.788166329985676,4.907923767981494,-1.9382158719908797,-0.8536488620193096,-1.2606563266439446,2.59501696799918,0.46479784326417645,2.631766187680417,4.439103911452694,6.3086715124499255,0.8023159612915922,-2.00511287832979,-1.4235313606066478,0.4585094044836392,1.8032530535842533,0.6103651661249511,5.1840158153563385]","[0.05813362554997316,0.062127401359054306,0.049357502949512674,0.08305150009248735,0.10994607614663612,0.15019673392355617,0.022562339138720484,0.08001262712407603,0.1286024553425242,0.11453395388948846,0.09497365111626473,0.0773414102624357,0.1849610799630676,0.15795109732669646,0.0975082575966829,0.22233913371486946,0.12433758124999898,0.19236920769919685,0.10765978058661074]",672,0.05518678550340289,0.01825198743033559,0.05812246211819822,0.05568089815381411,0.36339835147503863,0.9715826700476872,0.003689490543728998,0.970143690095366,22.8677790891214,0.021184120875590864,0.010725511080531502,0.04800510608433428,0.062368464922471493,1.9751152850928841,6.027982957160654,7.986873245001064,0.04052336382243717,True
6,ADA,ols_peers,2026-02-01 00:00:00+00:00,2025-11-05 00:00:00+00:00,2026-01-04 00:00:00+00:00,2026-01-04 00:00:00+00:00,2026-02-01 00:00:00+00:00,10.0,"[0, 1, 2, 3, 4, 5, 7, 8, 9, 10, 11, 12, 13, 14, 15, 16, 17, 18, 19]","[""BTC"", ""ETH"", ""BNB"", ""SOL"", ""XRP"", ""DOGE"", ""TRX"", ""LINK"", ""SUI"", ""AVAX"", ""LTC"", ""BCH"", ""DOT"", ""HBAR"", ""XLM"", ""FIL"", ""UNI"", ""NEAR"", ""AAVE""]",-2.1378879126002115,"[0.3420020002215306,0.3569827494871847,-0.24842553611815052,-0.43976091105593296,-0.4682799499565477,0.27562957273343336,-0.03183912244680401,0.043566168583251574,0.2657337055724709,-0.16102416733383096,0.12474676372157979,-0.14477788578227177,0.38180635757416,0.20135912818888652,0.4690515621584421,-0.05644455416245285,-0.014451728779899631,-0.049625370632171685,0.11275373392925356]",True,,"{""AAVE"":-0.11275373392925356,""AVAX"":0.16102416733383096,""BCH"":0.14477788578227177,""BNB"":0.24842553611815052,""BTC"":-0.3420020002215306,""DOGE"":-0.27562957273343336,""DOT"":-0.38180635757416,""ETH"":-0.3569827494871847,""FIL"":0.05644455416245285,""HBAR"":-0.20135912818888652,""LINK"":-0.043566168583251574,""LTC"":-0.12474676372157979,""NEAR"":0.049625370632171685,""SOL"":0.43976091105593296,""SUI"":-0.2657337055724709,""TRX"":0.03183912244680401,""UNI"":0.014451728779899631,""XLM"":-0.4690515621584421,""XRP"":0.4682799499565477}","[11.422474889436396,8.029152343621961,6.788166329985676,4.907923767981494,0.7263538585309183,-1.9382158719908797,-1.2606563266439446,2.59501696799918,0.46479784326417645,2.631766187680417,4.439103911452694,6.3086715124499255,0.8023159612915922,-2.00511287832979,-1.4235313606066478,0.4585094044836392,1.8032530535842533,0.6103651661249511,5.1840158153563385]","[0.05813362554997316,0.062127401359054306,0.049357502949512674,0.08305150009248735,0.0831942209798814,0.10994607614663612,0.022562339138720484,0.08001262712407603,0.1286024553425242,0.11453395388948846,0.09497365111626473,0.0773414102624357,0.1849610799630676,0.15795109732669646,0.0975082575966829,0.22233913371486946,0.12433758124999898,0.19236920769919685,0.10765978058661074]",672,0.010517509051153865,0.01636195236276438,0.0194405015007353,0.015592562592875569,0.9379414650400748,0.9872089068515782,0.010741441939315968,0.9666998279576604,20.466593305621736,0.01516877391845305,0.014407044137875474,0.0035075830722680838,0.01752743503003965,1.0528720376843312,1.3442274096072748,3.705023007469749,0.07160961292877312,True
3,SOL,ols_peers,2026-03-01 00:00:00+00:00,2025-12-03 00:00:00+00:00,2026-02-01 00:00:00+00:00,2026-02-01 00:00:00+00:00,2026-03-01 00:00:00+00:00,10.0,"[0, 1, 2, 4, 5, 6, 7, 8, 9, 10, 11, 12, 13, 14, 15, 16, 17, 18, 19]","[""BTC"", ""ETH"", ""BNB"", ""XRP"", ""DOGE"", ""ADA"", ""TRX"", ""LINK"", ""SUI"", ""AVAX"", ""LTC"", ""BCH"", ""DOT"", ""HBAR"", ""XLM"", ""FIL"", ""UNI"", ""NEAR"", ""AAVE""]",-4.267538957642798,"[0.7003787281894119,-0.17067655387811217,0.382984558926478,-0.25486604259542867,0.03068140541148379,0.04787338527433773,-0.025685173160763124,-0.04215877146628442,0.3064561988299234,0.09167146985494762,-0.015980735068764917,-0.06301158725417214,-0.0944877522982128,0.09792484286788486,-0.09360004155186973,0.06178396558185519,-0.0009735879012143687,0.08888430714189939,0.0888348751552054]",True,,"{""AAVE"":-0.0888348751552054,""ADA"":-0.04787338527433773,""AVAX"":-0.09167146985494762,""BCH"":0.06301158725417214,""BNB"":-0.382984558926478,""BTC"":-0.7003787281894119,""DOGE"":-0.03068140541148379,""DOT"":0.0944877522982128,""ETH"":0.17067655387811217,""FIL"":-0.06178396558185519,""HBAR"":-0.09792484286788486,""LINK"":0.04215877146628442,""LTC"":0.015980735068764917,""NEAR"":-0.08888430714189939,""SUI"":-0.3064561988299234,""TRX"":0.025685173160763124,""UNI"":0.0009735879012143687,""XLM"":0.09360004155186973,""XRP"":0.25486604259542867}","[11.405678125906595,8.02302295820492,6.783819791877351,0.6816397600437157,-2.017068267324545,-0.9621725153266003,-1.2379869422747924,2.5568440762714424,0.4451880466156622,2.5595209676305037,4.340331032452833,6.384052792695384,0.6807169902903313,-2.1458496599815695,-1.5015947221190225,0.32243833419383083,1.692342050378974,0.4729109605743686,5.123252186662454]","[0.03231057506694994,0.050541213204535154,0.034267808875159386,0.06280326958708661,0.07575936501005442,0.08475115555495467,0.036087669606542694,0.06972336440232874,0.1046785992878133,0.0783937067802892,0.07587632459534953,0.04774174661322981,0.08947555792370444,0.08946931665001934,0.06887411570282456,0.08954311487479015,0.09523369439850202,0.08314712526406665,0.09905023450615806]",672,-0.03903862848436193,0.01793402420915131,0.04295538526607922,0.03909867404325661,0.6859537018998537,0.9739199185839466,0.012846403602947816,0.9640761101510886,18.946194246533533,0.020196384993318436,0.014505482332425134,-0.04263295886662642,-0.03544429810209744,1.3923277096530615,3.790403584291763,6.739606554942888,0.06423201801473907,True
4,XRP,ols_peers,2026-03-01 00:00:00+00:00,2025-12-03 00:00:00+00:00,2026-02-01 00:00:00+00:00,2026-02-01 00:00:00+00:00,2026-03-01 00:00:00+00:00,10.0,"[0, 1, 2, 3, 5, 6, 7, 8, 9, 10, 11, 12, 13, 14, 15, 16, 17, 18, 19]","[""BTC"", ""ETH"", ""BNB"", ""SOL"", ""DOGE"", ""ADA"", ""TRX"", ""LINK"", ""SUI"", ""AVAX"", ""LTC"", ""BCH"", ""DOT"", ""HBAR"", ""XLM"", ""FIL"", ""UNI"", ""NEAR"", ""AAVE""]",-3.778284296184636,"[0.39139125285413107,0.060352099261872585,0.41036155783380884,-0.3053122705898509,0.23387025050375942,-0.14010887029522473,-0.24844834567900498,-0.44016596582832973,0.5034348984114398,-0.14508991805789997,-0.026523812823196224,0.032699690145119614,0.06654971527100474,0.3443333700698452,0.1450679298403487,0.057254265766832076,0.02566311449626877,-0.14327391012136048,0.06660088725716089]",True,,"{""AAVE"":-0.06660088725716089,""ADA"":0.14010887029522473,""AVAX"":0.14508991805789997,""BCH"":-0.032699690145119614,""BNB"":-0.41036155783380884,""BTC"":-0.39139125285413107,""DOGE"":-0.23387025050375942,""DOT"":-0.06654971527100474,""ETH"":-0.060352099261872585,""FIL"":-0.057254265766832076,""HBAR"":-0.3443333700698452,""LINK"":0.44016596582832973,""LTC"":0.026523812823196224,""NEAR"":0.14327391012136048,""SOL"":0.3053122705898509,""SUI"":-0.5034348984114398,""TRX"":0.24844834567900498,""UNI"":-0.02566311449626877,""XLM"":-0.1450679298403487}","[11.405678125906595,8.02302295820492,6.783819791877351,4.8728047656968245,-2.017068267324545,-0.9621725153266003,-1.2379869422747924,2.5568440762714424,0.4451880466156622,2.5595209676305037,4.340331032452833,6.384052792695384,0.6807169902903313,-2.1458496599815695,-1.5015947221190225,0.32243833419383083,1.692342050378974,0.4729109605743686,5.123252186662454]","[0.03231057506694994,0.050541213204535154,0.034267808875159386,0.059254907573453815,0.07575936501005442,0.08475115555495467,0.036087669606542694,0.06972336440232874,0.1046785992878133,0.0783937067802892,0.07587632459534953,0.04774174661322981,0.08947555792370444,0.08946931665001934,0.06887411570282456,0.08954311487479015,0.09523369439850202,0.08314712526406665,0.09905023450615806]",672,-0.0123249157160714,0.01953825479171204,0.02308850097295086,0.01678150870440877,0.848397973807746,0.9443658302769412,0.0047679785371653,0.957457900275175,15.944121031988985,0.023071561569912306,0.012146791609465241,-0.01882616550584295,-0.005823665926299851,1.8993955203721506,1.310112417920449,4.435021930588607,0.06423201801473907,True
6,ADA,ols_peers,2026-03-01 00:00:00+00:00,2025-12-03 00:00:00+00:00,2026-02-01 00:00:00+00:00,2026-02-01 00:00:00+00:00,2026-03-01 00:00:00+00:00,10.0,"[0, 1, 2, 3, 4, 5, 7, 8, 9, 10, 11, 12, 13, 14, 15, 16, 17, 18, 19]","[""BTC"", ""ETH"", ""BNB"", ""SOL"", ""XRP"", ""DOGE"", ""TRX"", ""LINK"", ""SUI"", ""AVAX"", ""LTC"", ""BCH"", ""DOT"", ""HBAR"", ""XLM"", ""FIL"", ""UNI"", ""NEAR"", ""AAVE""]",1.8073307872145312,"[-0.4036821870615364,0.4428764682248173,-0.007976244494619818,0.057789217304303774,-0.14118417531839472,0.2266118310564624,-0.116122532167633,-0.27654859539172777,0.008408852633305245,-0.0394812513037755,-0.01872244430363948,-0.0477912771991498,0.09626351107435056,0.1912056154352998,0.5345290151833686,0.03820686653864375,-0.05616312779445531,0.16877392576692615,0.1570751432279158]",True,,"{""AAVE"":-0.1570751432279158,""AVAX"":0.0394812513037755,""BCH"":0.0477912771991498,""BNB"":0.007976244494619818,""BTC"":0.4036821870615364,""DOGE"":-0.2266118310564624,""DOT"":-0.09626351107435056,""ETH"":-0.4428764682248173,""FIL"":-0.03820686653864375,""HBAR"":-0.1912056154352998,""LINK"":0.27654859539172777,""LTC"":0.01872244430363948,""NEAR"":-0.16877392576692615,""SOL"":-0.057789217304303774,""SUI"":-0.008408852633305245,""TRX"":0.116122532167633,""UNI"":0.05616312779445531,""XLM"":-0.5345290151833686,""XRP"":0.14118417531839472}","[11.405678125906595,8.02302295820492,6.783819791877351,4.8728047656968245,0.6816397600437157,-2.017068267324545,-1.2379869422747924,2.5568440762714424,0.4451880466156622,2.5595209676305037,4.340331032452833,6.384052792695384,0.6807169902903313,-2.1458496599815695,-1.5015947221190225,0.32243833419383083,1.692342050378974,0.4729109605743686,5.123252186662454]","[0.03231057506694994,0.050541213204535154,0.034267808875159386,0.059254907573453815,0.06280326958708661,0.07575936501005442,0.036087669606542694,0.06972336440232874,0.1046785992878133,0.0783937067802892,0.07587632459534953,0.04774174661322981,0.08947555792370444,0.08946931665001934,0.06887411570282456,0.08954311487479015,0.09523369439850202,0.08314712526406665,0.09905023450615806]",672,0.024177450281091445,0.014811192837581146,0.028347735179048036,0.024887162266542508,0.6256828356025207,0.9527244340655602,0.006571414554736866,0.9621938646251591,17.985451485121928,0.011387331058286602,0.01644107050918998,0.01974460219871526,0.02861029836346763,1.4438036819194568,2.408518523608157,5.206635239857178,0.06423201801473907,True
9,SUI,ols_peers,2026-03-01 00:00:00+00:00,2025-12-03 00:00:00+00:00,2026-02-01 00:00:00+00:00,2026-02-01 00:00:00+00:00,2026-03-01 00:00:00+00:00,10.0,"[0, 1, 2, 3, 4, 5, 6, 7, 8, 10, 11, 12, 13, 14, 15, 16, 17, 18, 19]","[""BTC"", ""ETH"", ""BNB"", ""SOL"", ""XRP"", ""DOGE"", ""ADA"", ""TRX"", ""LINK"", ""AVAX"", ""LTC"", ""BCH"", ""DOT"", ""HBAR"", ""XLM"", ""FIL"", ""UNI"", ""NEAR"", ""AAVE""]",4.544597314187485,"[-0.5827800669643535,-0.2141901849546923,-0.47308116152137747,0.714221715693264,0.9794351241601118,-0.021036636278174127,0.016234865989057195,0.4695579219030162,0.5653630540733703,0.3495996432898833,0.16621873993375527,0.0630893512962435,-0.10313737311727594,-0.78464736803556,0.36234147691508006,0.02557311288543491,-0.14253958097276678,0.21510828914995025,-0.10165321790807494]",True,,"{""AAVE"":0.10165321790807494,""ADA"":-0.016234865989057195,""AVAX"":-0.3495996432898833,""BCH"":-0.0630893512962435,""BNB"":0.47308116152137747,""BTC"":0.5827800669643535,""DOGE"":0.021036636278174127,""DOT"":0.10313737311727594,""ETH"":0.2141901849546923,""FIL"":-0.02557311288543491,""HBAR"":0.78464736803556,""LINK"":-0.5653630540733703,""LTC"":-0.16621873993375527,""NEAR"":-0.21510828914995025,""SOL"":-0.714221715693264,""TRX"":-0.4695579219030162,""UNI"":0.14253958097276678,""XLM"":-0.36234147691508006,""XRP"":-0.9794351241601118}","[11.405678125906595,8.02302295820492,6.783819791877351,4.8728047656968245,0.6816397600437157,-2.017068267324545,-0.9621725153266003,-1.2379869422747924,2.5568440762714424,2.5595209676305037,4.340331032452833,6.384052792695384,0.6807169902903313,-2.1458496599815695,-1.5015947221190225,0.32243833419383083,1.692342050378974,0.4729109605743686,5.123252186662454]","[0.03231057506694994,0.050541213204535154,0.034267808875159386,0.059254907573453815,0.06280326958708661,0.07575936501005442,0.08475115555495467,0.036087669606542694,0.06972336440232874,0.0783937067802892,0.07587632459534953,0.04774174661322981,0.08947555792370444,0.08946931665001934,0.06887411570282456,0.08954311487479015,0.09523369439850202,0.08314712526406665,0.09905023450615806]",672,0.06692175621809626,0.03306690401604734,0.07463453947881925,0.06812806590339078,0.041012989513822595,0.9778924423762733,0.010754912412522081,0.9656732553615212,19.844036701968648,0.03957958721420934,0.023608872750980878,0.06117786131188264,0.07266565112430991,1.6764708604126355,7.042848663193141,12.048200018652702,0.06423201801473907,True
10,AVAX,ridge_peers,2026-05-01 00:00:00+00:00,2026-02-02 00:00:00+00:00,2026-04-03 00:00:00+00:00,2026-04-03 00:00:00+00:00,2026-05-01 00:00:00+00:00,10.0,"[0, 1, 2, 3, 4, 5, 6, 7, 8, 9, 11, 12, 13, 14, 15, 16, 17, 18, 19]","[""BTC"", ""ETH"", ""BNB"", ""SOL"", ""XRP"", ""DOGE"", ""ADA"", ""TRX"", ""LINK"", ""SUI"", ""LTC"", ""BCH"", ""DOT"", ""HBAR"", ""XLM"", ""FIL"", ""UNI"", ""NEAR"", ""AAVE""]",0.6371414343949224,"[0.054045979694862196,0.04234634224123822,0.03501775303430798,0.0373248390013044,0.03410324395761437,0.026762195183033827,0.023029178457853204,0.011773304981099682,0.05729751634780649,0.03174203510439657,0.06188097401306856,-0.003991901755892145,0.021305186855787823,0.014039968449436049,0.0331099006842745,0.01088346301204048,0.029989533200209688,0.016941529372029928,0.013163219377500455]",True,,"{""AAVE"":-0.013163219377500455,""ADA"":-0.023029178457853204,""BCH"":0.003991901755892145,""BNB"":-0.03501775303430798,""BTC"":-0.054045979694862196,""DOGE"":-0.026762195183033827,""DOT"":-0.021305186855787823,""ETH"":-0.04234634224123822,""FIL"":-0.01088346301204048,""HBAR"":-0.014039968449436049,""LINK"":-0.05729751634780649,""LTC"":-0.06188097401306856,""NEAR"":-0.016941529372029928,""SOL"":-0.0373248390013044,""SUI"":-0.03174203510439657,""TRX"":-0.011773304981099682,""UNI"":-0.029989533200209688,""XLM"":-0.0331099006842745,""XRP"":-0.03410324395761437}","[11.142711167302819,7.6259077500955215,6.454280879279242,4.456794577493963,0.34273913969172526,-2.3493128524639513,-1.3166977817934193,-1.2342338371175763,2.185746988823447,-0.05345112388005175,4.001801977796715,6.191274531867864,0.34240717584144,-2.358572084254587,-1.8164234602772593,-0.07248363852761644,1.2922140118245087,0.1571877442013307,4.7268982972486455]","[0.04047354553636059,0.05156758363508723,0.05237782908932082,0.05686832512640232,0.047816430916526424,0.049462179449456425,0.05364460242075829,0.045701288212777386,0.0419256657364656,0.06414938427636951,0.03367988743179639,0.08066912042390348,0.0817820309579124,0.05077019204461609,0.04762705890118828,0.06968340916938108,0.06426931938464726,0.1146586479342599,0.07457576303153354]",672,0.0047177558770923915,0.015310768363142841,0.016010247020383738,0.012489886770901475,0.6137236130187352,0.8265321348553681,0.001495237577086274,0.9589413952417547,16.532902852716813,0.018172787223980094,0.010590461831334576,0.008395404017748439,0.0010401077364363448,1.7159579547523867,0.9591401783773518,3.414279508298735,0.029904751541725477,True
11,LTC,ridge_peers,2026-05-01 00:00:00+00:00,2026-02-02 00:00:00+00:00,2026-04-03 00:00:00+00:00,2026-04-03 00:00:00+00:00,2026-05-01 00:00:00+00:00,10.0,"[0, 1, 2, 3, 4, 5, 6, 7, 8, 9, 10, 12, 13, 14, 15, 16, 17, 18, 19]","[""BTC"", ""ETH"", ""BNB"", ""SOL"", ""XRP"", ""DOGE"", ""ADA"", ""TRX"", ""LINK"", ""SUI"", ""AVAX"", ""BCH"", ""DOT"", ""HBAR"", ""XLM"", ""FIL"", ""UNI"", ""NEAR"", ""AAVE""]",2.9836921988141425,"[0.036354554700729014,0.02875603725910681,0.02779936965600337,0.02824636134351982,0.027106534599296052,0.022990584165257406,0.019806662302947645,0.008054710822741772,0.03729801911748867,0.02105672856233772,0.030113421816665834,0.002636334922410997,0.012037386127191978,0.005791925111910687,0.02714952475477698,0.014540753824414793,0.015536807412032385,0.007410275304721099,0.009349547271069104]",True,,"{""AAVE"":-0.009349547271069104,""ADA"":-0.019806662302947645,""AVAX"":-0.030113421816665834,""BCH"":-0.002636334922410997,""BNB"":-0.02779936965600337,""BTC"":-0.036354554700729014,""DOGE"":-0.022990584165257406,""DOT"":-0.012037386127191978,""ETH"":-0.02875603725910681,""FIL"":-0.014540753824414793,""HBAR"":-0.005791925111910687,""LINK"":-0.03729801911748867,""NEAR"":-0.007410275304721099,""SOL"":-0.02824636134351982,""SUI"":-0.02105672856233772,""TRX"":-0.008054710822741772,""UNI"":-0.015536807412032385,""XLM"":-0.02714952475477698,""XRP"":-0.027106534599296052}","[11.142711167302819,7.6259077500955215,6.454280879279242,4.456794577493963,0.34273913969172526,-2.3493128524639513,-1.3166977817934193,-1.2342338371175763,2.185746988823447,-0.05345112388005175,2.221964360895453,6.191274531867864,0.34240717584144,-2.358572084254587,-1.8164234602772593,-0.07248363852761644,1.2922140118245087,0.1571877442013307,4.7268982972486455]","[0.04047354553636059,0.05156758363508723,0.05237782908932082,0.05686832512640232,0.047816430916526424,0.049462179449456425,0.05364460242075829,0.045701288212777386,0.0419256657364656,0.06414938427636951,0.04827154243988075,0.08066912042390348,0.0817820309579124,0.05077019204461609,0.04762705890118828,0.06968340916938108,0.06426931938464726,0.1146586479342599,0.07457576303153354]",672,0.0049011088916114665,0.009391548257537465,0.010587294049336183,0.008528677426444257,0.7050400997115205,0.9416615553370906,0.004830873981014851,0.9606667665255894,17.27353929184477,0.007486686521378273,0.007199948485550328,-0.0009542826824852688,0.010756500465708202,1.0398250121377124,0.734181613603699,2.0155135781258706,0.048308739810148514,True
