target,prediction_rows,basket_rows,model
BTC,0,0,simplex_ridge
ETH,0,0,simplex_ridge
BNB,0,0,simplex_ridge
SOL,0,0,simplex_ridge
XRP,8928,8928,simplex_ridge
DOGE,0,0,simplex_ridge
ADA,16992,16992,simplex_ridge
TRX,0,0,simplex_ridge
LINK,17856,17856,simplex_ridge
SUI,0,0,simplex_ridge
AVAX,0,0,simplex_ridge
LTC,0,0,simplex_ridge
BCH,8928,8928,simplex_ridge
DOT,0,0,simplex_ridge
HBAR,0,0,simplex_ridge
XLM,8064,8064,simplex_ridge
FIL,16992,16992,simplex_ridge
UNI,0,0,simplex_ridge
NEAR,0,0,simplex_ridge
AAVE,0,0,simplex_ridge
