id,model,frequency_min,target,signal_time,entry_time,exit_time,gross_target,entry_turnover,exit_turnover,price_pnl,fee,funding_cashflow,net_pnl,net_pnl_including_funding,hold_minutes,z_entry,reason
1,B0,15,XRPUSDT,2026-03-04 15:29:00+00:00,2026-03-04 15:31:00+00:00,2026-03-04 17:31:00+00:00,10000.0,9973.724242843315,9949.52288756742,24.201355275894322,3.984649426082147,0.4830861291660905,20.216705849812175,20.699791978978265,120.0,2.009747425236957,mean
2,B0,15,AVAXUSDT,2026-03-04 15:59:00+00:00,2026-03-04 16:01:00+00:00,2026-03-04 17:31:00+00:00,9986.040326372564,10008.658764257892,9807.149044915875,201.50971934201792,3.9631615618347533,0.0,197.54655778018315,197.54655778018315,90.0,2.4634927695841595,mean
3,B0,15,DOGEUSDT,2026-03-04 15:59:00+00:00,2026-03-04 16:01:00+00:00,2026-03-04 17:46:00+00:00,9986.040326372564,10008.233768859704,10365.346434334588,-357.11266547488384,4.074716040638858,0.0,-361.1873815155227,-361.1873815155227,105.0,2.293570832568992,stop
4,B0,15,BCHUSDT,2026-03-13 00:44:00+00:00,2026-03-13 00:46:00+00:00,2026-03-13 02:31:00+00:00,9985.705896824365,9986.349513060062,9921.129734509528,65.21977855053449,3.981495849513918,0.0,61.238282701020566,61.238282701020566,105.0,2.406207150143025,mean
5,B0,15,ADAUSDT,2026-03-16 05:59:00+00:00,2026-03-16 06:01:00+00:00,2026-03-16 08:31:00+00:00,9991.829725094469,9991.82972509447,9939.843098012812,51.98662708165702,3.986334564621457,1.0046206350711828,48.00029251703556,49.004913152106745,150.0,2.003173438198815,mean
6,B0,15,BCHUSDT,2026-03-29 14:29:00+00:00,2026-03-29 14:31:00+00:00,2026-03-29 17:31:00+00:00,9996.730216409678,9986.19262835753,9669.849933975715,-316.342694381815,3.9312085124666494,0.1372593635404414,-320.27390289428166,-320.1366435307412,180.0,-2.362139256633358,stop
7,B0,15,LTCUSDT,2026-04-02 02:44:00+00:00,2026-04-02 02:46:00+00:00,2026-04-02 06:01:00+00:00,9964.716552056605,9979.912459875219,9917.229340123435,-62.68311975178541,3.979428359999731,0.0,-66.66254811178514,-66.66254811178514,195.0,-2.178687027976948,mean
8,B0,15,UNIUSDT,2026-04-02 04:29:00+00:00,2026-04-02 04:31:00+00:00,2026-04-02 06:46:00+00:00,9961.667721091417,9955.630346714997,10064.303085490541,108.67273877554283,4.003986686441108,0.0,104.66875208910172,104.66875208910172,135.0,-2.306917842344204,mean
9,B0,15,UNIUSDT,2026-04-02 13:59:00+00:00,2026-04-02 14:01:00+00:00,2026-04-02 16:16:00+00:00,9968.517172454334,9946.237600229819,10130.839770090084,184.6021698602649,4.01541547406398,3.0563770605614775,180.58675438620094,183.64313144676242,135.0,-2.363363678107672,mean
11,B0,15,BTCUSDT,2026-04-06 00:14:00+00:00,2026-04-06 00:16:00+00:00,2026-04-06 01:46:00+00:00,9986.881485599013,10001.67308149461,9932.3762585769,69.29682291770874,3.986809868014302,0.0,65.31001304969445,65.31001304969445,90.0,2.0010270926129294,mean
12,B0,15,AVAXUSDT,2026-04-06 00:29:00+00:00,2026-04-06 00:31:00+00:00,2026-04-06 02:31:00+00:00,9990.314168988836,10011.879876854975,10368.792342039573,-356.9124651845979,4.076134443778909,0.0,-360.9885996283768,-360.9885996283768,120.0,2.2753755914381717,stop
10,B0,15,ADAUSDT,2026-04-06 00:14:00+00:00,2026-04-06 00:16:00+00:00,2026-04-06 03:46:00+00:00,9986.881485599013,9994.723559792654,10069.22326463222,-74.49970483956695,4.012789364884975,0.0,-78.51249420445191,-78.51249420445191,210.0,2.584785755312545,mean
13,B0,15,AVAXUSDT,2026-04-06 02:44:00+00:00,2026-04-06 02:46:00+00:00,2026-04-06 04:01:00+00:00,9948.095347147264,9938.77192132988,9807.208023684594,131.56389764528703,3.949195989002895,0.0,127.61470165628414,127.61470165628414,75.0,2.1018608643328527,mean
14,B0,15,AAVEUSDT,2026-04-07 11:29:00+00:00,2026-04-07 11:31:00+00:00,2026-04-07 13:31:00+00:00,9962.223847686328,9970.281105564296,10085.384789535252,115.103683970957,4.011133179019909,0.0,111.09255079193709,111.09255079193709,120.0,-2.1057376371632843,mean
15,B0,15,DOTUSDT,2026-04-07 21:44:00+00:00,2026-04-07 21:46:00+00:00,2026-04-07 23:01:00+00:00,9973.333102765522,9996.855114800346,10294.800600574788,-297.945485774442,4.058331143075027,0.0,-302.003816917517,-302.003816917517,75.0,2.1016104738512027,stop
17,B0,15,SUIUSDT,2026-04-07 22:44:00+00:00,2026-04-07 22:46:00+00:00,2026-04-07 23:16:00+00:00,9951.963354831883,9946.609382723624,10256.068970580996,-309.4595878573723,4.040535670660924,0.0,-313.50012352803327,-313.50012352803327,30.0,2.1939305764608283,stop
16,B0,15,ADAUSDT,2026-04-07 22:44:00+00:00,2026-04-07 22:46:00+00:00,2026-04-08 01:31:00+00:00,9951.963354831883,9963.499633836713,10044.25358687051,-80.75395303379777,4.001550644141444,1.0101934981894654,-84.75550367793922,-83.74531017974975,165.0,2.2395676748241935,mean
19,B0,15,SUIUSDT,2026-04-07 23:29:00+00:00,2026-04-07 23:31:00+00:00,2026-04-08 02:46:00+00:00,9883.168713819272,9831.49333916223,9772.72526602285,58.76807313938081,3.9208437210370164,0.9723148418198204,54.847229418343794,55.81954426016362,195.0,3.881238119570174,mean
18,B0,15,HBARUSDT,2026-04-07 23:14:00+00:00,2026-04-07 23:16:00+00:00,2026-04-08 03:01:00+00:00,9893.564201756139,9909.670503365249,10015.972093985376,-106.30159062012832,3.985128519470125,0.9861351598537919,-110.28671913959845,-109.30058397974466,225.0,3.567766465922388,mean
20,B0,15,BNBUSDT,2026-04-12 01:44:00+00:00,2026-04-12 01:46:00+00:00,2026-04-12 05:16:00+00:00,9898.06007373103,9887.428430257636,9875.467831350066,-11.960598907570173,3.9525792523215406,0.0,-15.913178159891713,-15.913178159891713,210.0,-2.041302936112315,mean
21,B0,15,BCHUSDT,2026-04-12 02:14:00+00:00,2026-04-12 02:16:00+00:00,2026-04-12 05:31:00+00:00,9898.942101452694,9934.385406819247,9915.264676292554,-19.120730526691656,3.9699300166223606,0.0,-23.090660543314016,-23.090660543314016,195.0,-2.0347217786923077,mean
22,B0,15,AAVEUSDT,2026-04-13 23:29:00+00:00,2026-04-13 23:31:00+00:00,2026-04-14 00:46:00+00:00,9894.159689860711,9894.159689860711,9671.31394720846,222.84574265225172,3.913094727413834,0.9870249202451673,218.93264792483788,219.91967284508306,75.0,2.057144989514426,mean
23,B0,15,ETHUSDT,2026-04-13 23:29:00+00:00,2026-04-13 23:31:00+00:00,2026-04-14 01:31:00+00:00,9894.159689860711,9883.96490844571,9786.03698778048,97.92792066522986,3.934000379245238,0.9816869985230726,93.99392028598463,94.9756072845077,120.0,2.012655887160014,mean
24,B0,15,DOGEUSDT,2026-04-14 13:59:00+00:00,2026-04-14 14:01:00+00:00,2026-04-14 15:16:00+00:00,9925.649217873672,9989.065360856788,9765.063178384165,224.0021824726228,3.9508257078481908,0.0,220.0513567647746,220.0513567647746,75.0,2.030073207710335,mean
25,B0,15,TRXUSDT,2026-04-15 12:29:00+00:00,2026-04-15 12:31:00+00:00,2026-04-15 15:46:00+00:00,9947.654353550148,9939.127096573066,9946.740718874033,-7.613622300966861,3.97717356308942,0.0,-11.59079586405628,-11.59079586405628,195.0,2.1432913069004327,mean
26,B0,15,SUIUSDT,2026-04-27 05:29:00+00:00,2026-04-27 05:31:00+00:00,2026-04-27 09:01:00+00:00,9946.495273963743,9933.728353085835,9878.405029281565,-55.323323804269215,3.9624266764734797,0.9815006222097771,-59.2857504807427,-58.30424985853292,210.0,-2.265690715931808,mean
27,B0,15,ADAUSDT,2026-04-27 05:29:00+00:00,2026-04-27 05:31:00+00:00,2026-04-27 09:01:00+00:00,9946.495273963743,9934.492262772314,9902.484232928506,-32.00802984380912,3.967395299140164,0.5764719793338697,-35.975425142949284,-35.39895316361542,210.0,-2.1288736552974568,mean
28,B0,15,XRPUSDT,2026-04-27 05:29:00+00:00,2026-04-27 05:31:00+00:00,2026-04-27 09:01:00+00:00,9946.495273963743,9945.093470669548,9935.981749257277,-9.111721412270912,3.9762150439853645,0.0025759354524967806,-13.087936456256276,-13.08536052080378,210.0,-2.0875685592690374,mean
29,B0,15,DOGEUSDT,2026-04-29 07:59:00+00:00,2026-04-29 08:01:00+00:00,2026-04-29 10:01:00+00:00,9935.816417609449,9945.286315071906,10390.371495807365,-445.08518073545906,4.067131562175854,0.0,-449.1523122976349,-449.1523122976349,120.0,2.1207037623400087,stop
30,B0,15,LTCUSDT,2026-04-29 09:59:00+00:00,2026-04-29 10:01:00+00:00,2026-04-29 11:31:00+00:00,9893.949963048339,9940.611386454855,9785.073308433133,155.5380780217216,3.9451369389775977,0.0,151.59294108274398,151.59294108274398,90.0,2.727651920289274,mean
32,B0,15,FILUSDT,2026-04-29 11:14:00+00:00,2026-04-29 11:16:00+00:00,2026-04-29 12:16:00+00:00,9904.747961706431,9955.282390082484,9652.075819826165,303.2065702563196,3.92147164198173,0.0,299.28509861433787,299.28509861433787,60.0,2.453336651108923,mean
31,B0,15,DOGEUSDT,2026-04-29 10:14:00+00:00,2026-04-29 10:16:00+00:00,2026-04-29 14:31:00+00:00,9893.81313571239,9892.019315907166,9484.822220121341,407.1970957858242,3.8753683072057017,0.0,403.3217274786185,403.3217274786185,255.0,3.295903313935151,timeout
34,B0,15,LTCUSDT,2026-04-29 15:44:00+00:00,2026-04-29 15:46:00+00:00,2026-04-29 18:01:00+00:00,9968.498246104866,9963.080584014591,10008.22776810021,45.14718408561986,3.9942616704229605,-0.16505832172350982,41.1529224151969,40.98786409347339,135.0,-2.366529932021523,mean
33,B0,15,FILUSDT,2026-04-29 15:14:00+00:00,2026-04-29 15:16:00+00:00,2026-04-29 18:16:00+00:00,9976.321163097256,9954.538802479141,9606.021032589279,-348.5177698898608,3.9121119670136837,1.4903392025174347,-352.4298818568745,-350.93954265435707,180.0,-2.966281165758685,stop
36,B0,15,ADAUSDT,2026-04-29 18:14:00+00:00,2026-04-29 18:16:00+00:00,2026-04-29 19:16:00+00:00,9948.785469754537,9940.477506940546,10040.173060708441,99.69555376789455,3.996130113529797,0.0,95.69942365436476,95.69942365436476,60.0,-2.0764410203044736,mean
37,B0,15,FILUSDT,2026-04-29 18:29:00+00:00,2026-04-29 18:31:00+00:00,2026-04-29 19:16:00+00:00,9944.805829973362,9899.653476602312,10080.262890086506,180.60941348419288,3.9959832733377634,0.0,176.6134302108551,176.6134302108551,45.0,-2.1397827774712206,mean
35,B0,15,UNIUSDT,2026-04-29 18:14:00+00:00,2026-04-29 18:16:00+00:00,2026-04-29 20:16:00+00:00,9948.785469754537,9929.714315499417,10037.784189611766,108.069874112349,3.9934997010222366,0.0,104.07637441132677,104.07637441132677,120.0,-2.133228146012948,mean
38,B0,15,BCHUSDT,2026-05-01 14:14:00+00:00,2026-05-01 14:16:00+00:00,2026-05-01 16:01:00+00:00,9982.964918068821,10007.710460344948,9892.304258756289,115.40620158866017,3.9800029438202467,0.6222136108345347,111.42619864483993,112.04841225567446,105.0,2.3952514665666427,mean
39,B0,15,TRXUSDT,2026-05-03 05:29:00+00:00,2026-05-03 05:31:00+00:00,2026-05-03 09:16:00+00:00,9994.16975929439,10008.107802043472,10054.963350008473,-46.85554796500056,4.012614230410389,0.47423088089801124,-50.868162195410946,-50.39393131451293,225.0,2.7862171729871084,mean
42,B0,15,UNIUSDT,2026-05-04 02:44:00+00:00,2026-05-04 02:46:00+00:00,2026-05-04 04:46:00+00:00,9982.673509077404,9988.687167817812,10307.41108105944,-318.7239132416276,4.05921964977545,0.0,-322.78313289140306,-322.78313289140306,120.0,2.076184197296543,stop
40,B0,15,FILUSDT,2026-05-04 02:29:00+00:00,2026-05-04 02:31:00+00:00,2026-05-04 05:16:00+00:00,9989.130366162939,10030.838634915184,9947.422097410692,83.41653750449225,3.9956521464651753,0.0,79.42088535802708,79.42088535802708,165.0,2.4919557883310786,mean
41,B0,15,AVAXUSDT,2026-05-04 02:44:00+00:00,2026-05-04 02:46:00+00:00,2026-05-04 05:31:00+00:00,9982.673509077404,9984.824252050383,9961.166079347624,23.6581727027583,3.9891980662796014,0.0,19.668974636478698,19.668974636478698,165.0,2.151184788304887,mean
43,B0,15,UNIUSDT,2026-05-04 04:59:00+00:00,2026-05-04 05:01:00+00:00,2026-05-04 06:31:00+00:00,9950.6773983567,9942.009560901684,9722.424345374651,219.5852155270341,3.9328867812552666,0.0,215.65232874577885,215.65232874577885,90.0,3.673356683895233,mean
44,B0,15,LINKUSDT,2026-05-04 09:44:00+00:00,2026-05-04 09:46:00+00:00,2026-05-04 10:16:00+00:00,9988.326271747826,9977.969234966671,9665.186724175728,312.7825107909415,3.9286311918284795,0.0,308.853879599113,308.853879599113,30.0,3.4286803430182315,mean
45,B0,15,BCHUSDT,2026-05-04 10:14:00+00:00,2026-05-04 10:16:00+00:00,2026-05-04 11:16:00+00:00,10018.05854866067,9999.776168846976,10135.979898458989,136.2037296120113,4.0271512134611935,0.0,132.1765783985501,132.1765783985501,60.0,-2.181095303886319,mean
46,B0,15,AVAXUSDT,2026-05-04 10:14:00+00:00,2026-05-04 10:16:00+00:00,2026-05-04 12:16:00+00:00,10018.05854866067,10005.927478203243,10070.994128838533,65.06665063528978,4.015384321408355,0.0,61.05126631388142,61.05126631388142,120.0,-2.1513328111720433,mean
47,B0,15,DOTUSDT,2026-05-04 10:29:00+00:00,2026-05-04 10:31:00+00:00,2026-05-04 12:16:00+00:00,10023.949482542266,10032.240590468271,10115.15166972834,82.91107926006843,4.0294784520393225,0.0,78.8816008080291,78.8816008080291,105.0,-2.2592777378901903,mean
48,B0,15,BCHUSDT,2026-05-05 08:44:00+00:00,2026-05-05 08:46:00+00:00,2026-05-05 13:01:00+00:00,10046.422604259784,10065.83640757507,10143.0503980336,-77.2139904585284,4.041777361121734,0.0,-81.25576781965013,-81.25576781965013,255.0,2.719924578647525,timeout
49,B0,15,SUIUSDT,2026-05-05 13:14:00+00:00,2026-05-05 13:16:00+00:00,2026-05-05 14:01:00+00:00,10038.297027477818,10042.393455564936,9889.801509319863,152.59194624507217,3.98643899297696,0.0,148.6055072520952,148.6055072520952,45.0,2.023591855759986,mean
50,B0,15,FILUSDT,2026-05-05 20:59:00+00:00,2026-05-05 21:01:00+00:00,2026-05-05 22:46:00+00:00,10053.157578203027,10053.157578203027,9900.528667602779,152.62891060024853,3.9907372491611612,0.0,148.63817335108737,148.63817335108737,105.0,2.0961331960012646,mean
51,B0,15,FILUSDT,2026-05-06 01:59:00+00:00,2026-05-06 02:01:00+00:00,2026-05-06 03:31:00+00:00,10068.021395538135,10068.021395538135,10467.23694410396,-399.21554856582475,4.107051667928419,0.0,-403.3226002337532,-403.3226002337532,90.0,2.9076930568203814,stop
52,B0,15,FILUSDT,2026-05-06 03:44:00+00:00,2026-05-06 03:46:00+00:00,2026-05-06 04:01:00+00:00,10027.68913551476,10018.352367232157,10410.49663510145,-392.14426786929266,4.085769800466721,0.0,-396.2300376697594,-396.2300376697594,15.0,3.1100611951712946,stop
53,B0,15,FILUSDT,2026-05-06 04:14:00+00:00,2026-05-06 04:16:00+00:00,2026-05-06 06:16:00+00:00,9988.066131747782,9997.01601179415,9809.068530820403,187.94748097374776,3.9612169085229105,0.0,183.98626406522484,183.98626406522484,120.0,3.8906879621009893,mean
54,B0,15,BCHUSDT,2026-05-06 04:44:00+00:00,2026-05-06 04:46:00+00:00,2026-05-06 07:31:00+00:00,9970.861419339446,9932.325671932073,9978.231644253425,-45.90597232135176,3.9821114632370995,0.0,-49.88808378458886,-49.88808378458886,165.0,2.3687749418223483,mean
55,B0,15,NEARUSDT,2026-05-06 08:14:00+00:00,2026-05-06 08:16:00+00:00,2026-05-06 09:01:00+00:00,10001.475949775846,10001.475949775846,10356.600820456293,-355.1248706804478,4.071615354046427,0.0,-359.1964860344943,-359.1964860344943,45.0,2.450088813080744,stop
56,B0,15,XLMUSDT,2026-05-06 08:44:00+00:00,2026-05-06 08:46:00+00:00,2026-05-06 11:31:00+00:00,9974.460368797307,9969.001558014748,10011.458975212427,-42.457417197678176,3.996092106645435,0.0,-46.45350930432361,-46.45350930432361,165.0,2.0154301932790224,mean
57,B0,15,NEARUSDT,2026-05-06 09:14:00+00:00,2026-05-06 09:16:00+00:00,2026-05-06 11:46:00+00:00,9960.98987251519,10003.048943053609,10318.491972091739,-315.4430290381301,4.06430818302907,0.0,-319.50733722115916,-319.50733722115916,150.0,3.0124800435275203,stop
58,B0,15,AAVEUSDT,2026-05-06 13:29:00+00:00,2026-05-06 13:31:00+00:00,2026-05-06 16:16:00+00:00,9928.960216519852,9923.664771071042,9925.782949250566,2.118178179523814,3.9698895440643214,0.060775234326108846,-1.8517113645405074,-1.7909361302143987,165.0,-2.382102966619011,mean
59,B0,15,XLMUSDT,2026-05-06 14:14:00+00:00,2026-05-06 14:16:00+00:00,2026-05-06 17:16:00+00:00,9922.195390867906,9912.361089545111,9885.931404740099,-26.429684805011835,3.959658498857042,1.0701593445703685,-30.389343303868877,-29.31918395929851,180.0,-2.1154137738375134,mean
60,B0,15,XLMUSDT,2026-05-08 18:14:00+00:00,2026-05-08 18:16:00+00:00,2026-05-08 20:16:00+00:00,9925.8492045109,9942.138891389199,9908.352874160131,33.786017229067305,3.970098353109866,0.0,29.81591887595744,29.81591887595744,120.0,2.0138880482121935,mean
61,B0,15,AAVEUSDT,2026-05-09 01:44:00+00:00,2026-05-09 01:46:00+00:00,2026-05-09 03:46:00+00:00,9928.830796398493,9915.799519230077,9829.592608731311,86.20691049876527,3.9490784255922775,0.0,82.25783207317299,82.25783207317299,120.0,2.737285886018396,mean
62,B0,15,XRPUSDT,2026-05-10 16:29:00+00:00,2026-05-10 16:31:00+00:00,2026-05-10 19:16:00+00:00,9937.05657960581,9958.71036309559,10019.611629160589,-60.90126606499917,3.995664398451236,0.0,-64.8969304634504,-64.8969304634504,165.0,2.2433495795151104,mean
63,B0,15,XLMUSDT,2026-05-10 17:14:00+00:00,2026-05-10 17:16:00+00:00,2026-05-10 19:16:00+00:00,9927.7222154888,9904.097129248448,9870.676275542584,33.42085370586498,3.9549546809582066,0.0,29.465899024906772,29.465899024906772,120.0,2.3990915442563003,mean
64,B0,15,TRXUSDT,2026-05-14 10:29:00+00:00,2026-05-14 10:31:00+00:00,2026-05-14 12:16:00+00:00,9933.513476461956,9936.590166543361,9898.830788271578,37.75937827178324,3.9670841909629875,0.0,33.79229408082025,33.79229408082025,105.0,2.6644001647186495,mean
65,B0,15,XRPUSDT,2026-05-14 18:29:00+00:00,2026-05-14 18:31:00+00:00,2026-05-14 20:16:00+00:00,9936.892705870037,9894.781737954954,9763.265945850922,131.5157921040317,3.931609536761175,0.0,127.58418256727055,127.58418256727055,105.0,2.0213707801822904,mean
67,B0,15,LTCUSDT,2026-05-15 13:59:00+00:00,2026-05-15 14:01:00+00:00,2026-05-15 16:16:00+00:00,9945.31103129181,9938.270103128063,10029.802169256767,91.53206612870268,3.993614454476966,0.40935955747628633,87.53845167422571,87.947811231702,135.0,-2.064998105289063,mean
66,B0,15,BTCUSDT,2026-05-15 13:44:00+00:00,2026-05-15 13:46:00+00:00,2026-05-15 16:31:00+00:00,9949.651124126765,9942.15587714354,9975.20538900918,33.04951186564149,3.983472253230544,-0.1540231301791718,29.066039612410947,28.912016482231774,165.0,-2.038893411197379,mean
68,B0,15,LINKUSDT,2026-05-22 19:44:00+00:00,2026-05-22 19:46:00+00:00,2026-05-22 21:31:00+00:00,9961.337106898158,9951.806753548304,10123.35311384569,171.54636029738597,4.0150319734787985,0.0,167.53132832390716,167.53132832390716,105.0,-2.110305181410998,mean
69,B0,15,SOLUSDT,2026-05-23 07:59:00+00:00,2026-05-23 08:01:00+00:00,2026-05-23 10:46:00+00:00,9978.090239730549,9969.592048748907,9990.230512561468,20.638463812558832,3.991964512262075,0.0,16.646499300296757,16.646499300296757,165.0,-2.0600502992326613,mean
70,B0,15,LINKUSDT,2026-05-23 20:59:00+00:00,2026-05-23 21:01:00+00:00,2026-05-23 22:46:00+00:00,9979.75488966058,9987.941727141842,9786.340854165723,201.60087297612037,3.954856516261513,0.0,197.64601645985886,197.64601645985886,105.0,2.2247923332550603,mean
71,B0,15,AVAXUSDT,2026-05-23 20:59:00+00:00,2026-05-23 21:01:00+00:00,2026-05-23 22:46:00+00:00,9979.75488966058,10015.329608285914,9838.50233041292,176.82727787299487,3.970766387739767,0.0,172.85651148525508,172.85651148525508,105.0,2.0466240243539056,mean
72,B0,15,XLMUSDT,2026-05-27 14:29:00+00:00,2026-05-27 14:31:00+00:00,2026-05-27 16:01:00+00:00,10016.80514245509,9993.197155304902,10420.693138835375,-427.495983530473,4.082778058828056,0.8063384570446126,-431.57876158930105,-430.77242313225645,90.0,3.2087842948988716,stop
73,B0,15,XLMUSDT,2026-05-27 16:14:00+00:00,2026-05-27 16:16:00+00:00,2026-05-27 17:46:00+00:00,9973.727900141865,9955.253472072944,9834.553875355989,120.6995967169545,3.9579614694857863,0.0,116.74163524746872,116.74163524746872,90.0,2.631355963089708,mean
74,B0,15,XLMUSDT,2026-05-27 19:14:00+00:00,2026-05-27 19:16:00+00:00,2026-05-27 19:46:00+00:00,9985.402063666612,10027.863022123025,9641.586247276484,386.27677484654095,3.9338898538799016,0.0,382.342884992661,382.342884992661,30.0,2.146052033864355,mean
75,B0,15,HBARUSDT,2026-05-28 04:14:00+00:00,2026-05-28 04:16:00+00:00,2026-05-28 06:31:00+00:00,10023.636352165879,10027.291056718199,10093.075738659978,65.78468194177883,4.0240733590756355,0.0,61.7606085827032,61.7606085827032,135.0,-2.092800345335209,mean
76,B0,15,XLMUSDT,2026-05-28 13:29:00+00:00,2026-05-28 13:31:00+00:00,2026-05-28 15:16:00+00:00,10029.812413024149,10060.68739067829,9722.074930832046,338.61245984624327,3.9565524643020673,0.0,334.6559073819412,334.6559073819412,105.0,2.060964396442226,mean
77,B0,15,HBARUSDT,2026-05-28 13:44:00+00:00,2026-05-28 13:46:00+00:00,2026-05-28 17:16:00+00:00,10005.974126219804,9966.018724688978,10364.43115709636,-398.41243240738214,4.066089976357068,-0.5877053701944664,-402.4785223837392,-403.0662277539336,210.0,2.1313674364648354,stop
78,B0,15,HBARUSDT,2026-05-30 00:14:00+00:00,2026-05-30 00:16:00+00:00,2026-05-30 00:46:00+00:00,10022.97138098695,10060.220565581327,10396.443468630572,-336.2229030492446,4.091332806842379,0.0,-340.314235856087,-340.314235856087,30.0,2.8556657242598815,stop
79,B0,15,HBARUSDT,2026-05-30 00:59:00+00:00,2026-05-30 01:01:00+00:00,2026-05-30 02:46:00+00:00,9988.939957401342,10012.971829233713,9554.517658893095,458.4541703406179,3.9134978976253616,0.0,454.54067244299256,454.54067244299256,105.0,3.8134309864506317,mean
80,B0,15,DOGEUSDT,2026-06-02 14:29:00+00:00,2026-06-02 14:31:00+00:00,2026-06-02 17:31:00+00:00,10034.39402464564,10045.91938063093,10049.062659536006,3.143278905077295,4.018996408033387,0.13461990852094,-0.8757175029560922,-0.7410975944351522,180.0,-2.780298354633624,mean
81,B0,15,FILUSDT,2026-06-04 02:14:00+00:00,2026-06-04 02:16:00+00:00,2026-06-04 03:31:00+00:00,10034.319914886197,10010.820336631194,10422.062956093743,411.2426194625494,4.086576658544987,0.0,407.1560428040044,407.1560428040044,75.0,-2.278556359689046,mean
83,B0,15,SUIUSDT,2026-06-14 21:44:00+00:00,2026-06-14 21:46:00+00:00,2026-06-15 00:01:00+00:00,10075.035519166599,10090.619487487042,10433.466790536795,-342.8473030497525,4.104817255604767,0.34452563150466314,-346.95212030535725,-346.6075946738526,135.0,2.4859867744123987,stop
84,B0,15,ETHUSDT,2026-06-14 21:44:00+00:00,2026-06-14 21:46:00+00:00,2026-06-15 00:46:00+00:00,10075.035519166599,10092.65342703357,10103.635256270652,-10.981829237080381,4.039257736660844,0.2957766977616384,-15.021086973741227,-14.725310275979588,180.0,2.437871508605912,mean
82,B0,15,AVAXUSDT,2026-06-14 21:44:00+00:00,2026-06-14 21:46:00+00:00,2026-06-15 01:16:00+00:00,10075.035519166599,10082.55757047253,10115.654596218637,-33.09702574610536,4.0396424333382335,0.38972109262368376,-37.13666817944359,-36.74694708681991,210.0,2.5033559979461915,mean
85,B0,15,ADAUSDT,2026-06-15 00:14:00+00:00,2026-06-15 00:16:00+00:00,2026-06-15 02:01:00+00:00,10018.311773038666,9975.383816860676,9669.52212909249,305.8616877681869,3.928981189190633,0.0,301.93270657899626,301.93270657899626,105.0,3.118117801324827,mean
87,B0,15,XLMUSDT,2026-06-15 13:14:00+00:00,2026-06-15 13:16:00+00:00,2026-06-15 14:01:00+00:00,10061.201399147723,10065.082286861956,10411.936626321485,-346.8543394595281,4.095403782636689,0.0,-350.94974324216474,-350.94974324216474,45.0,2.0908625852184515,stop
86,B0,15,BCHUSDT,2026-06-15 11:44:00+00:00,2026-06-15 11:46:00+00:00,2026-06-15 14:46:00+00:00,10065.420804620833,10081.4919071607,10194.88246396975,-113.39055680905147,4.05527487422609,0.0,-117.44583168327756,-117.44583168327756,180.0,2.004211742107504,mean
89,B0,15,XLMUSDT,2026-06-15 14:14:00+00:00,2026-06-15 14:16:00+00:00,2026-06-15 15:16:00+00:00,10023.322608630377,10004.893039928449,10390.496323538011,-385.60328360956055,4.079077872693292,0.0,-389.68236148225384,-389.68236148225384,60.0,2.0008740986848204,stop
88,B0,15,ETHUSDT,2026-06-15 13:29:00+00:00,2026-06-15 13:31:00+00:00,2026-06-15 17:16:00+00:00,10061.538202216665,10025.650744296956,10115.00996155158,-89.35921725462316,4.028132141169707,0.7003543101318351,-93.38734939579287,-92.68699508566104,225.0,2.5067072598954,mean
90,B0,15,XLMUSDT,2026-06-15 15:29:00+00:00,2026-06-15 15:31:00+00:00,2026-06-15 18:16:00+00:00,9977.969258132041,9985.901922177198,9895.557692774031,90.34422940316648,3.976291922990246,0.6829525439366203,86.36793748017624,87.05089002411286,165.0,2.9079638594732713,mean
91,B0,15,UNIUSDT,2026-06-16 00:59:00+00:00,2026-06-16 01:01:00+00:00,2026-06-16 02:16:00+00:00,9979.049400473908,9975.691712250331,9596.272942986014,379.4187692643175,3.914392931047269,0.0,375.5043763332703,375.5043763332703,75.0,2.137151659151303,mean
92,B0,15,AVAXUSDT,2026-06-18 15:29:00+00:00,2026-06-18 15:31:00+00:00,2026-06-18 18:31:00+00:00,10016.599838107235,10037.145088642954,9947.062067063258,-90.08302157969646,3.9968414311412426,0.8406491153398438,-94.07986301083771,-93.23921389549787,180.0,-2.158730008476531,mean
93,B0,15,FILUSDT,2026-06-22 01:29:00+00:00,2026-06-22 01:31:00+00:00,2026-06-22 03:46:00+00:00,10007.275916717685,10007.275916717685,9872.703746688474,134.57217002920967,3.9759959326812315,0.0,130.59617409652844,130.59617409652844,135.0,2.2354143069300543,mean
94,B0,15,AAVEUSDT,2026-06-23 06:29:00+00:00,2026-06-23 06:31:00+00:00,2026-06-23 09:46:00+00:00,10020.335534127336,9979.8859613977,10011.96665701086,32.08069561315878,3.9983705236817118,-0.5591667705938982,28.08232508947707,27.523158318883173,195.0,-2.6317820328968096,mean
96,B0,15,ETHUSDT,2026-06-23 08:29:00+00:00,2026-06-23 08:31:00+00:00,2026-06-23 10:31:00+00:00,10012.408549040949,10048.646047232114,10085.85963965065,37.21359241853553,4.026901137376553,0.0,33.18669128115898,33.18669128115898,120.0,-2.0586916969549245,mean
95,B0,15,FILUSDT,2026-06-23 08:29:00+00:00,2026-06-23 08:31:00+00:00,2026-06-23 11:01:00+00:00,10012.408549040949,10066.383797283757,10120.359045526566,53.9752482428084,4.037348568562065,0.0,49.93789967424633,49.93789967424633,150.0,-3.1890354305943514,mean
97,B0,15,AAVEUSDT,2026-06-24 11:29:00+00:00,2026-06-24 11:31:00+00:00,2026-06-24 13:31:00+00:00,10031.400309054765,10065.973003651188,9959.595481816037,106.37752183515089,4.005113697093445,0.0,102.37240813805744,102.37240813805744,120.0,2.226169812203898,mean
99,B0,15,AAVEUSDT,2026-06-24 17:59:00+00:00,2026-06-24 18:01:00+00:00,2026-06-24 18:31:00+00:00,10014.826517661153,10023.159475518036,10502.304552288677,479.1450767706422,4.105092805561343,0.0,475.03998396508086,475.03998396508086,30.0,-2.3083875372244695,mean
98,B0,15,FILUSDT,2026-06-24 16:59:00+00:00,2026-06-24 17:01:00+00:00,2026-06-24 19:46:00+00:00,10041.63754986857,10069.64769645119,9985.617256703334,-84.03043974785423,4.011052990630905,0.0,-88.04149273848513,-88.04149273848513,165.0,-2.634313062878365,mean
100,B0,15,ETHUSDT,2026-06-24 17:59:00+00:00,2026-06-24 18:01:00+00:00,2026-06-24 19:46:00+00:00,10014.826517661153,10022.53368871303,10150.151596047044,127.61790733401271,4.034537056952015,0.0,123.58337027706071,123.58337027706071,105.0,-2.0385327660863406,mean
101,B0,15,AAVEUSDT,2026-06-24 21:29:00+00:00,2026-06-24 21:31:00+00:00,2026-06-25 00:46:00+00:00,10092.695736018935,10066.879913698898,10247.590669939165,-180.71075624026818,4.0628941167276125,0.596416584838419,-184.7736503569958,-184.1772337721574,195.0,2.0374635656226996,mean
103,B0,15,BCHUSDT,2026-06-25 13:59:00+00:00,2026-06-25 14:01:00+00:00,2026-06-25 16:01:00+00:00,10074.27801264172,10147.571540111843,10440.194570838432,292.623030726588,4.117553222190056,0.5976706093953736,288.50547750439796,289.10314811379334,120.0,-3.0231129469282774,mean
104,B0,15,SUIUSDT,2026-06-25 13:59:00+00:00,2026-06-25 14:01:00+00:00,2026-06-25 16:01:00+00:00,10074.27801264172,10191.349133277923,10437.814650406772,246.46551712884963,4.125832756736939,0.5801482797351191,242.33968437211269,242.9198326518478,120.0,-2.808446817355147,mean
102,B0,15,FILUSDT,2026-06-25 13:59:00+00:00,2026-06-25 14:01:00+00:00,2026-06-25 16:16:00+00:00,10074.27801264172,10205.301859626945,10569.256990141457,363.95513051451337,4.154911769953681,0.5939718099929256,359.8002187445597,360.3941905545526,135.0,-3.1202216054295424,mean
105,B0,15,ADAUSDT,2026-07-01 04:29:00+00:00,2026-07-01 04:31:00+00:00,2026-07-01 06:31:00+00:00,10163.51972977374,10110.132889433497,10023.379273880602,86.75361555289439,4.02670243266282,0.0,82.72691312023156,82.72691312023156,120.0,2.690819320472062,mean
106,B0,15,ADAUSDT,2026-07-01 14:14:00+00:00,2026-07-01 14:16:00+00:00,2026-07-01 16:31:00+00:00,10171.79242108576,10145.810831249015,10100.343049034711,45.46778221430457,4.049230776056746,0.7940290301169725,41.418551438247825,42.2125804683648,135.0,2.0371114497669005,mean
107,B0,15,BCHUSDT,2026-07-01 15:29:00+00:00,2026-07-01 15:31:00+00:00,2026-07-01 17:01:00+00:00,10167.042726647705,10182.424737008028,9932.11747750822,250.30725949980715,4.022908442903249,-0.07157121237238814,246.2843510569039,246.2127798445315,90.0,2.0564175983606985,mean
108,B0,15,UNIUSDT,2026-07-02 11:44:00+00:00,2026-07-02 11:46:00+00:00,2026-07-02 12:31:00+00:00,10200.63495711705,10237.728175142931,10551.3344729981,-313.60629785516875,4.157812529628206,0.0,-317.764110384797,-317.764110384797,45.0,2.186091725953637,stop
111,B0,15,XRPUSDT,2026-07-02 13:44:00+00:00,2026-07-02 13:46:00+00:00,2026-07-02 14:31:00+00:00,10149.841839937442,10133.395971441729,9963.455330319362,169.94064112236555,4.019370260352218,0.0,165.92127086201333,165.92127086201333,45.0,2.1263874473936983,mean
109,B0,15,UNIUSDT,2026-07-02 12:44:00+00:00,2026-07-02 12:46:00+00:00,2026-07-02 15:31:00+00:00,10168.85854607857,10175.345856155815,10295.361092584812,-120.01523642899724,4.094141389748126,0.0,-124.10937781874536,-124.10937781874536,165.0,2.7497982975971755,mean
110,B0,15,ETHUSDT,2026-07-02 13:44:00+00:00,2026-07-02 13:46:00+00:00,2026-07-02 16:01:00+00:00,10149.841839937442,10125.508523243443,10072.212624728292,53.295898515149524,4.0395442295943464,0.7370521227371682,49.256354285555176,49.993406408292344,135.0,2.389666500897129,mean
112,B0,15,AVAXUSDT,2026-07-08 02:14:00+00:00,2026-07-08 02:16:00+00:00,2026-07-08 05:16:00+00:00,10178.039076023728,10186.014345633526,10230.675855448391,44.66150981486603,4.083338040216384,0.0,40.57817177464964,40.57817177464964,180.0,-2.837081383656111,mean
113,B0,15,TRXUSDT,2026-07-13 10:44:00+00:00,2026-07-13 10:46:00+00:00,2026-07-13 15:01:00+00:00,10182.096893201193,10166.534124740334,10158.44148514069,-8.092639599645803,4.064995121976205,0.0,-12.157634721622008,-12.157634721622008,255.0,-2.153987936488506,mean
115,B0,15,LINKUSDT,2026-07-14 13:29:00+00:00,2026-07-14 13:31:00+00:00,2026-07-14 16:01:00+00:00,10169.138344838733,10151.977310987753,10164.235192309881,-12.25788132212936,4.063242500659527,1.0167912556706522,-16.321123822788888,-15.304332567118236,150.0,2.044986459681324,mean
114,B0,15,ETHUSDT,2026-07-14 12:59:00+00:00,2026-07-14 13:01:00+00:00,2026-07-14 16:16:00+00:00,10180.88112972903,10166.107991098264,10238.988808343382,-72.88081724511746,4.081019359888329,0.7102094201413174,-76.96183660500579,-76.25162718486447,195.0,2.3892447341103433,mean
116,B0,15,SUIUSDT,2026-07-14 13:29:00+00:00,2026-07-14 13:31:00+00:00,2026-07-14 16:16:00+00:00,10169.138344838733,10154.396578656178,10150.376096970025,4.020481686152363,4.060954535125241,1.0170478505400784,-0.04047284897287806,0.9765750015672003,165.0,2.039456903828059,mean
117,B0,15,DOGEUSDT,2026-07-23 12:59:00+00:00,2026-07-23 13:01:00+00:00,2026-07-23 15:16:00+00:00,10171.82319125399,10180.393748640246,9851.85571550046,-328.53803313978574,4.006449892828141,0.0,-332.54448303261387,-332.54448303261387,135.0,-2.134049580717874,stop
118,B0,15,AVAXUSDT,2026-07-23 13:29:00+00:00,2026-07-23 13:31:00+00:00,2026-07-23 16:31:00+00:00,10157.763848937904,10160.923831469849,10164.083814001793,3.1599825319448698,4.065001529094328,1.454903830012729,-0.9050189971494587,0.5498848328632704,180.0,-2.330065029583887,mean
119,B0,15,DOGEUSDT,2026-07-23 15:29:00+00:00,2026-07-23 15:31:00+00:00,2026-07-23 17:31:00+00:00,10136.46953495493,10142.3262268717,10208.214010935399,65.88778406369751,4.07010804756142,0.8313569490505789,61.81767601613609,62.64903296518667,120.0,-3.24693547927988,mean
120,B0,15,AVAXUSDT,2026-07-23 18:14:00+00:00,2026-07-23 18:16:00+00:00,2026-07-23 20:31:00+00:00,10144.88863473053,10149.779308987994,10291.608862454417,141.82955346642353,4.088277634288483,0.0,137.74127583213507,137.74127583213507,135.0,-3.452728447858189,mean
121,B0,15,BNBUSDT,2026-07-24 13:59:00+00:00,2026-07-24 14:01:00+00:00,2026-07-24 15:16:00+00:00,10158.662762313745,10158.662762313745,10214.082239714218,55.41947740047303,4.074549000405592,0.0,51.34492840006744,51.34492840006744,75.0,-2.1924326977827917,mean
122,B0,15,DOTUSDT,2026-07-27 22:59:00+00:00,2026-07-27 23:01:00+00:00,2026-07-28 01:46:00+00:00,10163.797255153751,10157.060910207336,10217.688014725087,60.627104517751015,4.074949784986485,1.1275094550400417,56.552154732764535,57.679664187804576,165.0,-2.191356398553621,mean
123,B0,15,BNBUSDT,2026-07-27 22:59:00+00:00,2026-07-27 23:01:00+00:00,2026-07-28 02:31:00+00:00,10163.797255153751,10156.803199698066,10143.711762563064,-13.09143713500207,4.060102992452226,-0.22728792194675532,-17.151540127454297,-17.37882804940105,210.0,-2.0482407501221487,mean
124,B0,15,BNBUSDT,2026-07-28 15:29:00+00:00,2026-07-28 15:31:00+00:00,2026-07-28 17:16:00+00:00,10167.82733876759,10161.281261414935,10094.051277793078,67.22998362185717,4.051066507841603,0.8021141236425636,63.17891711401557,63.98103123765813,105.0,2.023502158571597,mean
125,B0,15,BNBUSDT,2026-07-30 10:44:00+00:00,2026-07-30 10:46:00+00:00,2026-07-30 13:16:00+00:00,10174.225441891358,10201.774860237078,10158.284897942889,43.48996229418803,4.072011951635993,0.0,39.41795034255204,39.41795034255204,150.0,2.550938909468503,mean
127,B0,15,ADAUSDT,2026-07-30 15:14:00+00:00,2026-07-30 15:16:00+00:00,2026-07-30 16:31:00+00:00,10183.251088364044,10183.251088364044,9950.88939781381,232.36169055023507,4.026828097235571,0.9988938043737184,228.3348624529995,229.3337562573732,75.0,2.398045073135733,mean
126,B0,15,BCHUSDT,2026-07-30 13:59:00+00:00,2026-07-30 14:01:00+00:00,2026-07-30 17:16:00+00:00,10178.167236925612,10199.504141309633,10131.318816430261,68.18532487937219,4.066164591547979,1.0196784959721095,64.11916028782422,65.13883878379633,195.0,3.259926648860552,mean
128,B0,15,BCHUSDT,2026-07-31 09:29:00+00:00,2026-07-31 09:31:00+00:00,2026-07-31 12:31:00+00:00,10207.614496429733,10200.19041684059,10247.209587571819,47.01917073122639,4.089480000882482,0.0,42.92969073034391,42.92969073034391,180.0,-2.4736376909087805,mean
129,B0,15,BTCUSDT,2026-07-31 14:14:00+00:00,2026-07-31 14:16:00+00:00,2026-07-31 16:31:00+00:00,10211.907465502767,10202.45646161892,10245.279286113318,42.82282449439852,4.089547149546448,-0.5786527279767284,38.73327734485207,38.15462461687534,135.0,-2.0313966888076482,mean
130,B0,15,AVAXUSDT,2026-08-02 05:29:00+00:00,2026-08-02 05:31:00+00:00,2026-08-02 08:16:00+00:00,10215.722927964456,10245.065140455965,10183.292061526474,61.77307892949034,4.085671440396488,1.0204912639151795,57.68740748909385,58.70789875300903,165.0,2.147257828089357,mean
131,B0,15,AVAXUSDT,2026-08-04 01:44:00+00:00,2026-08-04 01:46:00+00:00,2026-08-04 05:01:00+00:00,10221.593717839756,10237.93638221421,10208.222446987933,29.71393522627773,4.089231765840429,0.0,25.6247034604373,25.6247034604373,195.0,2.901921380833141,mean
133,B0,15,SUIUSDT,2026-08-06 10:14:00+00:00,2026-08-06 10:16:00+00:00,2026-08-06 11:46:00+00:00,10224.1561881858,10216.518240936295,10334.142628578655,117.62438764235928,4.11013217390299,0.0,113.51425546845628,113.51425546845628,90.0,-2.628606064757813,mean
132,B0,15,FILUSDT,2026-08-06 10:14:00+00:00,2026-08-06 10:16:00+00:00,2026-08-06 13:31:00+00:00,10224.1561881858,10206.354407242932,10191.519589790547,-14.83481745238635,4.079574799406696,0.0,-18.914392251793046,-18.914392251793046,195.0,-3.076029753268559,mean
134,B0,15,FILUSDT,2026-08-06 15:59:00+00:00,2026-08-06 16:01:00+00:00,2026-08-06 16:46:00+00:00,10233.616174507466,10240.83616616438,10568.623787388196,-327.7876212238167,4.161891990710515,0.0,-331.94951321452726,-331.94951321452726,45.0,2.46115323637897,stop
135,B0,15,FILUSDT,2026-08-06 16:59:00+00:00,2026-08-06 17:01:00+00:00,2026-08-06 18:31:00+00:00,10200.421223186013,10193.421208621652,9907.820614395747,285.600594225905,4.0202483646034795,0.0,281.5803458613015,281.5803458613015,90.0,4.222880832667499,mean
136,B0,15,FILUSDT,2026-08-07 17:14:00+00:00,2026-08-07 17:16:00+00:00,2026-08-07 19:16:00+00:00,10228.579257772144,10228.579257772144,10369.527230949327,140.9479731771828,4.119621297744294,0.0,136.82835187943851,136.82835187943851,120.0,-2.02789573233799,mean
137,B0,15,BNBUSDT,2026-08-08 14:44:00+00:00,2026-08-08 14:46:00+00:00,2026-08-08 16:46:00+00:00,10242.262092960089,10226.478676236235,10149.408588191045,77.07008804519084,4.075177452885455,0.8793577838698107,72.99491059230539,73.8742683761752,120.0,2.0357424869028673,mean
138,B0,15,LINKUSDT,2026-08-11 09:29:00+00:00,2026-08-11 09:31:00+00:00,2026-08-11 12:31:00+00:00,10249.649519797706,10233.073905465124,10225.97007075116,7.103834713964257,4.0918087952432565,0.0,3.0120259187209997,3.0120259187209997,180.0,2.5598315484003256,mean
139,B0,15,TRXUSDT,2026-08-11 10:14:00+00:00,2026-08-11 10:16:00+00:00,2026-08-11 13:01:00+00:00,10249.444858319595,10250.360832419954,10260.741872224025,-10.381039804071417,4.102220540928796,0.0,-14.483260345000213,-14.483260345000213,165.0,2.3100395485353022,mean
140,B0,15,AVAXUSDT,2026-08-11 14:59:00+00:00,2026-08-11 15:01:00+00:00,2026-08-11 18:16:00+00:00,10248.502396355078,10095.931446641453,10184.521030346139,88.58958370468656,4.056090495397519,0.8253379200203041,84.53349320928905,85.35883112930935,195.0,-2.3656636184721984,mean
141,B0,15,UNIUSDT,2026-08-11 15:59:00+00:00,2026-08-11 16:01:00+00:00,2026-08-11 18:16:00+00:00,10257.487545665892,10232.516653615312,10304.654786205874,72.13813259056292,4.107434287964237,0.0,68.0306983025987,68.0306983025987,135.0,-2.0273288991640985,mean
142,B0,15,DOGEUSDT,2026-08-11 20:29:00+00:00,2026-08-11 20:31:00+00:00,2026-08-11 23:16:00+00:00,10263.841349298269,10260.99186530346,10262.416607300864,-1.4247419974034272,4.104681694520865,0.0,-5.529423691924292,-5.529423691924292,165.0,2.299186813703089,mean
143,B0,15,UNIUSDT,2026-08-12 07:44:00+00:00,2026-08-12 07:46:00+00:00,2026-08-12 10:16:00+00:00,10263.288406929078,10196.32226980585,10333.166115231574,136.84384542572147,4.105897677007485,0.05595268222609813,132.73794774871396,132.79390043094006,150.0,-2.443983177908144,mean
144,B0,15,FILUSDT,2026-08-12 21:29:00+00:00,2026-08-12 21:31:00+00:00,2026-08-13 00:16:00+00:00,10276.567796972173,10241.221444447818,10333.429320598309,92.20787615049065,4.114930153009225,2.5558540801412937,88.09294599748142,90.64880007762271,165.0,-2.6507338195401196,mean
145,B0,15,BCHUSDT,2026-08-13 15:44:00+00:00,2026-08-13 15:46:00+00:00,2026-08-13 19:31:00+00:00,10285.632676979934,10281.21043964688,10133.311168841406,-147.89927080547366,4.082904321697657,2.768563970434616,-151.98217512717133,-149.2136111567367,225.0,-2.7946112748256136,mean
146,B0,15,AVAXUSDT,2026-08-15 02:59:00+00:00,2026-08-15 03:01:00+00:00,2026-08-15 05:31:00+00:00,10270.71131586426,10386.09550803066,10167.472828136431,218.62267989422836,4.110713667233418,0.0,214.51196622699496,214.51196622699496,150.0,2.9075519458345407,mean
147,B0,15,FILUSDT,2026-08-18 02:44:00+00:00,2026-08-18 02:46:00+00:00,2026-08-18 04:01:00+00:00,10292.16251248696,10259.954211712475,9891.169167844611,-368.78504386786375,4.030224675911417,0.0,-372.8152685437752,-372.8152685437752,75.0,-2.233933533191241,stop
149,B0,15,DOTUSDT,2026-08-18 02:59:00+00:00,2026-08-18 03:01:00+00:00,2026-08-18 05:16:00+00:00,10269.894627372203,10268.483733756682,10358.78092514998,90.29719139329812,4.125452931781332,0.0,86.17173846151678,86.17173846151678,135.0,-2.1757497623447133,mean
150,B0,15,FILUSDT,2026-08-18 04:14:00+00:00,2026-08-18 04:16:00+00:00,2026-08-18 06:01:00+00:00,10252.229515411293,10242.290369007598,10344.99488184578,102.70451283818224,4.1174570501706755,0.0,98.58705578801155,98.58705578801155,105.0,-2.264621868265334,mean
148,B0,15,SUIUSDT,2026-08-18 02:59:00+00:00,2026-08-18 03:01:00+00:00,2026-08-18 06:31:00+00:00,10269.894627372203,10309.497799620285,10296.8247845009,-12.673015119386084,4.121264516824237,0.0,-16.794279636210323,-16.794279636210323,210.0,-4.255990703060588,mean
151,B0,15,XRPUSDT,2026-08-19 13:29:00+00:00,2026-08-19 13:31:00+00:00,2026-08-19 15:31:00+00:00,10271.677437093917,10261.631786788692,10618.252372624225,-356.6205858355332,4.175976831882584,0.0,-360.79656266741574,-360.79656266741574,120.0,3.475823554829115,stop
153,B0,15,DOGEUSDT,2026-08-19 14:59:00+00:00,2026-08-19 15:01:00+00:00,2026-08-19 15:31:00+00:00,10260.22107611633,10263.101138172786,10565.507654100425,-302.40651592763993,4.165721758454643,0.0,-306.5722376860946,-306.5722376860946,30.0,2.883842085468578,stop
152,B0,15,SOLUSDT,2026-08-19 14:59:00+00:00,2026-08-19 15:01:00+00:00,2026-08-19 18:16:00+00:00,10260.22107611633,10265.297880211388,10341.44994163729,-76.15206142590159,4.121349564369735,0.42137241091894856,-80.27341099027133,-79.85203857935238,195.0,3.975737772124746,mean
154,B0,15,XRPUSDT,2026-08-19 15:44:00+00:00,2026-08-19 15:46:00+00:00,2026-08-19 19:16:00+00:00,10187.093356870628,10171.851773392986,10172.804372360339,-0.952598967352675,4.068931229150665,0.5429917004220569,-5.02153019650334,-4.478538496081283,210.0,8.559680521950392,mean
155,B0,15,ETHUSDT,2026-08-19 15:44:00+00:00,2026-08-19 15:46:00+00:00,2026-08-19 19:16:00+00:00,10187.093356870628,10163.950304072063,10218.292535643379,-54.34223157131549,4.076448567943089,1.0182442756114156,-58.418680139258576,-57.40043586364716,210.0,7.889233395788761,mean
156,B0,15,ETHUSDT,2026-08-19 20:59:00+00:00,2026-08-19 21:01:00+00:00,2026-08-19 21:31:00+00:00,10190.767455764659,10182.037999318056,10532.227036349688,-350.18903703163346,4.142853007133549,0.0,-354.33189003876697,-354.33189003876697,30.0,2.911773867536334,stop
158,B0,15,XRPUSDT,2026-08-19 20:59:00+00:00,2026-08-19 21:01:00+00:00,2026-08-19 22:01:00+00:00,10190.767455764659,10174.99945296608,10457.895973764133,-282.8965207980539,4.126579085346043,0.0,-287.0230998834,-287.0230998834,60.0,2.500915242187609,stop
160,B0,15,XRPUSDT,2026-08-19 22:14:00+00:00,2026-08-19 22:16:00+00:00,2026-08-19 23:01:00+00:00,10118.401694311047,10135.467795704028,9880.37449067213,255.0933050318984,4.0031684572752315,0.0,251.0901365746232,251.0901365746232,45.0,2.5787574562553726,mean
157,B0,15,DOGEUSDT,2026-08-19 20:59:00+00:00,2026-08-19 21:01:00+00:00,2026-08-19 23:16:00+00:00,10190.767455764659,10185.270817439003,10259.475434835347,-74.20461739634443,4.088949250454871,0.0,-78.29356664679929,-78.29356664679929,135.0,2.5036447149415615,mean
159,B0,15,BNBUSDT,2026-08-19 21:44:00+00:00,2026-08-19 21:46:00+00:00,2026-08-19 23:31:00+00:00,10106.031756903358,10107.781884413644,9980.340781164543,127.44110324909995,4.0176245331156375,0.0,123.42347871598432,123.42347871598432,105.0,3.9285167761091935,mean
161,B0,15,BNBUSDT,2026-08-20 08:14:00+00:00,2026-08-20 08:16:00+00:00,2026-08-20 11:31:00+00:00,10156.253961636821,10155.93738498169,10176.831444220441,-20.89405923875124,4.0665537658404265,0.0,-24.960613004591664,-24.960613004591664,195.0,2.114755240134494,mean
162,B0,15,TRXUSDT,2026-08-20 11:14:00+00:00,2026-08-20 11:16:00+00:00,2026-08-20 14:31:00+00:00,10152.695130344715,10154.80112411916,10163.826811723924,-9.02568760476395,4.063725587168617,0.0,-13.089413191932566,-13.089413191932566,195.0,2.6903217534831887,mean
163,B0,15,BCHUSDT,2026-08-21 06:29:00+00:00,2026-08-21 06:31:00+00:00,2026-08-21 07:31:00+00:00,10152.448959017169,10200.306998026235,10588.079826920204,-387.7728288939684,4.157677364989288,0.0,-391.9305062589577,-391.9305062589577,60.0,2.5264432961311036,stop
164,B0,15,BCHUSDT,2026-08-21 07:44:00+00:00,2026-08-21 07:46:00+00:00,2026-08-21 10:31:00+00:00,10113.255908391273,10185.655581135346,10316.757691239483,-131.10211010413664,4.100482654474966,1.0270654546660873,-135.20259275861162,-134.17552730394553,165.0,2.42328922247874,mean
166,B0,15,LINKUSDT,2026-08-30 23:44:00+00:00,2026-08-30 23:46:00+00:00,2026-08-31 02:16:00+00:00,10091.053579612402,10061.912372632203,10180.298525989267,118.38615335706346,4.048442179724294,-0.08265771313839619,114.33771117733916,114.25505346420076,150.0,-2.215316358831546,mean
167,B0,15,AVAXUSDT,2026-08-30 23:44:00+00:00,2026-08-30 23:46:00+00:00,2026-08-31 02:16:00+00:00,10091.053579612402,10048.403310890457,10164.980712063776,116.57740117331988,4.0426768045908466,0.21716225951748205,112.53472436872904,112.75188662824652,150.0,-2.19990431819543,mean
165,B0,15,ETHUSDT,2026-08-30 23:29:00+00:00,2026-08-30 23:31:00+00:00,2026-08-31 03:16:00+00:00,10099.838355660877,10123.823821713744,10060.362276115531,-63.46154559821316,4.0368372195658555,-0.23781768486852375,-67.49838281777902,-67.73620050264753,225.0,-2.195722837439599,mean
