model,frequency_min,center_hours,scale_days,center_kind,logic,entry_sigma,exit_sigma,hold_hours,exit_rule,stage,cost_bp,train_return,train_start_equity,train_end_equity,train_max_drawdown,train_sharpe_daily,train_trades,train_win_rate,train_profit_factor,train_net_pnl,train_gross_price_pnl,train_funding_cashflow,train_net_pnl_including_funding,train_fees,train_turnover,train_break_even_bp,train_median_hold_min,valid_return,valid_start_equity,valid_end_equity,valid_max_drawdown,valid_sharpe_daily,valid_trades,valid_win_rate,valid_profit_factor,valid_net_pnl,valid_gross_price_pnl,valid_funding_cashflow,valid_net_pnl_including_funding,valid_fees,valid_turnover,valid_break_even_bp,valid_median_hold_min,holdout_return,holdout_start_equity,holdout_end_equity,holdout_max_drawdown,holdout_sharpe_daily,holdout_trades,holdout_win_rate,holdout_profit_factor,holdout_net_pnl,holdout_gross_price_pnl,holdout_funding_cashflow,holdout_net_pnl_including_funding,holdout_fees,holdout_turnover,holdout_break_even_bp,holdout_median_hold_min,all_return,all_start_equity,all_end_equity,all_max_drawdown,all_sharpe_daily,all_trades,all_win_rate,all_profit_factor,all_net_pnl,all_gross_price_pnl,all_funding_cashflow,all_net_pnl_including_funding,all_fees,all_turnover,all_break_even_bp,all_median_hold_min,funding_cash,all_gross_fees,all_net_fees_reference,run_index
B0,5,4,7,sma,band,2.0,0.5,4,band,formula_frequency,2.0,0.01627314341565489,100000.0,101627.31434156549,-0.04037790902569405,1.0822939780243133,715,0.6503496503496503,1.053267522994077,1587.2831348106556,4470.598220379079,40.031206754873345,1627.314341565529,2883.3150855684225,14416575.427842114,3.1010126106267957,120.0,-0.057340424552991154,101627.31434156549,95799.96099103984,-0.12010614901255257,-2.080901367659682,927,0.6094929881337648,0.8976676093462388,-5874.680015574303,-2314.9153690857365,47.32666504882354,-5827.35335052548,3559.7646464885665,17798823.232442833,-1.3006002356752557,110.0,-0.026405664214028013,95799.96099103984,93270.29938939346,-0.11225600623192034,-1.0545768878002315,1011,0.6350148367952523,0.9417674679258837,-2632.6761190203833,1309.0213796548596,103.01451737401668,-2529.6616016463668,3941.697498675243,19708487.493376218,0.6641916991828042,115.0,-0.06729700610606537,100000.0,93270.29938939346,-0.12871602512093794,-0.9556414526634763,2653,0.6302299283829627,0.9477398507873327,-6920.072999784033,3464.704230948202,190.37238917771353,-6729.700610606319,10384.777230732232,51923886.15366116,0.6672659709434914,115.0,190.37238917771353,10384.777230732252,10384.777230732252,1
B0,15,4,7,sma,band,2.0,0.5,4,band,formula_frequency,2.0,0.021868159338024995,100000.0,102186.8159338025,-0.0343973245511936,1.494315030891681,548,0.6167883211678832,1.087529550804994,2120.558622866075,4342.630480001588,66.25731093650698,2186.815933802582,2222.071857135513,11110359.285677563,3.908631906800441,150.0,-0.03316710986056004,102186.8159338025,98797.57458342524,-0.07931246581487372,-1.4037616133627124,748,0.6216577540106952,0.92893209700355,-3427.501783857633,-465.2846357497792,38.26043348029258,-3389.2413503773405,2962.2171481078544,14811085.740539273,-0.3141462036616623,135.0,-0.018629129262693445,98797.57458342524,96957.06179567002,-0.08387490785614493,-0.8098620246231436,795,0.6138364779874214,0.9496540904691041,-1952.4754234626662,1256.891050534905,111.96263570749875,-1840.5127877551674,3209.3664739975707,16046832.369987853,0.7832642739420954,135.0,-0.030429382043299813,100000.0,96957.06179567002,-0.08387490785614493,-0.4549609572817645,2091,0.6174079387852702,0.9706983088148339,-3259.4185844542226,5134.236894786713,216.48038012429834,-3042.9382043299242,8393.655479240937,41968277.39620468,1.2233613608479956,135.0,216.48038012429834,8393.655479240948,8393.655479240948,2
B0,60,4,7,sma,band,2.0,0.5,4,band,formula_frequency,2.0,0.014596043690390248,100000.0,101459.60436903902,-0.027242016255207502,1.0432384296501398,312,0.6025641025641025,1.0841706977740688,1366.8617340388323,2626.410218984871,92.7426349999593,1459.6043690387917,1259.5484849460383,6297742.424730192,4.170399552498992,180.0,0.024893998647626647,101459.60436903902,103985.33962299062,-0.02737623577547521,1.5059466133710444,459,0.6296296296296297,1.0782548440081414,2497.973170581611,4369.797528354139,27.762083370128888,2525.73525395174,1871.8243577725284,9359121.788862642,4.669025178787821,180.0,-0.007100895220821246,103985.33962299062,103246.95062182625,-0.04445013587063529,-0.35505736497908763,470,0.6,0.9652570430408773,-840.3113907949266,1122.2498264333317,101.92238963045222,-738.3890011644744,1962.561217228258,9812806.086141292,1.143658415932925,180.0,0.0324695062182625,100000.0,103246.95062182625,-0.04445013587063529,0.7025831557250009,1241,0.6116035455278002,1.0418059681933205,3024.5235138255166,8118.457573772343,222.42710800054027,3246.9506218260567,5093.934059946825,25469670.299734123,3.1875000650703718,180.0,222.42710800054027,5093.934059946828,5093.934059946828,3
PEER,5,4,7,sma,band,2.0,0.5,4,band,formula_frequency,2.0,-0.023757809372680794,100000.0,97624.21906273192,-0.032137119724376495,-3.8682425678194345,1057,0.6234626300851467,0.8282710180258758,-2395.2753045034324,1765.3836859623095,19.494367235252398,-2375.78093726818,4160.658990465741,20803294.952328708,0.8486077277699192,110.0,-0.06637241829823981,97624.21906273192,91144.66355906129,-0.0677733006154786,-5.643040398242418,1235,0.6137651821862348,0.7295035249015863,-6498.011530183595,-1822.9275033746437,18.456026513397703,-6479.555503670197,4675.084026808951,23375420.13404476,-0.7798480168147524,115.0,-0.027973528051300378,91144.66355906129,88595.02575626555,-0.04468649486966425,-3.6067249056963866,1188,0.6069023569023569,0.8545638702783822,-2578.9417420872105,1713.7881298384536,29.303939291400212,-2549.6378027958103,4292.729871925664,21463649.35962832,0.7984607375584386,120.0,-0.11404974243734456,100000.0,88595.02575626555,-0.12170259809833306,-4.425195063182038,3480,0.614367816091954,0.7940464982275194,-11472.228576774236,1656.2443124261194,67.25433304005034,-11404.974243734187,13128.472889200357,65642364.44600179,0.25231332332469014,115.0,67.25433304005034,13128.472889200364,12606.774522351188,4
PEER,15,4,7,sma,band,2.0,0.5,4,band,formula_frequency,2.0,-0.008069665325917352,100000.0,99193.03346740827,-0.01829658136322121,-1.5282841497414659,836,0.6088516746411483,0.9264107704260224,-840.319676158022,2494.3489644339606,33.353143566138385,-806.9665325918836,3334.6686405919827,16673343.202959914,1.4960100887212315,135.0,-0.05104670058584093,99193.03346740827,94129.55638779618,-0.0522598194121503,-4.470808413607074,986,0.592292089249493,0.7659705332359749,-5071.736912405928,-1252.41962237881,8.25983279364845,-5063.477079612279,3819.3172900271184,19096586.450135596,-0.6558342904105342,135.0,-0.037663178956033216,94129.55638779618,90584.33806051059,-0.042107463129075984,-5.5936857826602315,973,0.5837615621788284,0.7836532735960885,-3570.489616139952,36.262395689951404,25.271288854149528,-3545.2183272858024,3606.7520118299026,18033760.05914952,0.020108061530714164,135.0,-0.09415661939489406,100000.0,90584.33806051059,-0.10338777386088249,-3.9110816563601474,2795,0.5942754919499106,0.8087963920328302,-9482.546204703902,1278.1917377451027,66.88426521393636,-9415.661939489966,10760.737942449005,53803689.71224502,0.23756581464601728,135.0,66.88426521393636,10760.737942449006,9892.516911337916,5
PEER,60,4,7,sma,band,2.0,0.5,4,band,formula_frequency,2.0,-0.019174894818884902,100000.0,98082.5105181115,-0.024025058241238018,-4.037379068151677,467,0.5546038543897216,0.7740773169616464,-1966.8100950407013,-119.60545840487606,49.320613152123585,-1917.4894818885778,1847.204636635825,9236023.183179125,-0.1294988720066278,180.0,-0.004746899950962669,98082.5105181115,97616.92265374279,-0.028118541876613445,-0.5177103875551167,586,0.5972696245733788,0.9640666991511886,-490.7730337277277,1809.3226540400137,25.185169359107235,-465.58786436862044,2300.0956877677418,11500478.43883871,1.5732585941204675,180.0,-0.031508314753364686,97616.92265374279,94541.17792951381,-0.03805152850034166,-5.726862214481411,564,0.5336879432624113,0.7410530750605134,-3096.476268080155,-927.4184349731045,20.731543851535996,-3075.744724228619,2169.057833107051,10845289.165535256,-0.8551348155107792,180.0,-0.05458822070486191,100000.0,94541.17792951381,-0.061500697990698794,-2.819140406511843,1617,0.5627705627705628,0.8381756189076135,-5554.059396848585,762.2987606620334,95.2373263627668,-5458.822070485818,6316.358157510618,31581790.787553087,0.24137287394179943,180.0,95.2373263627668,6316.358157510611,5308.982115385029,6
MEDIAN,5,4,7,sma,band,2.0,0.5,4,band,formula_frequency,2.0,-0.011576203786554662,100000.0,98842.37962134453,-0.025248375514450694,-1.9740723596039096,1064,0.6409774436090225,0.9114382417226278,-1177.8072105062843,3042.1824489726923,20.186831850868952,-1157.6203786554154,4219.989659478975,21099948.29739488,1.4417961627651465,110.0,-0.07602706021315475,98842.37962134453,91327.68407426107,-0.07738797459595981,-6.567140163713075,1232,0.6006493506493507,0.6987080831775598,-7519.203022261503,-2830.2586947465434,4.507475178554934,-7514.695547082948,4688.94432751496,23444721.6375748,-1.20720507519718,120.0,-0.03947008172110744,91327.68407426107,87722.9729204505,-0.04875440156154043,-6.077426888047285,1209,0.5905707196029777,0.7972570975583692,-3637.272262222816,734.9879412617443,32.56110841240568,-3604.7111538104105,4372.26020348456,21861301.0174228,0.3362050322055311,120.0,-0.12277027079549496,100000.0,87722.9729204505,-0.12796870183857334,-5.009825085096908,3505,0.6094151212553495,0.7805136728644406,-12334.282494990603,946.9116954878929,57.2554154418296,-12277.027079548772,13281.194190478494,66405970.95239248,0.14259436040273385,115.0,57.2554154418296,13281.194190478507,12819.443268640443,7
MEDIAN,15,4,7,sma,band,2.0,0.5,4,band,formula_frequency,2.0,-0.01798764000901587,100000.0,98201.23599909841,-0.02093865696299635,-3.2008413192530076,817,0.5973072215422277,0.8434787650343941,-1830.0371559485247,1403.175339340573,31.273155046713214,-1798.7640009018114,3233.2124952890968,16166062.476445485,0.8679759473805375,135.0,-0.05268355421591031,98201.23599909841,93027.64585827051,-0.05651287516263748,-4.4207556828594585,1013,0.6031589338598223,0.7576514557578773,-5196.108541351996,-1315.8185725453654,22.51840052399077,-5173.590140828005,3880.289968806631,19401449.84403316,-0.6782063109319845,135.0,-0.03346144083518876,93027.64585827051,89914.8067903471,-0.039982774692086775,-4.612070241524783,963,0.5825545171339563,0.8088526402071871,-3135.5837307532265,392.87737146838003,22.74466283000481,-3112.8390679232216,3528.4611022216072,17642305.511108033,0.2226904931563591,150.0,-0.1008519320965291,100000.0,89914.8067903471,-0.10551350990082153,-3.996185816775469,2793,0.594343000358038,0.7948642012121996,-10161.729428053748,480.2341382635881,76.53621840070885,-10085.19320965304,10641.963566317336,53209817.831586674,0.09025291907286123,135.0,76.53621840070885,10641.963566317343,9803.843069730878,8
MEDIAN,60,4,7,sma,band,2.0,0.5,4,band,formula_frequency,2.0,-0.022329559616600547,100000.0,97767.04403833994,-0.029333431134096477,-4.88201738613706,473,0.5708245243128964,0.7426444633880497,-2282.837132978322,-419.13715330950964,49.88117131822799,-2232.955961660094,1863.6999796688128,9318499.898344062,-0.4497903717142199,180.0,-0.007254163516057344,97767.04403833994,97057.82591440424,-0.0264831639943931,-1.0209657027333072,593,0.5935919055649241,0.9449445342978516,-730.5375527508573,1583.8534816371348,21.319428815012543,-709.2181239358448,2314.3910343879916,11571955.171939958,1.3686999803436093,180.0,-0.02045851530107845,97057.82591440424,95072.16689784499,-0.02658037898205179,-3.8207891415933117,577,0.5459272097053726,0.8199496311238036,-2011.086616739768,207.04499636607238,25.427600180566284,-1985.6590165592017,2218.1316131058406,11090658.065529205,0.18668414005981077,240.0,-0.049278331021550104,100000.0,95072.16689784499,-0.05515866741031772,-2.922118960841013,1643,0.5702982349360926,0.8491563200091402,-5024.461302468948,1371.7613246936983,96.62820031380679,-4927.833102155141,6396.222627162645,31981113.13581323,0.4289285738330248,180.0,96.62820031380679,6396.2226271626405,5484.578847785829,9
RIDGE,5,4,7,sma,band,2.0,0.5,4,band,formula_frequency,2.0,-0.008386549761723594,100000.0,99161.34502382764,-0.01275127872312376,-1.896604931053571,602,0.6262458471760798,0.8596952132561579,-849.1886169636557,1544.7079841020584,10.533640791404075,-838.6549761722516,2393.896601065714,11969483.00532857,1.2905386000501324,105.0,-0.058244609486899024,99161.34502382764,93385.73120671914,-0.05852177234820988,-6.920580994379258,1246,0.579454253611557,0.7189756088749868,-5776.832317799881,-985.6598580915289,1.2185006914996912,-5775.613817108381,4791.172459708352,23955862.298541762,-0.4114482901129081,120.0,-0.02690652530222748,93385.73120671914,90873.04566713853,-0.04069790074504642,-4.035029849598123,1254,0.6036682615629984,0.8443659725080485,-2541.8303163444125,2076.9371539608555,29.14477676358098,-2512.6855395808316,4618.767470305268,23093837.351526342,0.8993469220149264,120.0,-0.0912695433286147,100000.0,90873.04566713853,-0.10364608902683148,-4.623428095315763,3102,0.5983236621534493,0.78650068536029,-9167.85125110795,2635.9852799713854,40.896918246484745,-9126.954332861465,11803.836531079334,59019182.65539667,0.4466319527605916,115.0,40.896918246484745,11803.83653107935,11516.116804379806,10
RIDGE,15,4,7,sma,band,2.0,0.5,4,band,formula_frequency,2.0,-0.012648781799669107,100000.0,98735.12182003309,-0.014888463742540603,-3.3124561552895266,457,0.5929978118161926,0.7646955359155814,-1283.4693361704983,530.7768320160751,18.591156203570034,-1264.8781799669282,1814.2461681865739,9071230.840932868,0.5851210726784801,135.0,-0.04038571560993176,98735.12182003309,94747.63326949727,-0.04087610207130132,-5.522090122190418,991,0.5691220988900101,0.7679654628059639,-3989.4424992779686,-150.3022890565048,1.9539487423726287,-3987.488550535596,3839.1402102214633,19195701.051107317,-0.07829997386203016,135.0,-0.025699975129370833,94747.63326949727,92312.62145090444,-0.036856799827953424,-4.874575470639778,993,0.5850956696878147,0.825554791240097,-2466.261335622156,1244.957837488142,31.249517029599975,-2435.0118185925558,3711.2191731102985,18556095.86555149,0.6709158254562304,135.0,-0.07687378549095558,100000.0,92312.62145090444,-0.08832953517226694,-4.638232203762978,2441,0.5800901269971324,0.789613827765734,-7739.1731710706235,1625.4323804477124,51.79462197554261,-7687.378549095081,9364.605551518336,46823027.75759168,0.34714380045279575,135.0,51.79462197554261,9364.605551518347,8856.059000261965,11
RIDGE,60,4,7,sma,band,2.0,0.5,4,band,formula_frequency,2.0,-0.003800400250463243,100000.0,99619.95997495367,-0.007984986271585837,-1.330034078965095,258,0.6124031007751938,0.8883986603186681,-398.12393899389224,630.8460505210749,18.083913947640614,-380.0400250462516,1028.9699895149668,5144849.947574833,1.226169969871408,180.0,-0.022512709360329453,99619.95997495367,97377.24476954988,-0.03270558779331323,-3.0753636105468063,588,0.5578231292517006,0.8134590799207012,-2237.4752725662984,77.03390037749648,-5.239932837629694,-2242.715205403928,2314.5091729437945,11572545.864718974,0.06656607913073687,180.0,-0.01503165124501904,97377.24476954988,95913.50398697316,-0.02398395111141216,-3.2221672827264394,583,0.5334476843910806,0.8456215653029645,-1492.1408172241809,762.931609226456,28.400034647371662,-1463.7407825768091,2255.0724264506366,11275362.132253183,0.6766360142385933,240.0,-0.04086496013026841,100000.0,95913.50398697316,-0.04743379252756674,-2.6169197476681276,1429,0.5577326801959412,0.8363787316535816,-4127.740028784371,1470.8115601250267,41.24401575738259,-4086.4960130269887,5598.551588909399,27992757.94454699,0.5254257415573952,180.0,41.24401575738259,5598.5515889093995,4961.692047589209,12
PCA3,5,4,7,sma,band,2.0,0.5,4,band,formula_frequency,2.0,-0.006923805518698534,100000.0,99307.61944813015,-0.011705717354829948,-1.6977468080481137,577,0.6273830155979203,0.8886353384967285,-701.1998338406333,1594.4360054306726,8.819281971106157,-692.3805518695272,2295.635839271306,11478179.196356531,1.3891018585393644,110.0,-0.08091777314419801,99307.61944813015,91271.86802613601,-0.0812300575654612,-7.525656995854445,1230,0.5691056910569106,0.651266875455431,-8042.8935220242365,-3345.8484999788598,7.142100030595124,-8035.751421993641,4697.045022045377,23485225.11022688,-1.424661030190371,125.0,-0.04769926758053222,91271.86802613601,86918.26677058233,-0.056518779511555595,-6.77935866743136,1237,0.5836701697655619,0.7496480105359549,-4386.852483903916,27.38986174990498,33.25122835039575,-4353.601255553521,4414.242345653822,22071211.728269108,0.012409768021401233,125.0,-0.1308173322941767,100000.0,86918.26677058233,-0.1394626411560863,-5.7129503577073075,3044,0.5860709592641261,0.719917044161397,-13130.945839768785,-1724.0226327982823,49.212610352097045,-13081.733229416688,11406.923206970503,57034616.03485252,-0.3022765388207001,120.0,49.212610352097045,11406.923206970541,11046.854341635257,13
PCA3,15,4,7,sma,band,2.0,0.5,4,band,formula_frequency,2.0,-0.005758774591749005,100000.0,99424.1225408251,-0.012204349747694132,-1.699310182300426,434,0.5921658986175116,0.8862913859358532,-591.3449096031417,1134.7061292119115,15.467450427968403,-575.8774591751733,1726.0510388150533,8630255.194075268,1.3148002042754139,135.0,-0.06313691748373207,99424.1225408251,93146.78992007257,-0.0665761470154348,-6.499607128271317,983,0.5574771108850458,0.6897526514960662,-6280.850058325909,-2479.455058255232,3.5174375732925527,-6277.332620752617,3801.3950000706764,19006975.00035338,-1.3044974585430524,150.0,-0.03220696966317049,93146.78992007257,90146.81408289507,-0.039064955330784135,-6.505913558913087,1006,0.5705765407554672,0.8050196376944952,-3032.367669408601,676.090466022404,32.39183223124122,-2999.97583717736,3708.458135431005,18542290.677155025,0.36462078919697843,150.0,-0.09853185917104934,100000.0,90146.81408289507,-0.10334105516242331,-5.040165452424114,2423,0.5691291787040859,0.7584096970548961,-9904.56263733765,-668.6584630209168,51.3767202325021,-9853.18591710515,9235.904174316736,46179520.87158368,-0.1447954527030124,135.0,51.3767202325021,9235.904174316749,8560.465688596203,14
PCA3,60,4,7,sma,band,2.0,0.5,4,band,formula_frequency,2.0,-0.0031819843242933965,100000.0,99681.80156757066,-0.006603571664494878,-1.2520268942884383,241,0.5477178423236515,0.9053869556347717,-328.6600080483578,632.5473365794477,10.46157561894822,-318.19843242940954,961.2073446278054,4806036.723139026,1.3161516921708085,180.0,-0.019639837536166938,99681.80156757066,97724.06717947114,-0.033124825361688814,-2.5593711994107147,574,0.5627177700348432,0.8470421727684628,-1956.774720727301,307.9863122689833,-0.9596673722739719,-1957.734388099575,2264.761032996284,11323805.164981421,0.2719812887821694,240.0,-0.023336648641263835,97724.06717947114,95443.51495990856,-0.032355159969334246,-3.8874977612331505,588,0.532312925170068,0.7816522881942131,-2307.5585199111856,-38.463410753708274,27.006300348778726,-2280.5522195624067,2269.095109157477,11345475.545787387,-0.03390198198257972,180.0,-0.0455648504009144,100000.0,95443.51495990856,-0.05374309619302153,-2.655851701629231,1403,0.5473984319315752,0.8288425817209683,-4592.993248686844,902.0702380947225,36.50820859545297,-4556.485040091391,5495.063486781567,27475317.433907837,0.3283202242393239,180.0,36.50820859545297,5495.063486781567,4715.263185600908,15
PCA1,15,4,7,sma,band,2.0,0.5,4,band,factor_control,2.0,-0.015114191678949673,100000.0,98488.58083210503,-0.019133130758103523,-3.1342061972228668,414,0.5555555555555556,0.7374290303318873,-1526.2936171791882,110.8143825166178,14.874449284036661,-1511.4191678951515,1637.107999695806,8185539.99847903,0.13537821883126638,142.5,-0.05911998920670647,98488.58083210503,92665.93699632715,-0.06698161109504852,-5.442798500393693,994,0.5674044265593562,0.7335341067837982,-5822.417632048316,-1999.4254314308753,-0.22620372940013486,-5822.643835777716,3822.992200617441,19114961.003087204,-1.0460002670724537,142.5,-0.03039266229586235,92665.93699632715,89849.57246686812,-0.04039846585099638,-5.760199943959784,1015,0.5684729064039409,0.8266156282112599,-2849.269932455329,871.3058655933296,32.90540299627026,-2816.3645294590588,3720.5757980486587,18602878.990243293,0.46837151714544073,150.0,-0.10150427533131878,100000.0,89849.57246686812,-0.10794618638358722,-4.618159512183962,2423,0.5658274865868758,0.7687357177910902,-10197.981181682833,-1017.3051833209274,47.5536485509068,-10150.427533131926,9180.675998361905,45903379.99180953,-0.22161879659023878,150.0,47.5536485509068,9180.675998361909,8461.919351202643,16
PCA5,15,4,7,sma,band,2.0,0.5,4,band,factor_control,2.0,-0.011998007082844375,100000.0,98800.19929171556,-0.014621652415405362,-3.393212813642781,432,0.6203703703703703,0.7798609813691897,-1216.703241924063,495.56165800839983,16.902533639681092,-1199.800708284382,1712.2648999324629,8561324.499662314,0.5788376062932159,135.0,-0.03823104538099065,98800.19929171556,95022.96438894306,-0.04545528594501147,-4.704391445705661,989,0.5813953488372093,0.8005510970628903,-3779.192858129278,71.91864426813822,1.95795535654397,-3777.234902772734,3851.111502397416,19255557.511987083,0.03734955179737954,135.0,-0.03077790321546381,95022.96438894306,92098.3567877337,-0.04083945956648716,-5.84744427429062,1001,0.5834165834165834,0.8108346446676633,-2956.1403199929714,787.2038559818507,31.532718783844228,-2924.607601209127,3743.344175974822,18716720.87987411,0.42058855342995605,135.0,-0.07901643212266296,100000.0,92098.3567877337,-0.08915763463728665,-4.535449417365024,2422,0.5891824938067712,0.8017068899375743,-7952.036420046312,1354.6841582583882,50.39320778006928,-7901.643212266243,9306.7205783047,46533602.89152351,0.2911195510513877,135.0,50.39320778006928,9306.720578304716,8707.721130710004,17
AR1,15,4,7,sma,band,2.0,0.5,4,band,ar1_control,2.0,-0.002971341451265763,100000.0,99702.86585487342,-0.04668659821868271,-0.20758823493240042,1408,0.5440340909090909,0.9899426222345966,-280.3496323833581,5283.414854248086,-16.784512742915066,-297.13414512627315,5563.764486631444,27818822.43315722,1.899223041141666,30.0,-0.039946698386044366,99702.86585487342,95720.06554434456,-0.049544688645286494,-1.7940356758196416,1737,0.5215889464594128,0.932772326725571,-4011.6189400112135,2780.908136869554,28.818629482871373,-3982.800310528342,6792.527076880768,33962635.38440384,0.8188140011498015,30.0,-0.07944552324187604,95720.06554434456,88115.53485242743,-0.10203310222256501,-4.384715064711227,1949,0.4935864545920985,0.8295520104966757,-7619.270380504438,-426.85283406133203,14.739688586918598,-7604.53069191752,7192.417546443105,35962087.73221552,-0.1186952318340932,30.0,-0.11884465147572565,100000.0,88115.53485242743,-0.14830638798311713,-2.2854216396077702,5094,0.5170789163722026,0.9099329665520975,-11911.238952899008,7637.47015705631,26.773805326874882,-11884.465147572133,19548.709109955314,97743545.54977658,0.7813784648487991,30.0,26.773805326874882,19548.709109955293,19548.709109955293,18
AR1,60,4,7,sma,band,2.0,0.5,4,band,ar1_control,2.0,-0.03515535281528126,100000.0,96484.46471847188,-0.05134515820060248,-2.93465030929554,367,0.4822888283378747,0.7910086453932298,-3540.575326764162,-2113.9432588371837,25.040045235950302,-3515.5352815282117,1426.6320679269784,7133160.339634892,-2.963543728424567,120.0,0.031877521455239144,96484.46471847188,99560.15031263223,-0.031871800603378464,2.0436808352604747,518,0.4864864864864865,1.099741519363114,3072.281377479975,5096.06274681745,3.404216680516777,3075.6855941604917,2023.7813693374746,10118906.846687373,5.036179128860889,120.0,-0.04182676844627864,99560.15031263223,95395.87095902907,-0.08129153020022573,-2.9239325138184995,588,0.4710884353741497,0.8460064144890619,-4180.655296148662,-1871.5322250269035,16.375942545458777,-4164.279353603203,2309.123071121759,11545615.355608795,-1.620989585555285,120.0,-0.04604129040970928,100000.0,95395.87095902907,-0.08129153020022573,-1.067012420683452,1473,0.4792939579090292,0.9379245616629719,-4648.949245432848,1110.5872629533606,44.82020446192587,-4604.129040970923,5759.5365083862125,28797682.54193106,0.3856516097558484,120.0,44.82020446192587,5759.536508386221,5759.536508386221,19
B0,15,1,1,sma,band,2.0,0.5,4,band,period,2.0,-0.00834803754834934,100000.0,99165.19624516506,-0.04746655327865035,-0.45061164234232726,1480,0.5945945945945946,0.9767786874281895,-832.4400798252891,5031.684305464745,-2.3636750093482695,-834.8037548346374,5864.124385290034,29320621.92645017,1.7160905788719496,45.0,-0.09012899899199589,99165.19624516506,90227.5363727435,-0.11099425238735772,-4.6157241724466145,1484,0.5512129380053908,0.8152011419426896,-8953.368336009495,-3391.8073531961045,15.708463587895901,-8937.659872421598,5561.560982813389,27807804.914066948,-1.2197321448699872,60.0,-0.0668301956512134,90227.5363727435,84197.61246382608,-0.10583847398012347,-3.319660988832476,1779,0.5694210230466554,0.8524603887591021,-6067.038258155144,213.76238081207384,37.11434923735218,-6029.923908917792,6280.800638967218,31404003.19483609,0.06806851326751355,45.0,-0.15802387536173923,100000.0,84197.61246382608,-0.19982836632427214,-2.9292250818373353,4743,0.5715791693021295,0.873600702727196,-15852.846673989927,1853.6393330807164,50.4591378158998,-15802.387536174027,17706.48600707064,88532430.0353532,0.2093740488474689,45.0,50.4591378158998,17706.486007070653,17706.486007070653,20
B0,15,12,14,sma,band,2.0,0.5,4,band,period,2.0,0.004732304674382126,100000.0,100473.23046743822,-0.03846196164386806,0.41025269602930736,320,0.53125,1.0176460184367566,351.9977685916019,1643.9365021794672,121.23269884645354,473.2304674380555,1291.9387335878646,6459693.667939322,2.5449140264013357,255.0,-0.026245060598387493,100473.23046743822,97836.30444530454,-0.09427804606404055,-0.974470352443571,524,0.5400763358778626,0.9413266606623981,-2729.1045988514097,-670.4961269002534,92.17857671773487,-2636.926022133675,2058.6084719511573,10293042.359755786,-0.6514071384003919,255.0,0.006643547641617786,97836.30444530454,98486.28459496674,-0.07291928789168223,0.3919246330777678,513,0.5672514619883041,1.0169040318929297,497.07786092111655,2546.4374026285286,152.90228874116377,649.9801496622804,2049.359541707412,10246797.70853706,2.4851055666952213,255.0,-0.015137154050332557,100000.0,98486.28459496674,-0.10784878373459761,-0.1966829091434941,1357,0.548268238761975,0.9803892223520525,-1880.0289693386912,3519.8777779077436,366.31356430535214,-1513.715405033339,5399.906747246434,26999533.73623217,1.3036809495655197,255.0,366.31356430535214,5399.906747246431,5399.906747246431,21
PEER,15,1,1,sma,band,2.0,0.5,4,band,period,2.0,-0.05131854569091998,100000.0,94868.145430908,-0.053838420746056714,-9.084242958725858,2187,0.4929126657521719,0.710490087899719,-5139.321837066713,3378.91084597591,7.467267974589021,-5131.854569092124,8518.232683042621,42591163.41521311,0.7933361230440114,45.0,-0.08554765009379017,94868.145430908,86752.39852053788,-0.08748460068048791,-11.31634592374655,2097,0.48831664282308057,0.6442820840808463,-8116.140430112578,-557.6573415715234,0.39351974277348034,-8115.746910369804,7558.483088541055,37792415.44270527,-0.1475580047051909,45.0,-0.07055790835598497,86752.39852053788,80631.33073606389,-0.07630005511304572,-10.29342709307534,2244,0.5133689839572193,0.6796695540654861,-6132.27850938474,1368.5567445251208,11.210724910392294,-6121.067784474348,7500.83525390986,37504176.269549295,0.364907826448195,45.0,-0.1936866926393611,100000.0,80631.33073606389,-0.2005240682166528,-10.256387624365972,6528,0.49846813725490197,0.6753104601594168,-19387.74077656403,4189.810248929508,19.07151262775482,-19368.669263936277,23577.551025493536,117887755.12746769,0.3554067379092273,45.0,19.07151262775482,23577.551025493554,20110.798027540925,22
PEER,15,12,14,sma,band,2.0,0.5,4,band,period,2.0,-0.009133920626442027,100000.0,99086.6079373558,-0.027240990220932626,-1.9820967183857063,464,0.5237068965517241,0.8893012676140456,-993.8834331434213,861.4342485511011,80.49137049932918,-913.3920626440921,1855.3176816945222,9276588.408472613,0.9286110481783637,255.0,-0.029396732635011302,99086.6079373558,96173.78541611116,-0.043182355560650976,-2.7398221442829254,676,0.5650887573964497,0.8519535919351153,-2943.253255427103,-300.3450015389732,30.430734182794403,-2912.8225212443085,2642.9082538881294,13214541.269440645,-0.22728371376276038,255.0,-0.03152082092545594,96173.78541611116,93142.3087482867,-0.0397481292399372,-3.813137573925072,617,0.5380875202593193,0.7853292524657735,-3084.1912911093314,-724.0353837509148,52.714623285210656,-3031.476667824121,2360.1559073584162,11800779.53679208,-0.6135487757342988,255.0,-0.06857691251713305,100000.0,93142.3087482867,-0.08115586598585489,-2.838256152988264,1757,0.5446784291405805,0.8375668810816695,-7021.327979679855,-162.94613673878666,163.636727967334,-6857.691251712521,6858.381842941068,34291909.21470534,-0.04751737085227986,255.0,163.636727967334,6858.38184294106,6428.340914075873,23
MEDIAN,15,1,1,sma,band,2.0,0.5,4,band,period,2.0,-0.05555164066293694,100000.0,94444.8359337063,-0.05794796683235337,-9.239577668080468,2175,0.48551724137931035,0.6905755018661387,-5575.438318606166,2902.954613875179,20.274252312552388,-5555.164066293613,8478.392932481343,42391964.66240673,0.6847888832219009,45.0,-0.086574198144719,94444.8359337063,86268.34999383613,-0.08876799135669655,-13.143529733433361,2136,0.4911048689138577,0.65133917352362,-8185.097247179973,-518.7969308200295,8.611307309552217,-8176.485939870421,7666.300316359943,38331501.58179972,-0.1353447972062646,52.5,-0.07167310845681141,86268.34999383613,80085.22918833775,-0.07553224158470129,-11.797632609235077,2293,0.5032708242477104,0.6845829410213078,-6197.01568920944,1458.447179033392,13.894883710676039,-6183.120805498764,7655.462868242831,38277314.341214165,0.3810212926728364,45.0,-0.19914770811662252,100000.0,80085.22918833775,-0.204406493697471,-11.43693130682358,6604,0.49348879466989704,0.673584764122465,-19957.551254995575,3842.6048620885413,42.78044333278065,-19914.770811662795,23800.156117084123,119000780.58542061,0.32290585348978107,45.0,42.78044333278065,23800.15611708419,20653.431897462553,24
MEDIAN,15,12,14,sma,band,2.0,0.5,4,band,period,2.0,-0.009617253698541162,100000.0,99038.27463014588,-0.020785660033098008,-2.0540135959775268,472,0.5360169491525424,0.8844765493022957,-1047.2790471068924,838.1677196487062,85.55367725286685,-961.7253698540256,1885.4467667555987,9427233.833777992,0.8890918952763559,255.0,-0.03913190009712175,99038.27463014588,95162.7187615277,-0.047420212519031724,-3.7780152254863544,686,0.5626822157434402,0.8091308584052496,-3918.168065379894,-1258.6340200580648,42.61219676197701,-3875.555868617917,2659.5340453218287,13297670.22660914,-0.9465071690073127,255.0,-0.023090402708576985,95162.7187615277,92965.37326248098,-0.029263108494448353,-3.0492067394631874,627,0.5454545454545454,0.8393635961110676,-2251.8240990452814,119.03287670421727,54.47859999817135,-2197.34549904711,2370.8569757494993,11854284.878747497,0.10041337619413959,255.0,-0.07034626737519023,100000.0,92965.37326248098,-0.08090304160604833,-3.0415446552621836,1785,0.5495798319327732,0.8345106149455407,-7217.271211532068,-301.43342370514154,182.64447401301513,-7034.626737519053,6915.837787826927,34579188.93913463,-0.08717191841477737,255.0,182.64447401301513,6915.837787826925,6545.961950540817,25
PCA3,15,1,1,sma,band,2.0,0.5,4,band,period,2.0,-0.033921616152188694,100000.0,96607.83838478113,-0.035247614463268295,-8.003802936175115,1161,0.49440137812230833,0.6352523745067308,-3401.3717048604535,1156.9813347100016,9.210089641497799,-3392.161615218956,4558.353039570455,22791765.197852276,0.5076312978246313,45.0,-0.09226249568966527,96607.83838478113,87694.55811221739,-0.09398750774170406,-12.22814514437569,2238,0.46872207327971405,0.6196374708313958,-8915.979979607579,-696.3113896107182,2.69970704419424,-8913.280272563385,8219.66858999686,41098342.9499843,-0.16942566041120258,45.0,-0.07389805284844941,87694.55811221739,81214.10102231933,-0.07395473010123621,-13.108541511694124,2295,0.48932461873638344,0.6549855948790648,-6495.712790723798,1249.8196364589867,15.255700825403775,-6480.457089898395,7745.532427182785,38727662.13591392,0.32272013530606897,45.0,-0.1878589897768067,100000.0,81214.10102231933,-0.18901706763756743,-10.971453863706309,5694,0.4822620302072357,0.6353589705181694,-18813.064475191826,1710.4895815582709,27.16549751109579,-18785.898977680732,20523.554056750098,102617770.2837505,0.16668551429528833,45.0,27.16549751109579,20523.554056750207,17789.63991520724,26
PCA3,15,12,14,sma,band,2.0,0.5,4,band,period,2.0,-0.009108128822768458,100000.0,99089.18711772315,-0.013130242598113573,-2.5196846581080643,224,0.5267857142857143,0.7893049906555507,-950.3422717998278,-59.72850671730106,39.52938952293167,-910.8128822768962,890.6137650825267,4453068.825412633,-0.1341288649671083,255.0,-0.029807775146479143,99089.18711772315,96135.55890867066,-0.03679533442571992,-3.406491472897332,667,0.5322338830584707,0.8395620445968033,-2967.852277129694,-350.24930181831604,14.224068077476426,-2953.6282090522177,2617.602975311378,13088014.876556892,-0.267610714934072,255.0,-0.01651239079305411,96135.55890867066,94548.13099086202,-0.022397588344884478,-2.877438776175674,641,0.5366614664586583,0.8739424771951269,-1639.3452039778279,807.7752550041293,51.91728616902985,-1587.427917808798,2447.1204589819567,12235602.294909785,0.660184301135856,255.0,-0.054518690091379884,100000.0,94548.13099086202,-0.05741145852676888,-2.8959374992419766,1532,0.533289817232376,0.8456825925708022,-5557.539752907349,397.7974464685125,105.67074376943799,-5451.869009137911,5955.337199375862,29776685.99687931,0.13359359282299008,255.0,105.67074376943799,5955.337199375883,5661.4225652470905,27
AR1,15,1,1,sma,band,2.0,0.5,4,band,period,2.0,-0.028987455235842674,100000.0,97101.25447641574,-0.06722269392839497,-2.300768207262685,1709,0.478642480983031,0.9126774522910751,-2915.445436776972,3832.833199138038,16.69991319299011,-2898.745523583982,6748.278635915009,33741393.17957505,1.1359439661365844,30.0,-0.06113508645025445,97101.25447641574,91164.9608895719,-0.08302415113059214,-3.8008748766336904,1942,0.4654994850669413,0.8784807149072755,-5940.674704810073,1326.1168463729211,4.381117965859726,-5936.293586844214,7266.791551182996,36333957.755914986,0.3649800154669459,30.0,-0.09289137444469442,91164.9608895719,82696.52237134275,-0.12429440267356662,-5.3579706116770565,2254,0.43788819875776397,0.8140285265623909,-8472.46663158342,-649.7194996193604,4.02811335375562,-8468.438518229665,7822.747131964061,39113735.6598203,-0.16611031614829533,30.0,-0.1730347762865725,100000.0,82696.52237134275,-0.21255927417392273,-3.963141287390802,5905,0.4587637595258256,0.8644421273646696,-17328.586773170464,4509.230545891599,25.10914451260547,-17303.47762865786,21837.817319062066,109189086.59531033,0.412974472678231,30.0,25.10914451260547,21837.817319062066,21837.817319062066,28
AR1,15,12,14,sma,band,2.0,0.5,4,band,period,2.0,-0.038687401270296795,100000.0,96131.25987297032,-0.06897302545386375,-2.86718921157302,1175,0.5923404255319149,0.8606677169586098,-3868.780346638867,663.4613715490473,0.04021960929351154,-3868.740127029573,4532.241718187914,22661208.590939566,0.2927740455177281,30.0,0.037513252130565,96131.25987297032,99737.45606221393,-0.05748874606244414,1.7751757813017914,1692,0.5638297872340425,1.0602553345073056,3593.801126893312,10083.879038515295,12.39506235039192,3606.196189243704,6490.077911621982,32450389.55810991,3.1074754959282638,45.0,-0.0594475472658077,99737.45606221393,93808.30892878404,-0.09164654439833297,-3.2181527859823906,1768,0.5542986425339367,0.8690977869109426,-5997.610019189142,763.298619051772,68.46288575933823,-5929.147133429804,6760.908638240913,33804543.19120457,0.22579764345118283,30.0,-0.061916910712159545,100000.0,93808.30892878404,-0.09659169141914159,-1.1119660679236665,4635,0.5674217907227616,0.9529180080643902,-6272.589238934697,11510.639029116115,80.89816771902366,-6191.691071215673,17783.228268050807,88916141.34025404,1.2945499945919299,30.0,80.89816771902366,17783.228268050778,17783.228268050778,29
B0,15,4,7,sma,wide_exit,2.0,1.0,4,band,logic,2.0,0.01345585835278218,100000.0,101345.58583527821,-0.032658453113078134,0.9969807150388925,599,0.6460767946577629,1.0540575603454083,1299.332709010644,3719.2054405401936,46.2531262676806,1345.5858352783246,2419.872731529548,12099363.657647744,3.0738851610508995,90.0,-0.020774916557360856,101345.58583527821,99240.13974609345,-0.05911903651356798,-0.8764871948698497,833,0.6230492196878752,0.9552609095273503,-2138.814762385646,1169.2885520354032,33.36867320066183,-2105.4460891849844,3308.103314421049,16540516.572105248,0.7069238417906185,90.0,-0.026171502724019358,99240.13974609345,96642.87615839651,-0.07262928245110434,-1.377164897451554,880,0.6352272727272728,0.9282085753451151,-2673.677279853886,838.6195896279785,76.41369215695428,-2597.2635876969316,3512.296869481864,17561484.347409323,0.4775334322760092,97.5,-0.03357123841603493,100000.0,96642.87615839651,-0.07803884637761582,-0.560371090629845,2312,0.6336505190311419,0.9677942320927905,-3513.1593332288876,5727.113582203575,156.03549162529652,-3357.1238416035912,9240.272915432462,46201364.57716231,1.2395983613511128,90.0,156.03549162529652,9240.272915432437,9240.272915432437,30
B0,15,4,7,sma,confirm2,2.0,0.5,4,band,logic,2.0,0.006076716903242296,100000.0,100607.67169032422,-0.03494455220803272,0.5130520209673024,380,0.6052631578947368,1.0294206759678985,528.3036036888382,2056.887616177816,79.3680866355478,607.671690324386,1528.5840124889787,7642920.062444895,2.6912326694148865,150.0,-0.019763247654384197,100607.67169032422,98619.33735877737,-0.05285265790648863,-0.9450780441022285,560,0.5839285714285715,0.9438436173877289,-2015.5462486887036,208.21823376142493,27.211917142061314,-1988.3343315466423,2223.764482450128,11118822.412250642,0.1872664442702237,135.0,-0.04492724952314042,98619.33735877737,94188.64178145281,-0.08224331924856154,-2.2076485054867194,590,0.6203389830508474,0.8540695911991282,-4519.109245663954,-2195.415579378779,88.4136683391134,-4430.695577324841,2323.693666285173,11618468.331425868,-1.8895912238625934,135.0,-0.05811358218547191,100000.0,94188.64178145281,-0.09450204870222256,-1.0620084636015636,1530,0.6032679738562091,0.9291838352580564,-6006.35189066382,69.69027056046207,194.9936721167223,-5811.358218547098,6076.042161224281,30380210.8061214,0.02293936372107726,135.0,194.9936721167223,6076.042161224283,6076.042161224283,31
B0,15,4,7,sma,turn,2.0,0.5,4,band,logic,2.0,0.0008416973119602655,100000.0,100084.16973119603,-0.03699949934004232,0.10508709645141832,346,0.5982658959537572,1.0005130295940876,8.325451344315525,1387.880662628555,75.84427985186002,84.16973119617555,1379.5552112842404,6897776.056421202,2.0120697617264107,135.0,-0.023686767575036294,100084.16973119603,97713.4992648327,-0.0647625342926007,-1.2458906788637036,516,0.6085271317829457,0.9222549247235439,-2410.8141637845283,-371.80332011890823,40.14369742125579,-2370.6704663632727,2039.010843665619,10195054.218328096,-0.3646898899767508,120.0,-0.0155749040492007,97713.4992648327,96191.62088947129,-0.07072217437066197,-0.8221976298978436,534,0.6404494382022472,0.9361586933492952,-1599.3036581781719,506.1560476658933,77.42528281705273,-1521.8783753611192,2105.459705844065,10527298.529220324,0.48080335734848817,135.0,-0.038083791105287146,100000.0,96191.62088947129,-0.0803582729715896,-0.743487328838331,1396,0.6181948424068768,0.9446413466834356,-4001.792370618384,1522.2333901755399,193.41326009016854,-3808.3791105282157,5524.025760793924,27620128.80396962,0.5511318940542961,135.0,193.41326009016854,5524.025760793924,5524.025760793924,32
B0,15,4,7,sma,zero_cross,2.0,0.0,4,zero_cross,logic,2.0,0.0245994039587214,100000.0,102459.94039587214,-0.02557133985799165,1.786632765828816,518,0.5945945945945946,1.0961864310414673,2391.3931109803066,4496.864752429836,68.54728489210729,2459.940395872414,2105.471641449529,10527358.207247645,4.271598499739405,180.0,0.007523329878015073,102459.94039587214,103230.78032675204,-0.0641122829139702,0.39910326809345187,720,0.6152777777777778,1.0139567207406484,720.8535096822288,3654.4322478117624,49.98642119758183,770.8399308798107,2933.578738129534,14667893.690647671,2.491449914272182,165.0,-0.013974629638150327,103230.78032675204,101788.16840442842,-0.08651347399046838,-0.5213315892830991,748,0.6016042780748663,0.9632715463367701,-1553.4958042446015,1600.390735767116,110.8838819209011,-1442.6119223237004,3153.886540011717,15769432.700058585,1.0148689342268922,180.0,0.01788168404428414,100000.0,101788.16840442842,-0.08651347399046838,0.349534730999952,1986,0.6047331319234642,1.0131199080414381,1558.7508164179349,9751.687736008716,229.41758801059038,1788.1684044285253,8192.93691959078,40964684.5979539,2.3805108794846657,180.0,229.41758801059038,8192.936919590798,8192.936919590798,33
B0,60,4,7,sma,wide_exit,2.0,1.0,4,band,logic,2.0,0.005936575419456247,100000.0,100593.65754194563,-0.03063518158660372,0.4950446368213453,331,0.6072507552870091,1.0325540423676594,508.2972273171653,1835.7395226822525,85.3603146283446,593.6575419455099,1327.442295365088,6637211.47682544,2.7658294889230826,120.0,0.03078895809231219,100593.65754194563,103690.83144835701,-0.029865870193786836,1.797726321302756,496,0.6169354838709677,1.099506363656102,3077.8520521268383,5087.485907212665,19.321854284200086,3097.1739064110384,2009.6338550858245,10048169.275429122,5.063097334211058,120.0,-0.030932034651075302,103690.83144835701,100483.46305699763,-0.06308220667525899,-1.7941019829620966,507,0.6252465483234714,0.8673683957963214,-3298.0518067803923,-1180.9094007694566,90.68341542138717,-3207.3683913590053,2117.142406010935,10585712.030054674,-1.1155691723113663,120.0,0.004834630569976239,100000.0,100483.46305699763,-0.06308220667525899,0.14843943862379338,1334,0.6176911544227887,1.0040343334405242,288.0974726636118,5742.316029125457,195.36558433393185,483.4630569975437,5454.218556461847,27271092.782309238,2.1056420712449406,120.0,195.36558433393185,5454.218556461845,5454.218556461845,34
B0,60,4,7,sma,confirm2,2.0,0.5,4,band,logic,2.0,0.02487396120666885,100000.0,102487.39612066688,-0.021644501304498354,2.3879884774787246,161,0.6211180124223602,1.3366169056488928,2409.5968794792866,3059.5978731736163,77.79924118743567,2487.3961206667223,650.0009936943297,3250004.968471649,9.414132910118061,180.0,-0.02018489028334358,102487.39612066688,100418.69927454564,-0.059565323617653765,-1.367845855158082,247,0.6234817813765182,0.8973993711759092,-2108.1979955356346,-1109.1980996914972,39.50114941433763,-2068.696846121297,998.9998958441379,4994999.479220689,-2.2206170477209985,180.0,0.011646752026540641,100418.69927454564,101588.25096382403,-0.04544819381536325,0.8722250546137449,253,0.6363636363636364,1.0898901115483501,1101.3559682396344,2129.294827840259,68.1957210386845,1169.551689278319,1027.9388596006252,5139694.298003126,4.14284333733143,180.0,0.015882509638240228,100000.0,101588.25096382403,-0.059565323617653765,0.4421437582745356,661,0.6278366111951589,1.0351056114181345,1402.7548521832855,4079.6946013223796,185.49611164045774,1588.2509638237432,2676.9397491390932,13384698.745695466,3.048028707134267,180.0,185.49611164045774,2676.9397491390923,2676.9397491390923,35
B0,60,4,7,sma,turn,2.0,0.5,4,band,logic,2.0,0.01985853096291179,100000.0,101985.85309629118,-0.017100369690919548,2.452111955805744,135,0.6370370370370371,1.3623951755852552,1937.8540749532087,2479.698900938846,47.99902133803976,1985.8530962912484,541.8448259856368,2709224.1299281837,9.152800883271986,180.0,0.007229079907961733,101985.85309629118,102723.11697780591,-0.030115527911834805,0.6126945206743036,203,0.625615763546798,1.0515179915881567,708.7779838206529,1537.6108223370907,28.485897694240577,737.2638815148935,828.8328385164391,4144164.1925821956,3.7103038173278016,180.0,0.011464816192995775,102723.11697780591,103900.81863272807,-0.03087669964253348,1.2705217591155282,186,0.6451612903225806,1.1326332653232696,1123.6876522675702,1897.9366492305821,54.014002654638375,1177.7016549222085,774.2489969630121,3871244.98481506,4.902651877303631,180.0,0.03900818632728065,100000.0,103900.81863272807,-0.03087669964253348,1.2987094383072255,524,0.6354961832061069,1.136717914834829,3770.319711041431,5915.246372506519,130.49892168691878,3900.81863272835,2144.926661465088,10724633.30732544,5.5155698129707815,180.0,130.49892168691878,2144.9266614650883,2144.9266614650883,36
B0,60,4,7,sma,zero_cross,2.0,0.0,4,zero_cross,logic,2.0,-0.02715879887641348,100000.0,97284.12011235865,-0.05370947756525346,-2.007260438058562,313,0.5878594249201278,0.8482765214952884,-2815.316962903241,-1572.1403580461415,99.43707526193833,-2715.8798876413025,1243.1766048570998,6215883.0242855,-2.529230926489089,240.0,0.030278437614634557,97284.12011235865,100229.73127407531,-0.03807245366789702,1.486178170400367,461,0.6203904555314533,1.0890989375417939,2916.7169312937613,4708.374493859799,28.894230423007397,2945.6111617167685,1791.657562566038,8958287.812830191,5.255886607166602,180.0,-0.00710779057837152,100229.73127407531,99517.31933445272,-0.06094792210505462,-0.35421979775811513,465,0.6,0.9682194199362688,-821.5511124516552,1081.437581217454,109.13917282933167,-712.4119396223235,1902.98869366911,9514943.468345549,1.136567531709669,240.0,-0.0048268066554727485,100000.0,99517.31933445272,-0.0713237686222038,-0.03977806023732783,1239,0.6045197740112994,0.9906646055622353,-720.1511440611362,4217.67171703111,237.47047851427726,-482.6806655468589,4937.822861092249,24689114.30546124,1.7083122808087774,240.0,237.47047851427726,4937.82286109225,4937.82286109225,37
PEER,15,4,7,sma,wide_exit,2.0,1.0,4,band,logic,2.0,-0.010215946415749744,100000.0,98978.40535842502,-0.015828755469352807,-2.146230703515063,953,0.6484784889821616,0.9059088411813392,-1042.100323156734,2742.5698224414755,20.505681581334766,-1021.5946415753992,3784.6701455982097,18923350.72799105,1.4493045454073417,90.0,-0.05241467636899377,98978.40535842502,93790.4842740441,-0.05425854958516063,-4.720687959460148,1132,0.6033568904593639,0.7554542659479004,-5194.580124286166,-826.8198176306809,6.659039905268337,-5187.921084380898,4367.760306655486,21838801.53327743,-0.3786012782664805,90.0,-0.03922492846603398,93790.4842740441,90111.55923760003,-0.04741376552898258,-5.873959375472117,1083,0.605724838411819,0.7681277275172892,-3705.8128745562326,287.9467865573862,26.887838112388767,-3678.925036443844,3993.7596611136187,19968798.30556809,0.14419835492909716,90.0,-0.09888440762399975,100000.0,90111.55923760003,-0.10656475756175166,-4.25064057262064,3168,0.617739898989899,0.7941483638127087,-9942.493321999133,2203.6967913681815,54.05255959899186,-9888.440762400141,12146.190113367315,60730950.566836566,0.36286222606427593,90.0,54.05255959899186,12146.190113367307,11036.192898295587,38
PEER,15,4,7,sma,confirm2,2.0,0.5,4,band,logic,2.0,-0.009900088065780244,100000.0,99009.99119342197,-0.012717154431923228,-2.18073165739466,591,0.61082910321489,0.8805606692789782,-1015.327845469239,1335.6506407820757,25.31903889111506,-990.008806578124,2350.9784862513143,11754892.431256574,1.136250840739763,135.0,-0.041361602077990556,99009.99119342197,94914.7793359343,-0.04520153899634849,-4.111403001981051,761,0.5926412614980289,0.7656813042136694,-4111.002009440082,-1150.25952032166,15.790151952474979,-4095.2118574876067,2960.742489118423,14803712.445592115,-0.7770074733275137,150.0,-0.026460117797572624,94914.7793359343,92403.32309397488,-0.027456171707218036,-5.4499398244298405,708,0.5621468926553672,0.7927525674109263,-2539.2704825476612,120.05556386588893,27.814240588226347,-2511.456241959435,2659.32604641355,13296630.23206775,0.09029021772474992,150.0,-0.07596676906025124,100000.0,92403.32309397488,-0.0769121714306582,-3.7177215227856784,2060,0.587378640776699,0.7998414157410099,-7665.600337456983,305.446684326305,68.92343143181635,-7596.676906025166,7971.047021783288,39855235.10891643,0.07663903712814137,135.0,68.92343143181635,7971.047021783289,7406.7092182647775,39
PEER,15,4,7,sma,turn,2.0,0.5,4,band,logic,2.0,-0.014804772685727552,100000.0,98519.52273142725,-0.017532215959407238,-3.564638974965775,524,0.6030534351145038,0.8042092858066427,-1507.0549155919716,573.2175552612555,26.577647019371792,-1480.4772685725998,2080.272470853227,10401362.354266135,0.551098534728145,135.0,-0.045594213550369744,98519.52273142725,94027.60257313005,-0.056356257299973955,-5.154909712508405,687,0.5909752547307132,0.6990001594511978,-4510.627371403634,-1844.7238699321604,18.707213106357006,-4491.920158297277,2665.9035014714736,13329517.50735737,-1.383938967718783,135.0,-0.02769779019530738,94027.60257313005,91423.24576449174,-0.03057281982645088,-5.476945719092229,643,0.5629860031104199,0.7470586381541526,-2626.41103199196,-232.6832330818886,22.054223353538728,-2604.356808638421,2393.727798910071,11968638.994550355,-0.19441077067144857,135.0,-0.08576754235508255,100000.0,91423.24576449174,-0.08810672096985184,-4.612722782038033,1854,0.5846817691477886,0.7385824631934846,-8644.093318987565,-1504.1895477527937,67.33908347926753,-8576.754235508297,7139.903771234773,35699518.85617386,-0.4213472886883628,135.0,67.33908347926753,7139.903771234767,6718.562955712095,40
PEER,15,4,7,sma,zero_cross,2.0,0.0,4,zero_cross,logic,2.0,-0.009414765249693202,100000.0,99058.52347503068,-0.014906045478038754,-1.8164532036901486,769,0.6319895968790638,0.9179199431236289,-990.112747332284,2064.308602946777,48.63622236278646,-941.4765249694975,3054.4213502790612,15272106.751395304,1.3516855510181498,180.0,-0.017424667279843375,99058.52347503068,97332.46166224573,-0.023793106497007055,-1.930702813411185,913,0.6122672508214677,0.9118413951662625,-1747.2000623707534,1833.8345723532686,21.138249585828696,-1726.0618127849248,3581.034634724023,17905173.173620112,1.0241925920353998,180.0,-0.03781222845182308,97332.46166224573,93652.10438609458,-0.04290281904211002,-5.543690076235865,893,0.5834266517357223,0.7886352818552231,-3708.142769849389,-271.69757755539695,27.78549369783777,-3680.357276151551,3436.445192293993,17182225.961469963,-0.1581271123803524,180.0,-0.06347895613905419,100000.0,93652.10438609458,-0.06702594320286304,-3.020992178052419,2575,0.6081553398058253,0.8695922593662316,-6445.455579552427,3626.445597744649,97.55996564645281,-6347.895613905974,10071.901177297077,50359505.88648538,0.7201114335631026,180.0,97.55996564645281,10071.901177297086,9306.910900165323,41
PEER,60,4,7,sma,wide_exit,2.0,1.0,4,band,logic,2.0,-0.011684930648077296,100000.0,98831.50693519227,-0.014233333587689745,-2.789637874529613,516,0.5910852713178295,0.845782970983173,-1220.884503203255,828.182993801857,52.39143839551419,-1168.493064807741,2049.0674970051114,10245337.485025559,0.8083511109441905,120.0,-0.016974478616850863,98831.50693519227,97153.8936340497,-0.02635621742369798,-2.127728804041083,652,0.6073619631901841,0.882236990597856,-1696.4682237899988,859.9997623179561,18.854922647537972,-1677.6133011424608,2556.467986107955,12782339.930539776,0.6728030759557807,120.0,-0.03326995330844984,97153.8936340497,93921.58812911077,-0.04147465044989762,-5.817485377935394,616,0.551948051948052,0.7208096185564559,-3256.137328997277,-898.6492316797186,23.8318240583092,-3232.3055049389677,2357.488097317559,11787440.486587796,-0.7623785949988348,150.0,-0.06078411870889233,100000.0,93921.58812911077,-0.06791390250153395,-3.371263612002118,1784,0.5835201793721974,0.818347858079512,-6173.490055990531,789.5335244400944,95.07818510136133,-6078.411870889169,6963.023580430626,34815117.90215313,0.2267789316868193,120.0,95.07818510136133,6963.023580430619,5729.038824131284,42
PEER,60,4,7,sma,confirm2,2.0,0.5,4,band,logic,2.0,-0.013975130160744142,100000.0,98602.48698392558,-0.016711710480497466,-3.67566186408451,243,0.522633744855967,0.7178526290182938,-1426.9881805645466,-461.7908140509761,29.475164490021946,-1397.5130160745246,965.1973665135708,4825986.832567854,-0.9568837008311156,180.0,-0.014793058919988167,98602.48698392558,97143.854584315,-0.02767595294678915,-2.842685107175799,330,0.5818181818181818,0.839245925613231,-1478.960356242551,-184.20213264866294,20.327956631672823,-1458.632399610878,1294.758223593888,6473791.117969439,-0.28453518084228757,180.0,0.0011305342634004845,97143.854584315,97253.67904040136,-0.009063545049142419,0.33119106132427206,306,0.5490196078431373,1.0187762377451601,96.30019403745635,1285.448947175887,13.524262048723891,109.82445608618025,1189.1487531384312,5945743.765692156,2.1619649245450545,180.0,-0.02746320959598636,100000.0,97253.67904040136,-0.03443912193268284,-2.1731692525462587,879,0.5540386803185438,0.8550724694609702,-2809.6483427696417,639.4560004762479,63.32738317041865,-2746.320959599223,3449.10434324589,17245521.716229454,0.37079539314514753,180.0,63.32738317041865,3449.1043432458887,3023.4498152514925,43
PEER,60,4,7,sma,turn,2.0,0.5,4,band,logic,2.0,-0.007430629557160007,100000.0,99256.937044284,-0.010007258074211434,-2.5831833786079406,187,0.5454545454545454,0.7774122468134248,-769.4607210016432,-24.888402983594347,26.397765285482652,-743.0629557161604,744.5723180180489,3722861.590090244,-0.06685288287333573,180.0,-0.012090069412138638,99256.937044284,98056.91378578234,-0.019293543135872615,-2.9623203098730198,254,0.547244094488189,0.8049061224296566,-1211.3247660780078,-206.31751867398225,11.301507576315553,-1200.0232585016922,1005.0072474040256,5025036.2370201275,-0.4105791658854377,180.0,-0.0036592322072002137,98056.91378578234,97698.10076871875,-0.009242197588226642,-0.8638076604922276,243,0.5473251028806584,0.914854407835888,-373.95885529017704,579.8207996910082,15.145838226623527,-358.8130170635535,953.7796549811851,4768898.274905926,1.2158380537115696,180.0,-0.02301899231281246,100000.0,97698.10076871875,-0.024477411955724837,-2.060890700453579,684,0.5467836257309941,0.8324956836983171,-2354.744342369828,348.6148780334321,52.84511108842176,-2301.899231281406,2703.3592204032598,13516796.1020163,0.25791235985384825,180.0,52.84511108842176,2703.3592204032593,2388.278492992321,44
PEER,60,4,7,sma,zero_cross,2.0,0.0,4,zero_cross,logic,2.0,-0.022651626684053516,100000.0,97734.83733159465,-0.028715278690416457,-4.680943044720154,463,0.5874730021598272,0.7516930069435578,-2320.097893506607,-488.6654973196514,54.93522510133277,-2265.162668405274,1831.432396186955,9157161.980934775,-0.5336429543750059,240.0,0.004979674349900209,97734.83733159465,98221.52499414646,-0.02336998000342161,0.5834887358653634,585,0.6170940170940171,1.0326087538129343,464.97623764204627,2763.407670261219,21.71142490990491,486.6876625519512,2298.4314326191725,11492157.163095862,2.404603096740793,240.0,-0.034414058955139715,98221.52499414646,94841.32364233417,-0.04179138204686339,-4.993922038744149,551,0.542649727767695,0.7276709505481729,-3402.128473056755,-1267.2666328980144,21.92712124441589,-3380.201351812339,2134.861840158741,10674309.200793706,-1.1872118458061762,240.0,-0.05158676357665826,100000.0,94841.32364233417,-0.058571712755212,-2.4529811347610533,1599,0.5828642901813633,0.8543521526234865,-5257.250128921314,1007.4755400435547,98.57377125565365,-5158.67635766566,6264.7256689648675,31323628.344824344,0.3216343678174248,240.0,98.57377125565365,6264.725668964857,5228.825252012766,45
MEDIAN,15,4,7,sma,wide_exit,2.0,1.0,4,band,logic,2.0,-0.025176834644396018,100000.0,97482.3165355604,-0.02688958834726718,-4.747387297674042,924,0.604978354978355,0.7887099777712127,-2534.8958122651634,1115.6191101488898,17.21234782532522,-2517.683464439838,3650.514922414053,18252574.612070262,0.6112119160499916,90.0,-0.0516672963417284,97482.3165355604,92445.66879903943,-0.054403506140524915,-4.668962218889496,1146,0.6012216404886562,0.765526425690201,-5047.624557939371,-686.9465879243978,10.976821418940105,-5036.647736520431,4360.677970014973,21803389.850074857,-0.3150641219773628,90.0,-0.03682983538803253,92445.66879903943,89040.91003483423,-0.044909913455707495,-5.579132792797004,1091,0.5847846012832264,0.7878748925989019,-3429.0680608919993,552.9526553859574,24.309296686591114,-3404.758764205408,3982.0207162779575,19910103.58138979,0.27772465026390364,105.0,-0.10959089965165769,100000.0,89040.91003483423,-0.11481370671700386,-4.714002845628682,3161,0.5966466308130338,0.7783943692671634,-11011.588431096534,981.6251776104485,52.49846593085649,-10959.089965165678,11993.213608706981,59966068.043534905,0.16369677213083175,90.0,52.49846593085649,11993.213608706967,11014.684974323429,46
MEDIAN,15,4,7,sma,confirm2,2.0,0.5,4,band,logic,2.0,-0.014000929391058348,100000.0,98599.90706089417,-0.01641800269715532,-2.733628932866579,587,0.5979557069846678,0.8344657109211454,-1431.5168814750002,898.9450078795448,31.423942369284525,-1400.0929391057157,2330.461889354545,11652309.446772726,0.7714736825226698,135.0,-0.050588703169895055,98599.90706089417,93611.86563001135,-0.05516622040300567,-4.560760568354405,763,0.5950196592398427,0.7206807391568292,-5010.205051052375,-2079.9240445820287,22.16362016958608,-4988.0414308827885,2930.2810064703463,14651405.032351732,-1.4196072253748726,150.0,-0.019309444408594723,93611.86563001135,91804.2725146438,-0.026989468866607358,-2.954629599191914,727,0.5914718019257221,0.8516337345671766,-1834.6499267160204,869.4334336719267,27.05681134837013,-1807.5931153676504,2704.0833603879473,13520416.801939737,0.6430522419598718,150.0,-0.08195727485356197,100000.0,91804.2725146438,-0.08661960567390126,-3.489174851503306,2077,0.594607607125662,0.7875169372177235,-8276.371859243394,-311.54560303055723,80.64437388724075,-8195.727485356154,7964.826256212838,39824131.2810642,-0.07823035757686263,150.0,80.64437388724075,7964.826256212854,7415.864754896767,47
MEDIAN,15,4,7,sma,turn,2.0,0.5,4,band,logic,2.0,-0.007275423969360428,100000.0,99272.45760306396,-0.009653438423860128,-1.8104670717857523,526,0.6178707224334601,0.8956140322795583,-753.8011952207189,1343.2768268208808,26.258798284850744,-727.5423969358682,2097.0780220415995,10485390.110207997,1.2810938007095614,120.0,-0.05157503967173793,99272.45760306396,94152.47666387502,-0.06155573252697211,-5.118563774437298,705,0.6141843971631206,0.6824450304359706,-5138.389490710822,-2388.4883442845585,18.40855152173696,-5119.980939189086,2749.9011464262658,13749505.732131328,-1.7371448769266526,135.0,-0.021132389086358394,94152.47666387502,92162.80989356973,-0.028445750542959947,-3.7191198098732494,657,0.5829528158295282,0.8045535899973644,-2018.0541914654118,435.68034277755214,28.387421160123747,-1989.666770305288,2453.734534242964,12268672.67121482,0.35511611928465603,135.0,-0.0783719010643027,100000.0,92162.80989356973,-0.08578981674731145,-3.7500279364823275,1888,0.604343220338983,0.7654677508611106,-7910.244877396954,-609.5311746861245,73.05477096671147,-7837.190106430242,7300.713702710829,36503568.51355415,-0.16697851730846516,135.0,73.05477096671147,7300.713702710825,6854.448447956771,48
MEDIAN,15,4,7,sma,zero_cross,2.0,0.0,4,zero_cross,logic,2.0,-0.022194745498538282,100000.0,97780.52545014617,-0.02370711946037396,-3.764914160624722,752,0.6196808510638298,0.8189157846838314,-2258.525804688069,713.6776817075992,39.05125483386386,-2219.474549854205,2972.203486395668,14861017.431978337,0.480234738283725,180.0,-0.03489709328973645,97780.52545014617,94368.26933159298,-0.04364856189076338,-3.550275326727864,929,0.6071044133476857,0.8348981458180277,-3438.4078692822172,145.52171357465318,26.151750728950596,-3412.256118553267,3583.92958285687,17919647.91428435,0.08120790892250342,180.0,-0.046997691815554576,94368.26933159298,89933.17849237952,-0.05055676075397597,-7.1076181872038875,887,0.5772266065388951,0.7448530823701117,-4461.335181012135,-1180.981625040357,26.2443417986821,-4435.090839213452,3280.3535559717775,16401767.779858889,-0.7200331335568497,195.0,-0.10066821507620483,100000.0,89933.17849237952,-0.10337468830331564,-4.563048201381157,2568,0.6004672897196262,0.7999694131685269,-10158.26885498242,-321.7822297581047,91.44734736149651,-10066.821507620924,9836.486625224316,49182433.12612158,-0.06542625268923528,180.0,91.44734736149651,9836.486625224326,9184.412298346222,49
MEDIAN,60,4,7,sma,wide_exit,2.0,1.0,4,band,logic,2.0,-0.024353670649006842,100000.0,97564.63293509932,-0.027164678268464693,-4.922819301359183,527,0.5958254269449715,0.7214495823380388,-2476.8213052099136,-401.95627718917666,41.4542403091795,-2435.367064900734,2074.8650280207366,10374325.140103683,-0.38745293959926863,120.0,-0.007506129875297973,97564.63293509932,96832.30012905269,-0.022621516221712712,-0.9697856788849111,659,0.5918057663125948,0.9431846017836127,-749.6984005149959,1812.9753324472272,17.36559446818183,-732.3328060468141,2562.6737329622238,12813368.664811116,1.414909209180982,120.0,-0.020030388553322287,96832.30012905269,94892.71153295584,-0.027783571024794007,-3.6376911946663464,634,0.5662460567823344,0.8176257841289515,-1963.641005345361,472.90845925928284,24.052409248607663,-1939.5885960967532,2436.5494646046445,12182747.323023222,0.3881788292248088,120.0,-0.051072884670441576,100000.0,94892.71153295584,-0.055922523411131575,-2.8342583387359945,1820,0.5840659340659341,0.8420247268898571,-5190.160711070272,1883.9275145173333,82.87224402596897,-5107.288467044303,7074.088225587604,35370441.12793803,0.5326276558731625,120.0,82.87224402596897,7074.088225587597,5934.137883749778,50
MEDIAN,60,4,7,sma,confirm2,2.0,0.5,4,band,logic,2.0,-0.011859768390463987,100000.0,98814.0231609536,-0.016971392702384347,-3.188869280221862,243,0.5102880658436214,0.7518368357655624,-1215.5587998097312,-247.2096071006987,29.581960763331523,-1185.9768390463996,968.3491927090326,4841745.963545164,-0.5105794665023894,180.0,-0.017857307893174967,98814.0231609536,97049.47072520513,-0.03488277740398249,-3.073886577136132,341,0.5982404692082112,0.810010286558237,-1781.1665256109898,-441.3161594210426,16.614089862407226,-1764.5524357485826,1339.8503661899476,6699251.830949738,-0.6587543960987032,180.0,0.006165255684630999,97049.47072520513,97647.80552628412,-0.012357330107724995,1.2777920319255633,325,0.5784615384615385,1.1078472759941371,580.9131877384859,1847.7577960918927,17.421613340604214,598.3348010790902,1266.8446083534072,6334223.041767036,2.917102514243689,180.0,-0.02352194473715874,100000.0,97647.80552628412,-0.03948696305993471,-1.6091795700676497,909,0.5676567656765676,0.8771187855158381,-2415.812137682235,1159.2320295701522,63.61766396634295,-2352.194473715892,3575.0441672523875,17875220.836261936,0.6485134031007422,180.0,63.61766396634295,3575.0441672523834,3170.8792342231113,51
MEDIAN,60,4,7,sma,turn,2.0,0.5,4,band,logic,2.0,-0.006672207572357314,100000.0,99332.77924276427,-0.009126935632240207,-2.5565632969756034,179,0.5363128491620112,0.7950925762815034,-694.6596172839586,18.218274147998315,27.438860048001345,-667.2207572359573,712.8778914319571,3564389.4571597856,0.05111190672894424,180.0,-0.004850380884011907,99332.77924276427,98850.97742916939,-0.01758533698189013,-1.171862848818045,267,0.5805243445692884,0.9205175071364946,-488.94803291912115,568.4516409841334,7.146219324272133,-481.801813594849,1057.3996739032543,5286998.369516272,1.075187849993877,180.0,0.012978177758047105,98850.97742916939,100133.88298580184,-0.004952051734475882,5.169708553611075,252,0.6031746031746031,1.3740333965715692,1268.3083623353023,2270.188045469061,14.597194297084,1282.9055566323862,1001.8796831337594,5009398.415668797,4.531857634577807,180.0,0.0013388298580183644,100000.0,100133.88298580184,-0.018825025768608006,0.14975918722202763,698,0.5773638968481375,1.00654936769194,84.70071213222172,2856.8579606011926,49.18227366935747,133.8829858015792,2772.1572484689705,13860786.242344853,2.061108158405517,180.0,49.18227366935747,2772.157248468972,2483.5242501180833,52
MEDIAN,60,4,7,sma,zero_cross,2.0,0.0,4,zero_cross,logic,2.0,-0.012331418582590903,100000.0,98766.85814174092,-0.02322032760672499,-2.206623496833596,475,0.6231578947368421,0.8598629752294018,-1296.8782110100847,596.5910412872113,63.73635275111634,-1233.1418582589683,1893.4692522972957,9467346.261486478,0.6301565663803448,240.0,0.001218960504965949,98766.85814174092,98887.25104101526,-0.021131941399561316,0.17251619483241182,595,0.6134453781512605,1.0071029910891305,101.3145627290379,2458.248102953713,19.078336545236965,120.39289927427487,2356.933540224675,11784667.701123375,2.085971505772182,240.0,-0.020048070145985974,98887.25104101526,96904.75249560126,-0.029746167158994696,-3.7204021623861214,565,0.5433628318584071,0.8241400844785406,-2011.4200103805206,207.79800508338857,28.921464966603992,-1982.4985454139166,2219.218015463909,11096090.077319548,0.1872713754443365,240.0,-0.03095247504398735,100000.0,96904.75249560126,-0.04231520779942732,-1.5883602157861878,1635,0.5920489296636086,0.9082555956039788,-3206.983658661567,3262.637149324313,111.73615426295721,-3095.2475043986096,6469.62080798588,32348104.0399294,1.0086022801512646,240.0,111.73615426295721,6469.620807985879,5541.768371497969,53
PCA3,15,4,7,sma,wide_exit,2.0,1.0,4,band,logic,2.0,-0.010691113919525264,100000.0,98930.88860804748,-0.013545125715430761,-2.6676110910251616,486,0.6090534979423868,0.804936440834331,-1076.7824604691473,854.9262631718851,7.67106851651629,-1069.111391952631,1931.7087236410323,9658543.618205162,0.8851502845216277,90.0,-0.07312258704381436,98930.88860804748,91696.80609448362,-0.07551291391649806,-8.014993738059395,1121,0.5504014272970562,0.6439946940677834,-7231.461277391842,-2937.091601636767,-2.6212361722902324,-7234.082513564132,4294.369675755075,21471848.378775373,-1.367880188898894,105.0,-0.034069813026186835,91696.80609448362,88572.71305574605,-0.03964964141911265,-6.818568669481262,1129,0.591674047829938,0.7872886457166993,-3150.7549181732866,918.988272241213,26.66187943559742,-3124.0930387376893,4069.7431904145,20348715.9520725,0.45161978495631555,105.0,-0.11427286944253956,100000.0,88572.71305574605,-0.12091642642985112,-5.992538272989633,2736,0.5778508771929824,0.718073233221311,-11458.998656034277,-1163.1770662236684,31.71171177982346,-11427.286944254452,10295.821589810606,51479107.949053034,-0.2259512863693795,105.0,31.71171177982346,10295.821589810621,9494.946200002938,54
PCA3,15,4,7,sma,confirm2,2.0,0.5,4,band,logic,2.0,-0.01475340906633138,100000.0,98524.65909336686,-0.017320743498179025,-4.740557078839802,293,0.5324232081911263,0.6624082116601652,-1488.7834242425208,-327.3333782078334,13.442517609239026,-1475.3409066332817,1161.4500460346871,5807250.230173437,-0.5636632919777893,150.0,-0.04923730645933988,98524.65909336686,93673.57025978477,-0.05239556653928534,-5.59366435092611,778,0.5565552699228792,0.719450008347498,-4850.2200446432,-1852.4055736386276,-0.8687889389909266,-4851.088833582191,2997.8144710045717,14989072.355022859,-1.235837368559959,150.0,-0.02765971703708836,93673.57025978477,91082.58581254531,-0.03387306920494981,-5.93381142584871,749,0.5473965287049399,0.7855385425569991,-2622.501269142169,148.17785911949915,31.51682190265428,-2590.984447239515,2770.6791282616687,13853395.641308341,0.10696139990231662,150.0,-0.08917414187454686,100000.0,91082.58581254531,-0.09430096865985893,-5.043067621009536,1820,0.548901098901099,0.7358559125105413,-8961.504738027888,-2031.5610927269613,44.09055057290239,-8917.414187454986,6929.943645300927,34649718.22650463,-0.5863138855694815,150.0,44.09055057290239,6929.943645300921,6490.485295516825,55
PCA3,15,4,7,sma,turn,2.0,0.5,4,band,logic,2.0,-0.01566450594544211,100000.0,98433.5494054558,-0.017678752520367325,-4.793137034876999,259,0.5328185328185329,0.6002961630862257,-1578.9887079685454,-551.5923415945136,12.53811342442877,-1566.4505945441167,1027.396366374032,5136981.83187016,-1.073767359215483,135.0,-0.0439003295130711,98433.5494054558,94112.28415141512,-0.053697683240827576,-5.457954383710052,706,0.5679886685552408,0.7049285598186877,-4320.424368098515,-1583.4352916658097,-0.8408859422051846,-4321.26525404072,2736.9890764327038,13684945.382163519,-1.1570636545832358,135.0,-0.01334272330099151,94112.28415141512,92856.5699847585,-0.021771889110203002,-3.094059454630076,683,0.5490483162518301,0.8647384369329593,-1281.5677442570325,1270.7889058123408,25.85357760060457,-1255.714166656428,2552.3566500693732,12761783.25034687,0.9957769074144088,135.0,-0.07143430015241492,100000.0,92856.5699847585,-0.07756498942695822,-4.318582725139083,1648,0.5546116504854369,0.7441494739750306,-7180.980820324092,-864.2387274479827,37.55080508282814,-7143.430015241263,6316.742092876109,31583710.464380547,-0.27363432438460744,135.0,37.55080508282814,6316.742092876113,5937.711732223062,56
PCA3,15,4,7,sma,zero_cross,2.0,0.0,4,zero_cross,logic,2.0,0.0010658521051212233,100000.0,100106.58521051212,-0.009671695019360715,0.33968840252206123,409,0.628361858190709,1.0164828242177606,87.20992784620478,1720.137374154739,19.375282665799006,106.58521051200378,1632.9274463085344,8164637.231542673,2.1068142103231287,165.0,-0.051955629995874775,100106.58521051212,94905.48450916423,-0.05637306264907205,-5.581396149113222,918,0.579520697167756,0.7496111575397755,-5198.370803237885,-1614.5487314087286,-2.7298981100058826,-5201.100701347891,3583.8220718291573,17919110.359145783,-0.9010205858711478,180.0,-0.03656572725493035,94905.48450916423,91435.19644760512,-0.04534296106974656,-6.3381349232355335,923,0.5612134344528711,0.7891381522646378,-3504.1085361763385,-35.174900315806326,33.82047461741386,-3470.2880615589247,3468.933635860531,17344668.179302655,-0.020279949983580795,180.0,-0.08564803552394873,100000.0,91435.19644760512,-0.09465679180888653,-4.3777694514115755,2250,0.5808888888888889,0.7980962478626438,-8615.269411568019,70.41374243020368,50.46585917320698,-8564.803552394811,8685.683153998221,43428415.769991115,0.016213748805191122,180.0,50.46585917320698,8685.68315399823,8086.080539935595,57
PCA3,60,4,7,sma,wide_exit,2.0,1.0,4,band,logic,2.0,-0.006098943750225572,100000.0,99390.10562497744,-0.010579826191917108,-2.12044667552736,267,0.5730337078651685,0.8287260788851212,-625.8779919039257,438.0123764435498,15.98361688132004,-609.8943750226057,1063.8903683474755,5319451.841737377,0.8234163772417784,120.0,-0.02150120965618263,99390.10562497744,97253.09812618466,-0.03259420991227702,-3.0319939141831127,644,0.5916149068322981,0.8348077702809246,-2135.836458136999,394.87817394347013,-1.1710406559674325,-2137.0074987929665,2530.7146320804695,12653573.160402348,0.31206851135076075,120.0,-0.028977392564149773,97253.09812618466,94434.95692370243,-0.035777813992141194,-6.196035896892176,650,0.5338461538461539,0.7275943142060395,-2841.8766828863863,-345.26625808877026,23.73548040419955,-2818.1412024821866,2496.6104247976164,12483052.123988083,-0.27658801281882706,180.0,-0.05565043076297571,100000.0,94434.95692370243,-0.06212084190042866,-3.650772970605372,1561,0.564381806534273,0.7925837903369375,-5603.591132927312,487.62429229825,38.548056629552164,-5565.04307629776,6091.215425225561,30456077.126127806,0.16010738687022974,180.0,38.548056629552164,6091.215425225559,5074.841810740654,58
PCA3,60,4,7,sma,confirm2,2.0,0.5,4,band,logic,2.0,-0.01075005077929203,100000.0,98924.9949220708,-0.014423118130828527,-4.000801786032122,124,0.47580645161290325,0.6013748219381428,-1087.3861965800165,-595.8890880223778,12.381118650705165,-1075.0050779293113,491.4971085576387,2457485.5427881936,-2.4247918355861366,180.0,-0.011012086247636277,98924.9949220708,97835.62434594196,-0.022359233060130213,-2.138380043605742,323,0.6006191950464397,0.8630726147653216,-1101.3217204401565,169.15640258046824,11.951144311350642,-1089.3705761288059,1270.4781230206245,6352390.615103122,0.2662877849140614,180.0,0.00347968146486366,97835.62434594196,98176.06115458191,-0.006866047370517436,1.2113727467242814,329,0.5896656534954408,1.0648723010217491,316.64944471003184,1605.7430984070588,23.787363930043508,340.43680864007536,1289.0936536970269,6445468.2684851345,2.49127453820272,180.0,-0.018239388454180827,100000.0,98176.06115458191,-0.026798192053018144,-1.6276293100094639,776,0.5760309278350515,0.8803954579794372,-1872.058472310141,1179.010412965149,48.1196268920993,-1823.9388454180416,3051.06888527529,15255344.42637645,0.7728507334954976,180.0,48.1196268920993,3051.068885275294,2732.5776639399314,59
PCA3,60,4,7,sma,turn,2.0,0.5,4,band,logic,2.0,-0.005770614896513981,100000.0,99422.9385103486,-0.00794846982577957,-2.836093635307094,95,0.5263157894736842,0.667852217905439,-593.5788606420289,-214.91663693097144,16.51737099062952,-577.0614896513994,378.66222371105744,1893311.1185552874,-1.1351364011159772,180.0,-0.0024308869744148476,99422.9385103486,99181.25258416575,-0.013000773444446834,-0.5787249817037333,260,0.5961538461538461,0.9530665094363822,-252.1157951879046,777.8785126109583,10.429869005241382,-241.68592618266322,1029.9943077988632,5149971.538994316,1.5104520611833558,180.0,0.009948526907044286,99181.25258416575,100167.95994417368,-0.006746810742751408,3.7946095116401644,261,0.6091954022988506,1.29905068338983,967.3733795865749,2006.9009505251154,19.333980421482497,986.7073600080573,1039.5275709385403,5197637.854692701,3.8611788790040067,180.0,0.001679599441736901,100000.0,100167.95994417368,-0.015850162973212623,0.19198233137538553,616,0.5909090909090909,1.0117069980592008,121.67872375664126,2569.8628262051025,46.281220417353445,167.9599441739947,2448.184102448461,12240920.512242306,2.0994032463775487,180.0,46.281220417353445,2448.1841024484643,2206.1407819421547,60
PCA3,60,4,7,sma,zero_cross,2.0,0.0,4,zero_cross,logic,2.0,-0.010916123425586677,100000.0,98908.38765744133,-0.012955726160024161,-3.38216835060267,235,0.5531914893617021,0.7290973189398755,-1110.579067324737,-177.83134808133593,18.966724766235703,-1091.6123425585013,932.7477192434008,4663738.596217005,-0.38130642276045223,240.0,-0.02175880813351372,98908.38765744133,96756.25902760787,-0.038038083659724053,-2.3777129614191765,583,0.5866209262435678,0.8474953702152015,-2150.5669717397077,129.60641939535776,-1.5616580938937665,-2152.1286298336013,2280.173391135066,11400866.95567533,0.11368119626274556,240.0,-0.01863498834340349,96756.25902760787,94953.20726847707,-0.02796591844090246,-3.2079624206082586,578,0.5570934256055363,0.8251237649924715,-1827.7694172879278,393.06617393474926,24.717658157390957,-1803.0517591305368,2220.8355912226766,11104177.956113383,0.3539804346510382,240.0,-0.05046792731522931,100000.0,94953.20726847707,-0.05673846871675059,-2.632767203400489,1396,0.5687679083094556,0.8223949517663695,-5088.9154563523725,344.84124524877143,42.122724829732896,-5046.79273152264,5433.7567016011435,27168783.508005716,0.12692553759249414,240.0,42.122724829732896,5433.756701601139,4633.8134654495925,61
B0,15,4,7,ewma,ewma,2.0,0.5,4,band,center_control,2.0,0.040712101857963034,100000.0,104071.2101857963,-0.024952685025392718,3.0832422372945096,600,0.64,1.1633181678607976,4007.7408242450583,6458.385698021239,63.46936155136272,4071.2101857964212,2450.6448737761802,12253224.3688809,5.270764252406397,120.0,-0.0165697797016513,104071.2101857963,102346.7731597334,-0.09230659958417431,-0.5053107872156783,821,0.6382460414129111,0.9657226457055962,-1752.856509854938,1594.0995992494004,28.419483791824213,-1724.4370260631138,3346.956109104338,16734780.545521688,0.9525667784606769,120.0,-0.02699827185034953,102346.7731597334,99583.58715496087,-0.07869870793626565,-1.2476992580519608,873,0.6391752577319587,0.9315332927455933,-2865.171977346233,741.1068849891026,101.98597257377456,-2763.186004772458,3606.2788623353345,18031394.311676674,0.41100919439667544,120.0,-0.004164128450391269,100000.0,99583.58715496087,-0.09230659958417431,6.043048207510916e-05,2294,0.6390584132519617,0.9948071489603354,-610.2876629561115,8793.592182259741,193.87481791696155,-416.41284503914994,9403.879845215852,47019399.226079255,1.8702051338381172,120.0,193.87481791696155,9403.879845215852,9403.879845215852,62
B0,15,4,7,median,median,2.0,0.5,4,band,center_control,2.0,0.028869129056978027,100000.0,102886.9129056978,-0.03221803788253319,1.8949068264408646,563,0.6181172291296625,1.1240391548322903,2827.53486634537,5118.245258378862,59.37803935254372,2886.9129056979136,2290.7103920334903,11453551.960167449,4.468696938887449,120.0,0.04601547788656313,102886.9129056978,107621.30337132669,-0.04244721979097277,2.069748640169123,757,0.6142668428005285,1.1033330879133336,4698.48635084926,7839.903509464031,35.90411477956829,4734.390465628828,3141.4171586147695,15707085.793073848,4.991316411425659,120.0,-0.037508754537903255,107621.30337132669,103584.56232012238,-0.07648689669236075,-1.8012452299023798,794,0.6095717884130982,0.898603648870322,-4128.487626605987,-693.8940886867622,91.74657540141845,-4036.741051204569,3434.593537919225,17172967.689596124,-0.4040618379007044,120.0,0.035845623201223864,100000.0,103584.56232012238,-0.07648689669236075,0.655416492280058,2114,0.6135288552507095,1.031175419554352,3397.533590588645,12264.254679156127,187.02872953353057,3584.5623201221756,8866.721088567487,44333605.442837425,2.766356256535312,120.0,187.02872953353057,8866.721088567472,8866.721088567472,63
PEER,15,4,7,ewma,ewma,2.0,0.5,4,band,center_control,2.0,-0.0027407212834985595,100000.0,99725.92787165014,-0.014485277800108998,-0.578104181312903,928,0.6357758620689655,0.9719074207470424,-320.94597891391084,3373.6568587423417,46.87385056415819,-274.07212834975263,3694.6028376562535,18473014.188281268,1.826262257126663,120.0,-0.04681112340474036,99725.92787165014,95057.64515539809,-0.05543641187922543,-4.189600669054594,1075,0.6139534883720931,0.7893029680568374,-4680.566553595139,-494.910348543503,12.283837343004844,-4668.282716252134,4185.656205051637,20928281.025258183,-0.23647921582580023,120.0,-0.04904715714084085,95057.64515539809,90395.33789602299,-0.05236434416583269,-7.196642257384174,1051,0.6070409134157945,0.7310320733629904,-4693.688796494125,-783.2701140434688,31.38153711924984,-4662.307259374876,3910.418682450656,19552093.41225328,-0.4006067777645713,120.0,-0.09604662103977013,100000.0,90395.33789602299,-0.10019613218845969,-4.088725298863513,3054,0.6182056319580878,0.8102328860988774,-9695.201329003175,2095.4763961553704,90.53922502641295,-9604.662103976763,11790.677725158546,58953388.62579273,0.3554463017310895,120.0,90.53922502641295,11790.677725158559,10774.699866370564,64
PEER,15,4,7,median,median,2.0,0.5,4,band,center_control,2.0,-0.016801872307786514,100000.0,98319.81276922135,-0.02045411728136015,-3.4326730299653123,844,0.5947867298578199,0.8477836756349473,-1705.8545467348824,1641.2208167562662,25.667315956050462,-1680.187230778832,3347.075363491149,16735376.817455743,0.9806894906868185,120.0,-0.05004902313196402,98319.81276922135,93399.00218560421,-0.053762356924929366,-5.257621598620826,1003,0.5742771684945165,0.7546966202850103,-4932.706090302352,-1069.0080907784422,11.895506685372322,-4920.81058361698,3863.6979995239085,19318489.99761954,-0.5533600663976157,120.0,-0.03188909952337904,93399.00218560421,90420.59210952319,-0.037328488279450345,-5.262708537433761,979,0.5587334014300307,0.8114459023501267,-3005.5116492621273,600.639638147823,27.101573180999416,-2978.410076081128,3606.1512874099503,18030756.437049754,0.3331194896036771,120.0,-0.0957940789047681,100000.0,90420.59210952319,-0.10110974047800991,-4.62880757881084,2826,0.5750176928520877,0.7959149216461182,-9644.07228629936,1172.8523641256468,64.66439582242224,-9579.407890476938,10816.924650425008,54084623.25212504,0.2168550492915866,120.0,64.66439582242224,10816.924650425008,9938.789032591969,65
PCA3,15,4,7,ewma,ewma,2.0,0.5,4,band,center_control,2.0,-0.010556633476087485,100000.0,98944.33665239126,-0.014768934818746526,-2.55308361819964,483,0.6149068322981367,0.8060999480770844,-1076.4151596363536,841.963213204709,20.751812027741252,-1055.6633476086124,1918.3783728410629,9591891.864205316,0.877786389926598,105.0,-0.058224000526320485,98944.33665239126,93183.401543066,-0.06110168935946236,-6.689029986493614,1088,0.5698529411764706,0.7183581871743079,-5768.481644383162,-1601.0837262617356,7.546535057629193,-5760.935109325533,4167.397918121427,20836989.590607136,-0.7683853367107644,120.0,-0.03473752998546631,93183.401543066,89946.44033781599,-0.04071891915099557,-6.892344048385922,1083,0.605724838411819,0.7931989510606203,-3273.9895211571134,685.5638782526171,37.02831590723379,-3236.9612052498796,3959.5533994097304,19797766.997048654,0.3462834360838863,120.0,-0.10053559662184008,100000.0,89946.44033781599,-0.10787737368417749,-5.445116062612468,2654,0.5926902788244159,0.7582949589792787,-10118.886325176627,-73.55663480440808,65.3266629926042,-10053.559662184023,10045.32969037222,50226648.4518611,-0.014644941892729956,120.0,65.3266629926042,10045.329690372204,9289.238248790387,66
PCA3,15,4,7,median,median,2.0,0.5,4,band,center_control,2.0,-0.011256132867789037,100000.0,98874.3867132211,-0.017405466950484394,-2.5293392233852026,456,0.5789473684210527,0.7913414287291408,-1139.6100124346262,667.251900501356,13.996725655574641,-1125.6132867790516,1806.8619129359818,9034309.56467991,0.7385754226421585,120.0,-0.06181644809481246,98874.3867132211,92762.32331905686,-0.06740072502303507,-6.937383574556501,998,0.5511022044088176,0.6811116401409462,-6110.092627970353,-2290.6039120162477,-1.9707661940738812,-6112.063394164426,3819.4887159541063,19097443.57977053,-1.1994296003275695,120.0,-0.02645926561180456,92762.32331905686,90307.90036758984,-0.032454878518749175,-5.372338871331358,1039,0.5476419634263715,0.8297471378094147,-2483.076608818099,1321.8914989379625,28.65365735140034,-2454.4229514666986,3804.968107756061,19024840.53878031,0.6948239572591495,120.0,-0.09692099632410156,100000.0,90307.90036758984,-0.10414558139053165,-5.114543766122694,2493,0.5547533092659447,0.751758144469482,-9732.77924922308,-301.4605125769292,40.679616812901074,-9692.09963241018,9431.31873664615,47156593.68323074,-0.06392754205317654,120.0,40.679616812901074,9431.318736646139,8724.15240958813,67
