rank,strategy,period,target,trades,net_pnl_including_funding,win_rate
1,v3_selected_1_B0_15m_2bp,valid,AAVEUSDT,44,-356.1122854872517,0.5681818181818182
1,v3_selected_1_B0_15m_2bp,valid,ADAUSDT,23,-458.08460503611974,0.6086956521739131
1,v3_selected_1_B0_15m_2bp,valid,AVAXUSDT,30,473.7863378085592,0.6666666666666666
1,v3_selected_1_B0_15m_2bp,valid,BCHUSDT,44,-1784.365441296824,0.5909090909090909
1,v3_selected_1_B0_15m_2bp,valid,BNBUSDT,37,312.8262818277699,0.6756756756756757
1,v3_selected_1_B0_15m_2bp,valid,BTCUSDT,45,68.97272641475706,0.6
1,v3_selected_1_B0_15m_2bp,valid,DOGEUSDT,26,-132.30348669155433,0.6153846153846154
1,v3_selected_1_B0_15m_2bp,valid,DOTUSDT,23,-16.21951345050455,0.5217391304347826
1,v3_selected_1_B0_15m_2bp,valid,ETHUSDT,31,508.0407120893616,0.6451612903225806
1,v3_selected_1_B0_15m_2bp,valid,FILUSDT,44,1109.5396902405291,0.7045454545454546
1,v3_selected_1_B0_15m_2bp,valid,HBARUSDT,34,209.56468012220876,0.5882352941176471
1,v3_selected_1_B0_15m_2bp,valid,LINKUSDT,19,740.9474312660518,0.7368421052631579
1,v3_selected_1_B0_15m_2bp,valid,LTCUSDT,32,652.2763048298674,0.6875
1,v3_selected_1_B0_15m_2bp,valid,NEARUSDT,65,129.1192984016271,0.6307692307692307
1,v3_selected_1_B0_15m_2bp,valid,SOLUSDT,41,1000.6857671446021,0.6829268292682927
1,v3_selected_1_B0_15m_2bp,valid,SUIUSDT,41,-1369.602614027553,0.5853658536585366
1,v3_selected_1_B0_15m_2bp,valid,TRXUSDT,52,-467.56407815814094,0.5961538461538461
1,v3_selected_1_B0_15m_2bp,valid,UNIUSDT,40,-1178.024434936709,0.525
1,v3_selected_1_B0_15m_2bp,valid,XLMUSDT,51,-2868.3312749889237,0.5490196078431373
1,v3_selected_1_B0_15m_2bp,valid,XRPUSDT,26,35.60715355090479,0.6923076923076923
1,v3_selected_1_B0_15m_2bp,holdout,AAVEUSDT,54,-1203.1808607655237,0.5925925925925926
1,v3_selected_1_B0_15m_2bp,holdout,ADAUSDT,44,-1414.1963168456332,0.5909090909090909
1,v3_selected_1_B0_15m_2bp,holdout,AVAXUSDT,28,122.26718523108663,0.7142857142857143
1,v3_selected_1_B0_15m_2bp,holdout,BCHUSDT,45,-600.832236757046,0.5777777777777777
1,v3_selected_1_B0_15m_2bp,holdout,BNBUSDT,30,20.853635374999826,0.6
1,v3_selected_1_B0_15m_2bp,holdout,BTCUSDT,30,215.29745954573406,0.5666666666666667
1,v3_selected_1_B0_15m_2bp,holdout,DOGEUSDT,22,-646.961918250816,0.5454545454545454
1,v3_selected_1_B0_15m_2bp,holdout,DOTUSDT,42,-130.68890550591072,0.6666666666666666
1,v3_selected_1_B0_15m_2bp,holdout,ETHUSDT,28,-252.78598799672324,0.5357142857142857
1,v3_selected_1_B0_15m_2bp,holdout,FILUSDT,38,1031.150462458083,0.7105263157894737
1,v3_selected_1_B0_15m_2bp,holdout,HBARUSDT,55,1287.006438096889,0.6181818181818182
1,v3_selected_1_B0_15m_2bp,holdout,LINKUSDT,25,-860.2738620519162,0.56
1,v3_selected_1_B0_15m_2bp,holdout,LTCUSDT,51,778.5260939164889,0.7254901960784313
1,v3_selected_1_B0_15m_2bp,holdout,NEARUSDT,46,-573.5940340349342,0.5434782608695652
1,v3_selected_1_B0_15m_2bp,holdout,SOLUSDT,27,278.7157470114627,0.5185185185185185
1,v3_selected_1_B0_15m_2bp,holdout,SUIUSDT,26,-335.4059942967359,0.6538461538461539
1,v3_selected_1_B0_15m_2bp,holdout,TRXUSDT,61,-119.2202128326484,0.5573770491803278
1,v3_selected_1_B0_15m_2bp,holdout,UNIUSDT,70,236.39658796404453,0.6857142857142857
1,v3_selected_1_B0_15m_2bp,holdout,XLMUSDT,35,868.3543684483711,0.6285714285714286
1,v3_selected_1_B0_15m_2bp,holdout,XRPUSDT,38,-541.9404364644383,0.6052631578947368
2,v3_selected_2_PEER_15m_2bp,valid,AAVEUSDT,62,-264.34135411879157,0.6612903225806451
2,v3_selected_2_PEER_15m_2bp,valid,ADAUSDT,43,-591.9589346965943,0.5581395348837209
2,v3_selected_2_PEER_15m_2bp,valid,AVAXUSDT,51,626.9280729907075,0.7647058823529411
2,v3_selected_2_PEER_15m_2bp,valid,BCHUSDT,39,-720.6716301046758,0.5641025641025641
2,v3_selected_2_PEER_15m_2bp,valid,BNBUSDT,36,-281.7067387258433,0.5277777777777778
2,v3_selected_2_PEER_15m_2bp,valid,BTCUSDT,35,22.883913551523918,0.5428571428571428
2,v3_selected_2_PEER_15m_2bp,valid,DOGEUSDT,46,101.10442983337963,0.5652173913043478
2,v3_selected_2_PEER_15m_2bp,valid,DOTUSDT,57,-110.54663079145068,0.6491228070175439
2,v3_selected_2_PEER_15m_2bp,valid,ETHUSDT,34,-289.3639929053516,0.35294117647058826
2,v3_selected_2_PEER_15m_2bp,valid,FILUSDT,54,-232.77391941275084,0.6111111111111112
2,v3_selected_2_PEER_15m_2bp,valid,HBARUSDT,55,169.63303369407254,0.6545454545454545
2,v3_selected_2_PEER_15m_2bp,valid,LINKUSDT,46,80.57335880612125,0.6956521739130435
2,v3_selected_2_PEER_15m_2bp,valid,LTCUSDT,47,-96.35474501240472,0.5531914893617021
2,v3_selected_2_PEER_15m_2bp,valid,NEARUSDT,73,-813.0832709072355,0.589041095890411
2,v3_selected_2_PEER_15m_2bp,valid,SOLUSDT,52,59.850968781583646,0.6153846153846154
2,v3_selected_2_PEER_15m_2bp,valid,SUIUSDT,57,-971.859188383891,0.43859649122807015
2,v3_selected_2_PEER_15m_2bp,valid,TRXUSDT,47,1018.587906364088,0.723404255319149
2,v3_selected_2_PEER_15m_2bp,valid,UNIUSDT,58,-718.6560576879313,0.5517241379310345
2,v3_selected_2_PEER_15m_2bp,valid,XLMUSDT,52,-1831.4587420596633,0.5961538461538461
2,v3_selected_2_PEER_15m_2bp,valid,XRPUSDT,42,-220.26355882717198,0.47619047619047616
2,v3_selected_2_PEER_15m_2bp,holdout,AAVEUSDT,53,55.98644894218231,0.5471698113207547
2,v3_selected_2_PEER_15m_2bp,holdout,ADAUSDT,55,-792.2628742678011,0.5636363636363636
2,v3_selected_2_PEER_15m_2bp,holdout,AVAXUSDT,38,-381.8393704623066,0.5526315789473685
2,v3_selected_2_PEER_15m_2bp,holdout,BCHUSDT,50,-373.3914292602051,0.6
2,v3_selected_2_PEER_15m_2bp,holdout,BNBUSDT,41,-137.579590609973,0.4878048780487805
2,v3_selected_2_PEER_15m_2bp,holdout,BTCUSDT,32,-422.34088194589066,0.46875
2,v3_selected_2_PEER_15m_2bp,holdout,DOGEUSDT,41,-361.4950308459827,0.5853658536585366
2,v3_selected_2_PEER_15m_2bp,holdout,DOTUSDT,49,-244.98846553435044,0.5102040816326531
2,v3_selected_2_PEER_15m_2bp,holdout,ETHUSDT,38,-336.4202199294631,0.5
2,v3_selected_2_PEER_15m_2bp,holdout,FILUSDT,49,-148.73469356282257,0.6122448979591837
2,v3_selected_2_PEER_15m_2bp,holdout,HBARUSDT,52,250.00200939893492,0.6538461538461539
2,v3_selected_2_PEER_15m_2bp,holdout,LINKUSDT,58,-199.40300846613854,0.5172413793103449
2,v3_selected_2_PEER_15m_2bp,holdout,LTCUSDT,54,167.49662451036386,0.6851851851851852
2,v3_selected_2_PEER_15m_2bp,holdout,NEARUSDT,72,249.7476741511502,0.6388888888888888
2,v3_selected_2_PEER_15m_2bp,holdout,SOLUSDT,47,-140.60560914094089,0.5319148936170213
2,v3_selected_2_PEER_15m_2bp,holdout,SUIUSDT,51,276.92227330324454,0.5882352941176471
2,v3_selected_2_PEER_15m_2bp,holdout,TRXUSDT,36,341.31457842084416,0.7222222222222222
2,v3_selected_2_PEER_15m_2bp,holdout,UNIUSDT,62,-1225.7746298755908,0.532258064516129
2,v3_selected_2_PEER_15m_2bp,holdout,XLMUSDT,48,178.69114719951614,0.75
2,v3_selected_2_PEER_15m_2bp,holdout,XRPUSDT,47,-300.5432793105732,0.5531914893617021
3,v3_selected_3_MEDIAN_15m_2bp,valid,AAVEUSDT,64,-203.04736384401042,0.6875
3,v3_selected_3_MEDIAN_15m_2bp,valid,ADAUSDT,36,-392.8894202419215,0.5833333333333334
3,v3_selected_3_MEDIAN_15m_2bp,valid,AVAXUSDT,55,579.6942593117525,0.6727272727272727
3,v3_selected_3_MEDIAN_15m_2bp,valid,BCHUSDT,51,-75.0731555676714,0.6862745098039216
3,v3_selected_3_MEDIAN_15m_2bp,valid,BNBUSDT,43,-209.1674221141492,0.6511627906976745
3,v3_selected_3_MEDIAN_15m_2bp,valid,BTCUSDT,43,-133.38024392351394,0.5348837209302325
3,v3_selected_3_MEDIAN_15m_2bp,valid,DOGEUSDT,46,-30.65138837815997,0.5652173913043478
3,v3_selected_3_MEDIAN_15m_2bp,valid,DOTUSDT,55,21.71806711536319,0.6545454545454545
3,v3_selected_3_MEDIAN_15m_2bp,valid,ETHUSDT,40,-229.02110829122012,0.5
3,v3_selected_3_MEDIAN_15m_2bp,valid,FILUSDT,50,-269.3121811208443,0.64
3,v3_selected_3_MEDIAN_15m_2bp,valid,HBARUSDT,62,182.24075656792007,0.7096774193548387
3,v3_selected_3_MEDIAN_15m_2bp,valid,LINKUSDT,46,-69.57794754531413,0.5434782608695652
3,v3_selected_3_MEDIAN_15m_2bp,valid,LTCUSDT,46,198.9471612704844,0.6086956521739131
3,v3_selected_3_MEDIAN_15m_2bp,valid,NEARUSDT,70,-766.7686407402077,0.6285714285714286
3,v3_selected_3_MEDIAN_15m_2bp,valid,SOLUSDT,60,-17.831503485479672,0.5833333333333334
3,v3_selected_3_MEDIAN_15m_2bp,valid,SUIUSDT,50,-818.6447805943794,0.48
3,v3_selected_3_MEDIAN_15m_2bp,valid,TRXUSDT,46,807.0141933013753,0.7391304347826086
3,v3_selected_3_MEDIAN_15m_2bp,valid,UNIUSDT,53,-861.1022140440809,0.4716981132075472
3,v3_selected_3_MEDIAN_15m_2bp,valid,XLMUSDT,55,-2770.472530492465,0.5454545454545454
3,v3_selected_3_MEDIAN_15m_2bp,valid,XRPUSDT,42,-116.26467801148408,0.5238095238095238
3,v3_selected_3_MEDIAN_15m_2bp,holdout,AAVEUSDT,55,8.563204567136125,0.5454545454545454
3,v3_selected_3_MEDIAN_15m_2bp,holdout,ADAUSDT,51,-341.2750921581992,0.6470588235294118
3,v3_selected_3_MEDIAN_15m_2bp,holdout,AVAXUSDT,31,-439.28076539050903,0.45161290322580644
3,v3_selected_3_MEDIAN_15m_2bp,holdout,BCHUSDT,46,-378.89347440044804,0.5869565217391305
3,v3_selected_3_MEDIAN_15m_2bp,holdout,BNBUSDT,47,-183.8774755949814,0.5319148936170213
3,v3_selected_3_MEDIAN_15m_2bp,holdout,BTCUSDT,34,-161.89600075342275,0.47058823529411764
3,v3_selected_3_MEDIAN_15m_2bp,holdout,DOGEUSDT,36,-530.5267128845866,0.4722222222222222
3,v3_selected_3_MEDIAN_15m_2bp,holdout,DOTUSDT,45,-148.18654861826974,0.5555555555555556
3,v3_selected_3_MEDIAN_15m_2bp,holdout,ETHUSDT,36,-326.49963821976297,0.4722222222222222
3,v3_selected_3_MEDIAN_15m_2bp,holdout,FILUSDT,51,-41.55962413520831,0.6862745098039216
3,v3_selected_3_MEDIAN_15m_2bp,holdout,HBARUSDT,60,236.408879927272,0.65
3,v3_selected_3_MEDIAN_15m_2bp,holdout,LINKUSDT,55,-350.17497323624724,0.5272727272727272
3,v3_selected_3_MEDIAN_15m_2bp,holdout,LTCUSDT,59,200.5379017925954,0.6779661016949152
3,v3_selected_3_MEDIAN_15m_2bp,holdout,NEARUSDT,64,463.48235113782823,0.703125
3,v3_selected_3_MEDIAN_15m_2bp,holdout,SOLUSDT,56,-129.35296117531948,0.5714285714285714
3,v3_selected_3_MEDIAN_15m_2bp,holdout,SUIUSDT,53,288.87445792553075,0.5660377358490566
3,v3_selected_3_MEDIAN_15m_2bp,holdout,TRXUSDT,33,221.59362001526728,0.6363636363636364
3,v3_selected_3_MEDIAN_15m_2bp,holdout,UNIUSDT,60,-1448.0806455934428,0.5
3,v3_selected_3_MEDIAN_15m_2bp,holdout,XLMUSDT,45,195.0859519937978,0.7111111111111111
3,v3_selected_3_MEDIAN_15m_2bp,holdout,XRPUSDT,46,-247.7815231222518,0.5
4,v3_selected_4_RIDGE_15m_2bp,valid,AAVEUSDT,55,37.88101472716612,0.6727272727272727
4,v3_selected_4_RIDGE_15m_2bp,valid,ADAUSDT,42,-766.7619100332076,0.40476190476190477
4,v3_selected_4_RIDGE_15m_2bp,valid,AVAXUSDT,49,-269.8533803337566,0.5510204081632653
4,v3_selected_4_RIDGE_15m_2bp,valid,BCHUSDT,40,-876.0528590318802,0.55
4,v3_selected_4_RIDGE_15m_2bp,valid,BNBUSDT,47,-128.85987038820136,0.5319148936170213
4,v3_selected_4_RIDGE_15m_2bp,valid,BTCUSDT,40,-140.9071914478417,0.45
4,v3_selected_4_RIDGE_15m_2bp,valid,DOGEUSDT,41,-157.99754665011852,0.5609756097560976
4,v3_selected_4_RIDGE_15m_2bp,valid,DOTUSDT,53,-304.3601292854931,0.4339622641509434
4,v3_selected_4_RIDGE_15m_2bp,valid,ETHUSDT,40,-229.4236087908884,0.55
4,v3_selected_4_RIDGE_15m_2bp,valid,FILUSDT,47,127.55836346852178,0.6595744680851063
4,v3_selected_4_RIDGE_15m_2bp,valid,HBARUSDT,58,814.8983814624828,0.6724137931034483
4,v3_selected_4_RIDGE_15m_2bp,valid,LINKUSDT,47,-122.81806889554527,0.5319148936170213
4,v3_selected_4_RIDGE_15m_2bp,valid,LTCUSDT,53,367.6889884299925,0.6792452830188679
4,v3_selected_4_RIDGE_15m_2bp,valid,NEARUSDT,64,-69.13108879025286,0.65625
4,v3_selected_4_RIDGE_15m_2bp,valid,SOLUSDT,62,-182.45897060366886,0.5967741935483871
4,v3_selected_4_RIDGE_15m_2bp,valid,SUIUSDT,47,-491.4972667008398,0.5106382978723404
4,v3_selected_4_RIDGE_15m_2bp,valid,TRXUSDT,49,17.551997109451364,0.4489795918367347
4,v3_selected_4_RIDGE_15m_2bp,valid,UNIUSDT,58,-217.0037436955888,0.6206896551724138
4,v3_selected_4_RIDGE_15m_2bp,valid,XLMUSDT,51,-1343.8743579932932,0.5686274509803921
4,v3_selected_4_RIDGE_15m_2bp,valid,XRPUSDT,48,-52.06730309263372,0.5833333333333334
4,v3_selected_4_RIDGE_15m_2bp,holdout,AAVEUSDT,53,65.69500973016741,0.5849056603773585
4,v3_selected_4_RIDGE_15m_2bp,holdout,ADAUSDT,52,-927.2314477335456,0.5576923076923077
4,v3_selected_4_RIDGE_15m_2bp,holdout,AVAXUSDT,31,-302.5844383513324,0.6129032258064516
4,v3_selected_4_RIDGE_15m_2bp,holdout,BCHUSDT,44,-428.5882388505276,0.6363636363636364
4,v3_selected_4_RIDGE_15m_2bp,holdout,BNBUSDT,49,-160.4423772184309,0.5102040816326531
4,v3_selected_4_RIDGE_15m_2bp,holdout,BTCUSDT,47,-106.29871312197201,0.48936170212765956
4,v3_selected_4_RIDGE_15m_2bp,holdout,DOGEUSDT,40,-401.17154915325705,0.475
4,v3_selected_4_RIDGE_15m_2bp,holdout,DOTUSDT,45,-304.42152431676465,0.4666666666666667
4,v3_selected_4_RIDGE_15m_2bp,holdout,ETHUSDT,37,-336.8211272102095,0.40540540540540543
4,v3_selected_4_RIDGE_15m_2bp,holdout,FILUSDT,41,-294.8377547422249,0.6097560975609756
4,v3_selected_4_RIDGE_15m_2bp,holdout,HBARUSDT,55,414.84527109251957,0.7272727272727273
4,v3_selected_4_RIDGE_15m_2bp,holdout,LINKUSDT,57,-285.38433250026213,0.5789473684210527
4,v3_selected_4_RIDGE_15m_2bp,holdout,LTCUSDT,58,338.66810582725776,0.6206896551724138
4,v3_selected_4_RIDGE_15m_2bp,holdout,NEARUSDT,65,602.0090639789829,0.6923076923076923
4,v3_selected_4_RIDGE_15m_2bp,holdout,SOLUSDT,54,23.14811320787729,0.6481481481481481
4,v3_selected_4_RIDGE_15m_2bp,holdout,SUIUSDT,56,276.7338025886698,0.625
4,v3_selected_4_RIDGE_15m_2bp,holdout,TRXUSDT,66,342.15452200371186,0.6363636363636364
4,v3_selected_4_RIDGE_15m_2bp,holdout,UNIUSDT,48,-692.7313778593791,0.5416666666666666
4,v3_selected_4_RIDGE_15m_2bp,holdout,XLMUSDT,46,104.94221818441203,0.6304347826086957
4,v3_selected_4_RIDGE_15m_2bp,holdout,XRPUSDT,49,-362.69504414824877,0.5102040816326531
5,v3_selected_5_PCA3_15m_2bp,valid,AAVEUSDT,56,-387.2593006139434,0.6071428571428571
5,v3_selected_5_PCA3_15m_2bp,valid,ADAUSDT,40,-543.1073440552609,0.5
5,v3_selected_5_PCA3_15m_2bp,valid,AVAXUSDT,48,357.3326115357986,0.7083333333333334
5,v3_selected_5_PCA3_15m_2bp,valid,BCHUSDT,37,-617.8479500807507,0.7027027027027027
5,v3_selected_5_PCA3_15m_2bp,valid,BNBUSDT,49,-317.88686043550166,0.5714285714285714
5,v3_selected_5_PCA3_15m_2bp,valid,BTCUSDT,42,-298.114378920862,0.4523809523809524
5,v3_selected_5_PCA3_15m_2bp,valid,DOGEUSDT,42,72.85198781147523,0.6190476190476191
5,v3_selected_5_PCA3_15m_2bp,valid,DOTUSDT,56,-222.11494413369311,0.5178571428571429
5,v3_selected_5_PCA3_15m_2bp,valid,ETHUSDT,39,-166.02577572214855,0.4358974358974359
5,v3_selected_5_PCA3_15m_2bp,valid,FILUSDT,42,-49.98257055238504,0.6428571428571429
5,v3_selected_5_PCA3_15m_2bp,valid,HBARUSDT,55,145.4585549336863,0.6545454545454545
5,v3_selected_5_PCA3_15m_2bp,valid,LINKUSDT,48,21.25587794442086,0.625
5,v3_selected_5_PCA3_15m_2bp,valid,LTCUSDT,51,168.5724535958247,0.6078431372549019
5,v3_selected_5_PCA3_15m_2bp,valid,NEARUSDT,68,-503.76460161336604,0.6029411764705882
5,v3_selected_5_PCA3_15m_2bp,valid,SOLUSDT,52,-194.6660579411107,0.5384615384615384
5,v3_selected_5_PCA3_15m_2bp,valid,SUIUSDT,54,-774.6244139330048,0.37037037037037035
5,v3_selected_5_PCA3_15m_2bp,valid,TRXUSDT,52,-346.37870074532447,0.38461538461538464
5,v3_selected_5_PCA3_15m_2bp,valid,UNIUSDT,54,-787.659603894587,0.48148148148148145
5,v3_selected_5_PCA3_15m_2bp,valid,XLMUSDT,47,-1826.6750186619377,0.574468085106383
5,v3_selected_5_PCA3_15m_2bp,valid,XRPUSDT,51,-6.696585269946009,0.5686274509803921
5,v3_selected_5_PCA3_15m_2bp,holdout,AAVEUSDT,52,-53.377608889277,0.5384615384615384
5,v3_selected_5_PCA3_15m_2bp,holdout,ADAUSDT,57,-792.6828625626067,0.543859649122807
5,v3_selected_5_PCA3_15m_2bp,holdout,AVAXUSDT,34,-260.74892256783204,0.5
5,v3_selected_5_PCA3_15m_2bp,holdout,BCHUSDT,51,-162.00794224058836,0.6470588235294118
5,v3_selected_5_PCA3_15m_2bp,holdout,BNBUSDT,47,-136.15170797727322,0.5531914893617021
5,v3_selected_5_PCA3_15m_2bp,holdout,BTCUSDT,43,-354.93116001558536,0.4418604651162791
5,v3_selected_5_PCA3_15m_2bp,holdout,DOGEUSDT,37,-410.09371983615114,0.4864864864864865
5,v3_selected_5_PCA3_15m_2bp,holdout,DOTUSDT,50,-226.45753629590044,0.56
5,v3_selected_5_PCA3_15m_2bp,holdout,ETHUSDT,42,-247.82879043780898,0.47619047619047616
5,v3_selected_5_PCA3_15m_2bp,holdout,FILUSDT,49,356.14010523927186,0.6326530612244898
5,v3_selected_5_PCA3_15m_2bp,holdout,HBARUSDT,50,195.94922422264486,0.7
5,v3_selected_5_PCA3_15m_2bp,holdout,LINKUSDT,56,-239.22811779463922,0.5
5,v3_selected_5_PCA3_15m_2bp,holdout,LTCUSDT,57,323.86675444686847,0.6140350877192983
5,v3_selected_5_PCA3_15m_2bp,holdout,NEARUSDT,68,676.338946021335,0.7647058823529411
5,v3_selected_5_PCA3_15m_2bp,holdout,SOLUSDT,60,73.78516127328326,0.5833333333333334
5,v3_selected_5_PCA3_15m_2bp,holdout,SUIUSDT,53,69.17218278608283,0.6226415094339622
5,v3_selected_5_PCA3_15m_2bp,holdout,TRXUSDT,60,29.522543948347973,0.5666666666666667
5,v3_selected_5_PCA3_15m_2bp,holdout,UNIUSDT,52,-1421.6356778346762,0.46153846153846156
5,v3_selected_5_PCA3_15m_2bp,holdout,XLMUSDT,45,-36.42631610926458,0.6222222222222222
5,v3_selected_5_PCA3_15m_2bp,holdout,XRPUSDT,43,-383.18039255359037,0.4883720930232558
6,v3_selected_6_B0_15m_2bp,valid,AAVEUSDT,45,-150.01855296942276,0.6222222222222222
6,v3_selected_6_B0_15m_2bp,valid,ADAUSDT,27,350.5470141283079,0.6666666666666666
6,v3_selected_6_B0_15m_2bp,valid,AVAXUSDT,28,937.6366686814628,0.6785714285714286
6,v3_selected_6_B0_15m_2bp,valid,BCHUSDT,42,-2335.6994188471076,0.5714285714285714
6,v3_selected_6_B0_15m_2bp,valid,BNBUSDT,37,88.36775412577516,0.5675675675675675
6,v3_selected_6_B0_15m_2bp,valid,BTCUSDT,47,409.45810799816627,0.6382978723404256
6,v3_selected_6_B0_15m_2bp,valid,DOGEUSDT,28,483.2746436333961,0.6785714285714286
6,v3_selected_6_B0_15m_2bp,valid,DOTUSDT,22,1094.2787449083169,0.6818181818181818
6,v3_selected_6_B0_15m_2bp,valid,ETHUSDT,30,729.1311373034181,0.7333333333333333
6,v3_selected_6_B0_15m_2bp,valid,FILUSDT,45,3011.322268781482,0.7555555555555555
6,v3_selected_6_B0_15m_2bp,valid,HBARUSDT,35,359.8744933497245,0.5142857142857142
6,v3_selected_6_B0_15m_2bp,valid,LINKUSDT,19,-58.04958994502026,0.5789473684210527
6,v3_selected_6_B0_15m_2bp,valid,LTCUSDT,31,785.4443021936862,0.5806451612903226
6,v3_selected_6_B0_15m_2bp,valid,NEARUSDT,72,-120.65864278054755,0.6527777777777778
6,v3_selected_6_B0_15m_2bp,valid,SOLUSDT,34,824.3147943079769,0.7058823529411765
6,v3_selected_6_B0_15m_2bp,valid,SUIUSDT,44,-694.669521787713,0.5681818181818182
6,v3_selected_6_B0_15m_2bp,valid,TRXUSDT,48,-619.3279844064266,0.5208333333333334
6,v3_selected_6_B0_15m_2bp,valid,UNIUSDT,40,-1263.634324460158,0.45
6,v3_selected_6_B0_15m_2bp,valid,XLMUSDT,52,577.0615895063264,0.6153846153846154
6,v3_selected_6_B0_15m_2bp,valid,XRPUSDT,31,325.73698190718494,0.5806451612903226
6,v3_selected_6_B0_15m_2bp,holdout,AAVEUSDT,53,-1403.9936108236748,0.5849056603773585
6,v3_selected_6_B0_15m_2bp,holdout,ADAUSDT,40,-1562.9088752554396,0.5
6,v3_selected_6_B0_15m_2bp,holdout,AVAXUSDT,24,-367.1698510257153,0.625
6,v3_selected_6_B0_15m_2bp,holdout,BCHUSDT,46,-1192.2789080656619,0.5434782608695652
6,v3_selected_6_B0_15m_2bp,holdout,BNBUSDT,30,507.80345066386417,0.6666666666666666
6,v3_selected_6_B0_15m_2bp,holdout,BTCUSDT,34,-623.6069788108929,0.5294117647058824
6,v3_selected_6_B0_15m_2bp,holdout,DOGEUSDT,21,-1246.3680621524966,0.42857142857142855
6,v3_selected_6_B0_15m_2bp,holdout,DOTUSDT,44,-372.93380970493655,0.6590909090909091
6,v3_selected_6_B0_15m_2bp,holdout,ETHUSDT,30,29.19135862798665,0.6333333333333333
6,v3_selected_6_B0_15m_2bp,holdout,FILUSDT,36,1194.729183375887,0.7222222222222222
6,v3_selected_6_B0_15m_2bp,holdout,HBARUSDT,53,1521.021059542526,0.6415094339622641
6,v3_selected_6_B0_15m_2bp,holdout,LINKUSDT,23,-695.1809644740049,0.6086956521739131
6,v3_selected_6_B0_15m_2bp,holdout,LTCUSDT,48,753.494551861309,0.7083333333333334
6,v3_selected_6_B0_15m_2bp,holdout,NEARUSDT,54,-478.54041621701117,0.5740740740740741
6,v3_selected_6_B0_15m_2bp,holdout,SOLUSDT,27,492.06060564311014,0.5185185185185185
6,v3_selected_6_B0_15m_2bp,holdout,SUIUSDT,25,-911.5988641769611,0.6
6,v3_selected_6_B0_15m_2bp,holdout,TRXUSDT,60,50.91061205741041,0.5666666666666667
6,v3_selected_6_B0_15m_2bp,holdout,UNIUSDT,69,-303.002107454654,0.6666666666666666
6,v3_selected_6_B0_15m_2bp,holdout,XLMUSDT,39,556.4162857260292,0.6666666666666666
6,v3_selected_6_B0_15m_2bp,holdout,XRPUSDT,38,15.214289458756866,0.6842105263157895
7,v3_selected_7_AR1_15m_2bp,valid,AAVEUSDT,95,867.8282947883008,0.6631578947368421
7,v3_selected_7_AR1_15m_2bp,valid,ADAUSDT,67,919.3075030147332,0.7014925373134329
7,v3_selected_7_AR1_15m_2bp,valid,AVAXUSDT,72,1272.0902308586085,0.6388888888888888
7,v3_selected_7_AR1_15m_2bp,valid,BCHUSDT,96,-74.75813988610264,0.5729166666666666
7,v3_selected_7_AR1_15m_2bp,valid,BNBUSDT,87,232.44408164096208,0.5287356321839081
7,v3_selected_7_AR1_15m_2bp,valid,BTCUSDT,90,-280.60678753482244,0.5444444444444444
7,v3_selected_7_AR1_15m_2bp,valid,DOGEUSDT,60,-735.442223244702,0.55
7,v3_selected_7_AR1_15m_2bp,valid,DOTUSDT,52,1526.6780632873597,0.7307692307692307
7,v3_selected_7_AR1_15m_2bp,valid,ETHUSDT,71,629.5604282843619,0.6197183098591549
7,v3_selected_7_AR1_15m_2bp,valid,FILUSDT,98,-79.35369275884844,0.5918367346938775
7,v3_selected_7_AR1_15m_2bp,valid,HBARUSDT,95,307.8407998956421,0.5789473684210527
7,v3_selected_7_AR1_15m_2bp,valid,LINKUSDT,41,483.4430170124452,0.6585365853658537
7,v3_selected_7_AR1_15m_2bp,valid,LTCUSDT,71,1469.775972529759,0.5915492957746479
7,v3_selected_7_AR1_15m_2bp,valid,NEARUSDT,156,-1711.434633526856,0.532051282051282
7,v3_selected_7_AR1_15m_2bp,valid,SOLUSDT,87,832.9458997248104,0.5632183908045977
7,v3_selected_7_AR1_15m_2bp,valid,SUIUSDT,76,-437.649632778075,0.5131578947368421
7,v3_selected_7_AR1_15m_2bp,valid,TRXUSDT,102,-1173.7616606937863,0.37254901960784315
7,v3_selected_7_AR1_15m_2bp,valid,UNIUSDT,81,2278.5176935245413,0.6172839506172839
7,v3_selected_7_AR1_15m_2bp,valid,XLMUSDT,119,-1010.5017770973625,0.48739495798319327
7,v3_selected_7_AR1_15m_2bp,valid,XRPUSDT,76,-1710.7272477972624,0.42105263157894735
7,v3_selected_7_AR1_15m_2bp,holdout,AAVEUSDT,121,-1174.6053041975454,0.5950413223140496
7,v3_selected_7_AR1_15m_2bp,holdout,ADAUSDT,86,-1537.8047190631348,0.5697674418604651
7,v3_selected_7_AR1_15m_2bp,holdout,AVAXUSDT,59,266.33232882517626,0.711864406779661
7,v3_selected_7_AR1_15m_2bp,holdout,BCHUSDT,82,1274.808654411199,0.524390243902439
7,v3_selected_7_AR1_15m_2bp,holdout,BNBUSDT,66,-217.37275444668902,0.5
7,v3_selected_7_AR1_15m_2bp,holdout,BTCUSDT,85,-381.29797530263295,0.4823529411764706
7,v3_selected_7_AR1_15m_2bp,holdout,DOGEUSDT,65,-582.1927384940423,0.5846153846153846
7,v3_selected_7_AR1_15m_2bp,holdout,DOTUSDT,97,-579.3276378752237,0.5154639175257731
7,v3_selected_7_AR1_15m_2bp,holdout,ETHUSDT,73,-741.9093684424672,0.547945205479452
7,v3_selected_7_AR1_15m_2bp,holdout,FILUSDT,67,-609.1518856790789,0.6417910447761194
7,v3_selected_7_AR1_15m_2bp,holdout,HBARUSDT,107,-273.67847407712236,0.5700934579439252
7,v3_selected_7_AR1_15m_2bp,holdout,LINKUSDT,92,-200.67910174388902,0.6304347826086957
7,v3_selected_7_AR1_15m_2bp,holdout,LTCUSDT,87,-343.45031396887464,0.5287356321839081
7,v3_selected_7_AR1_15m_2bp,holdout,NEARUSDT,111,-999.2728747126841,0.5045045045045045
7,v3_selected_7_AR1_15m_2bp,holdout,SOLUSDT,82,-826.8839711564823,0.5
7,v3_selected_7_AR1_15m_2bp,holdout,SUIUSDT,65,204.3813895602707,0.6615384615384615
7,v3_selected_7_AR1_15m_2bp,holdout,TRXUSDT,132,-383.2302762266103,0.44696969696969696
7,v3_selected_7_AR1_15m_2bp,holdout,UNIUSDT,123,-178.15138365514915,0.5772357723577236
7,v3_selected_7_AR1_15m_2bp,holdout,XLMUSDT,89,1423.3174291565124,0.6292134831460674
7,v3_selected_7_AR1_15m_2bp,holdout,XRPUSDT,79,-68.97815634133718,0.4936708860759494
8,v3_selected_8_AR1_60m_2bp,valid,AAVEUSDT,25,1143.60822285631,0.44
8,v3_selected_8_AR1_60m_2bp,valid,ADAUSDT,20,876.491387584348,0.55
8,v3_selected_8_AR1_60m_2bp,valid,AVAXUSDT,22,350.04019251284717,0.4090909090909091
8,v3_selected_8_AR1_60m_2bp,valid,BCHUSDT,46,-354.1808294765806,0.5434782608695652
8,v3_selected_8_AR1_60m_2bp,valid,BNBUSDT,24,-227.35735064059924,0.4583333333333333
8,v3_selected_8_AR1_60m_2bp,valid,BTCUSDT,28,-669.4392821416824,0.39285714285714285
8,v3_selected_8_AR1_60m_2bp,valid,DOGEUSDT,23,347.8532869174288,0.4782608695652174
8,v3_selected_8_AR1_60m_2bp,valid,DOTUSDT,16,739.3337708914521,0.625
8,v3_selected_8_AR1_60m_2bp,valid,ETHUSDT,24,133.3105825794537,0.5416666666666666
8,v3_selected_8_AR1_60m_2bp,valid,FILUSDT,24,-198.94016140948125,0.5833333333333334
8,v3_selected_8_AR1_60m_2bp,valid,HBARUSDT,31,258.5896401097982,0.5161290322580645
8,v3_selected_8_AR1_60m_2bp,valid,LINKUSDT,9,15.720497010860983,0.3333333333333333
8,v3_selected_8_AR1_60m_2bp,valid,LTCUSDT,22,905.5351720716535,0.6363636363636364
8,v3_selected_8_AR1_60m_2bp,valid,NEARUSDT,44,-1000.0693670663021,0.45454545454545453
8,v3_selected_8_AR1_60m_2bp,valid,SOLUSDT,19,-607.7980695688259,0.3157894736842105
8,v3_selected_8_AR1_60m_2bp,valid,SUIUSDT,31,1967.672010451684,0.4838709677419355
8,v3_selected_8_AR1_60m_2bp,valid,TRXUSDT,36,-164.58931522624982,0.4722222222222222
8,v3_selected_8_AR1_60m_2bp,valid,UNIUSDT,24,-2353.5621961833467,0.2916666666666667
8,v3_selected_8_AR1_60m_2bp,valid,XLMUSDT,35,1556.9618393843261,0.5428571428571428
8,v3_selected_8_AR1_60m_2bp,valid,XRPUSDT,15,356.5055635033978,0.4666666666666667
8,v3_selected_8_AR1_60m_2bp,holdout,AAVEUSDT,37,669.128093971669,0.4594594594594595
8,v3_selected_8_AR1_60m_2bp,holdout,ADAUSDT,28,-2008.7855799541012,0.5
8,v3_selected_8_AR1_60m_2bp,holdout,AVAXUSDT,24,550.5446953026925,0.6666666666666666
8,v3_selected_8_AR1_60m_2bp,holdout,BCHUSDT,41,-314.9243246219102,0.5365853658536586
8,v3_selected_8_AR1_60m_2bp,holdout,BNBUSDT,24,-36.601826053642526,0.4583333333333333
8,v3_selected_8_AR1_60m_2bp,holdout,BTCUSDT,29,-516.7192616142097,0.27586206896551724
8,v3_selected_8_AR1_60m_2bp,holdout,DOGEUSDT,23,3.3616278925936243,0.5217391304347826
8,v3_selected_8_AR1_60m_2bp,holdout,DOTUSDT,26,-561.3985827810575,0.38461538461538464
8,v3_selected_8_AR1_60m_2bp,holdout,ETHUSDT,25,-1133.2539165806925,0.2
8,v3_selected_8_AR1_60m_2bp,holdout,FILUSDT,30,-1323.7511247274513,0.4666666666666667
8,v3_selected_8_AR1_60m_2bp,holdout,HBARUSDT,35,424.06708549885246,0.4857142857142857
8,v3_selected_8_AR1_60m_2bp,holdout,LINKUSDT,21,-788.4804955112922,0.38095238095238093
8,v3_selected_8_AR1_60m_2bp,holdout,LTCUSDT,32,514.2559213506441,0.59375
8,v3_selected_8_AR1_60m_2bp,holdout,NEARUSDT,32,-1193.1980398670355,0.40625
8,v3_selected_8_AR1_60m_2bp,holdout,SOLUSDT,22,1371.835466090675,0.8636363636363636
8,v3_selected_8_AR1_60m_2bp,holdout,SUIUSDT,25,492.65652124881854,0.56
8,v3_selected_8_AR1_60m_2bp,holdout,TRXUSDT,43,8.402947012042873,0.3953488372093023
8,v3_selected_8_AR1_60m_2bp,holdout,UNIUSDT,40,222.63916837258932,0.525
8,v3_selected_8_AR1_60m_2bp,holdout,XLMUSDT,27,-670.327576427099,0.4074074074074074
8,v3_selected_8_AR1_60m_2bp,holdout,XRPUSDT,24,126.26984779471086,0.375
9,v3_selected_9_B0_60m_2bp,valid,AAVEUSDT,31,365.4022470985911,0.6451612903225806
9,v3_selected_9_B0_60m_2bp,valid,ADAUSDT,15,-178.3128454089038,0.4666666666666667
9,v3_selected_9_B0_60m_2bp,valid,AVAXUSDT,21,314.85817303713753,0.5714285714285714
9,v3_selected_9_B0_60m_2bp,valid,BCHUSDT,28,-437.9621294941642,0.6428571428571429
9,v3_selected_9_B0_60m_2bp,valid,BNBUSDT,25,498.49118006439284,0.76
9,v3_selected_9_B0_60m_2bp,valid,BTCUSDT,32,-312.74254277467764,0.625
9,v3_selected_9_B0_60m_2bp,valid,DOGEUSDT,16,494.59545290330175,0.625
9,v3_selected_9_B0_60m_2bp,valid,DOTUSDT,20,676.9558301852892,0.65
9,v3_selected_9_B0_60m_2bp,valid,ETHUSDT,20,413.0792375719014,0.65
9,v3_selected_9_B0_60m_2bp,valid,FILUSDT,29,776.4215472999692,0.6896551724137931
9,v3_selected_9_B0_60m_2bp,valid,HBARUSDT,24,160.18154982426358,0.5416666666666666
9,v3_selected_9_B0_60m_2bp,valid,LINKUSDT,10,244.58783224117983,0.4
9,v3_selected_9_B0_60m_2bp,valid,LTCUSDT,21,1250.1125262609394,0.7619047619047619
9,v3_selected_9_B0_60m_2bp,valid,NEARUSDT,38,-818.9664556225468,0.5789473684210527
9,v3_selected_9_B0_60m_2bp,valid,SOLUSDT,28,460.82476634556366,0.6785714285714286
9,v3_selected_9_B0_60m_2bp,valid,SUIUSDT,30,-6.657795319114761,0.5666666666666667
9,v3_selected_9_B0_60m_2bp,valid,TRXUSDT,35,-347.823403271159,0.5142857142857142
9,v3_selected_9_B0_60m_2bp,valid,UNIUSDT,22,-950.7899531989866,0.5454545454545454
9,v3_selected_9_B0_60m_2bp,valid,XLMUSDT,33,154.43599737655606,0.6363636363636364
9,v3_selected_9_B0_60m_2bp,valid,XRPUSDT,18,340.48269129150617,0.7222222222222222
9,v3_selected_9_B0_60m_2bp,holdout,AAVEUSDT,26,-690.2180050887638,0.6538461538461539
9,v3_selected_9_B0_60m_2bp,holdout,ADAUSDT,28,64.1362300119562,0.6785714285714286
9,v3_selected_9_B0_60m_2bp,holdout,AVAXUSDT,20,-411.33344016346103,0.5
9,v3_selected_9_B0_60m_2bp,holdout,BCHUSDT,32,-211.68509448921486,0.5625
9,v3_selected_9_B0_60m_2bp,holdout,BNBUSDT,18,-23.05285616718126,0.6111111111111112
9,v3_selected_9_B0_60m_2bp,holdout,BTCUSDT,22,-104.4263932482624,0.6363636363636364
9,v3_selected_9_B0_60m_2bp,holdout,DOGEUSDT,20,-907.103019765362,0.6
9,v3_selected_9_B0_60m_2bp,holdout,DOTUSDT,27,-233.20837849312227,0.5925925925925926
9,v3_selected_9_B0_60m_2bp,holdout,ETHUSDT,21,-933.0482045519744,0.38095238095238093
9,v3_selected_9_B0_60m_2bp,holdout,FILUSDT,24,1634.822488178068,0.875
9,v3_selected_9_B0_60m_2bp,holdout,HBARUSDT,33,1140.468675039323,0.696969696969697
9,v3_selected_9_B0_60m_2bp,holdout,LINKUSDT,17,-180.3866977868414,0.6470588235294118
9,v3_selected_9_B0_60m_2bp,holdout,LTCUSDT,27,483.6324171871649,0.6666666666666666
9,v3_selected_9_B0_60m_2bp,holdout,NEARUSDT,30,-303.66134994326484,0.6333333333333333
9,v3_selected_9_B0_60m_2bp,holdout,SOLUSDT,18,-75.64235686602902,0.6666666666666666
9,v3_selected_9_B0_60m_2bp,holdout,SUIUSDT,24,-361.3860674982043,0.6666666666666666
9,v3_selected_9_B0_60m_2bp,holdout,TRXUSDT,38,-52.10235364961478,0.6052631578947368
9,v3_selected_9_B0_60m_2bp,holdout,UNIUSDT,36,-1172.1583267734059,0.5
9,v3_selected_9_B0_60m_2bp,holdout,XLMUSDT,24,-208.85705038080494,0.75
9,v3_selected_9_B0_60m_2bp,holdout,XRPUSDT,22,-662.1586069100103,0.5909090909090909
10,v3_selected_10_B0_60m_2bp,valid,AAVEUSDT,30,-607.9882211453584,0.5666666666666667
10,v3_selected_10_B0_60m_2bp,valid,ADAUSDT,12,-326.2720758497867,0.5
10,v3_selected_10_B0_60m_2bp,valid,AVAXUSDT,18,-87.75451542843578,0.5555555555555556
10,v3_selected_10_B0_60m_2bp,valid,BCHUSDT,27,-829.8694866464886,0.5555555555555556
10,v3_selected_10_B0_60m_2bp,valid,BNBUSDT,24,573.2915255800709,0.75
10,v3_selected_10_B0_60m_2bp,valid,BTCUSDT,30,823.3197818979056,0.7666666666666667
10,v3_selected_10_B0_60m_2bp,valid,DOGEUSDT,17,457.71048017358294,0.6470588235294118
10,v3_selected_10_B0_60m_2bp,valid,DOTUSDT,19,936.5048266108449,0.631578947368421
10,v3_selected_10_B0_60m_2bp,valid,ETHUSDT,21,72.2521587607227,0.6190476190476191
10,v3_selected_10_B0_60m_2bp,valid,FILUSDT,22,216.21163541072445,0.6363636363636364
10,v3_selected_10_B0_60m_2bp,valid,HBARUSDT,20,654.9782009791627,0.6
10,v3_selected_10_B0_60m_2bp,valid,LINKUSDT,11,811.7450229988383,0.6363636363636364
10,v3_selected_10_B0_60m_2bp,valid,LTCUSDT,23,1714.3586064602866,0.782608695652174
10,v3_selected_10_B0_60m_2bp,valid,NEARUSDT,36,-619.2536253491293,0.5833333333333334
10,v3_selected_10_B0_60m_2bp,valid,SOLUSDT,24,573.8319086764288,0.6666666666666666
10,v3_selected_10_B0_60m_2bp,valid,SUIUSDT,30,708.3472437150543,0.6333333333333333
10,v3_selected_10_B0_60m_2bp,valid,TRXUSDT,30,-76.08203846498392,0.5666666666666667
10,v3_selected_10_B0_60m_2bp,valid,UNIUSDT,21,-142.19887498953926,0.5238095238095238
10,v3_selected_10_B0_60m_2bp,valid,XLMUSDT,28,-2571.7098716419623,0.5
10,v3_selected_10_B0_60m_2bp,valid,XRPUSDT,18,664.1884799688296,0.6666666666666666
10,v3_selected_10_B0_60m_2bp,holdout,AAVEUSDT,26,-657.6837560288421,0.5384615384615384
10,v3_selected_10_B0_60m_2bp,holdout,ADAUSDT,25,-167.77267489190376,0.72
10,v3_selected_10_B0_60m_2bp,holdout,AVAXUSDT,20,-289.2023539877242,0.5
10,v3_selected_10_B0_60m_2bp,holdout,BCHUSDT,31,303.1066871918286,0.5806451612903226
10,v3_selected_10_B0_60m_2bp,holdout,BNBUSDT,15,-197.38983098498704,0.5333333333333333
10,v3_selected_10_B0_60m_2bp,holdout,BTCUSDT,22,-107.12457234341343,0.6363636363636364
10,v3_selected_10_B0_60m_2bp,holdout,DOGEUSDT,21,-725.9628461708406,0.5714285714285714
10,v3_selected_10_B0_60m_2bp,holdout,DOTUSDT,25,573.7617325256651,0.72
10,v3_selected_10_B0_60m_2bp,holdout,ETHUSDT,16,-787.003648922312,0.4375
10,v3_selected_10_B0_60m_2bp,holdout,FILUSDT,21,1151.2417853351062,0.7142857142857143
10,v3_selected_10_B0_60m_2bp,holdout,HBARUSDT,33,796.9992756729969,0.6060606060606061
10,v3_selected_10_B0_60m_2bp,holdout,LINKUSDT,16,189.25198900776667,0.625
10,v3_selected_10_B0_60m_2bp,holdout,LTCUSDT,24,830.8676685929684,0.75
10,v3_selected_10_B0_60m_2bp,holdout,NEARUSDT,27,126.07865254435168,0.6296296296296297
10,v3_selected_10_B0_60m_2bp,holdout,SOLUSDT,18,-365.16859345311644,0.5
10,v3_selected_10_B0_60m_2bp,holdout,SUIUSDT,23,986.1967390291743,0.6956521739130435
10,v3_selected_10_B0_60m_2bp,holdout,TRXUSDT,36,-48.00247111944846,0.5555555555555556
10,v3_selected_10_B0_60m_2bp,holdout,UNIUSDT,27,-2162.28219601384,0.3333333333333333
10,v3_selected_10_B0_60m_2bp,holdout,XLMUSDT,21,-445.7871112876869,0.6666666666666666
10,v3_selected_10_B0_60m_2bp,holdout,XRPUSDT,18,283.46358568193216,0.6666666666666666
