selection_rank,cost_bp,model,frequency_min,center_hours,scale_days,center_kind,logic,entry_sigma,exit_sigma,hold_hours,exit_rule,period,return,start_equity,end_equity,max_drawdown,sharpe_daily,trades,win_rate,profit_factor,net_pnl,gross_price_pnl,funding_cashflow,net_pnl_including_funding,fees,turnover,break_even_bp,median_hold_min,period_gross_fees,period_net_fees_reference
1,0.0,B0,15,4,7,sma,band,2.0,0.5,4,band,valid,-0.00380836459744327,104450.5497208214,104052.76394508113,-0.06381761086569926,-0.10149329385933971,748,0.6390374331550802,0.9910609978504668,-437.2576299404586,-437.2576299404586,39.47185420002074,-397.7857757404379,0.0,15364659.382392192,-0.2845866081753516,135.0,0.0,0.0
1,0.0,B0,15,4,7,sma,band,2.0,0.5,4,band,holdout,0.013095979970489946,104052.76394508113,105415.43685758003,-0.07500887370449427,0.6710133565763079,795,0.6327044025157232,1.0308188123624988,1242.8144493912828,1242.8144493912828,119.85846310762052,1362.6729124989033,0.0,17171021.74109433,0.7237859622627657,135.0,0.0,0.0
1,1.0,B0,15,4,7,sma,band,2.0,0.5,4,band,valid,-0.018597168336527248,103312.50902633551,101391.18890470375,-0.0710040605547595,-0.7565915421320861,748,0.6323529411764706,0.9596378613150255,-1960.1811096893716,-451.66122877438715,38.860988057539615,-1921.320121631832,1508.5198809149842,15085198.809149843,-0.2994068785493464,135.0,1508.519880914983,1508.519880914983
1,1.0,B0,15,4,7,sma,band,2.0,0.5,4,band,holdout,-0.0028923710603093733,101391.18890470375,101097.92796414543,-0.07932574288970096,-0.07220436793363272,795,0.6251572327044025,0.9896537032021617,-409.1031866955609,1250.8221865436808,115.84224613753248,-293.26094055802844,1659.925373239241,16599253.732392408,0.7535412173999,135.0,1659.9253732392406,1659.9253732392406
1,2.0,B0,15,4,7,sma,band,2.0,0.5,4,band,valid,-0.03316710986056004,102186.8159338025,98797.57458342524,-0.07931246581487372,-1.4037616133627124,748,0.6216577540106952,0.92893209700355,-3427.501783857633,-465.2846357497792,38.26043348029258,-3389.2413503773405,2962.2171481078544,14811085.740539273,-0.3141462036616623,135.0,2962.21714810786,2962.21714810786
1,2.0,B0,15,4,7,sma,band,2.0,0.5,4,band,holdout,-0.018629129262693445,98797.57458342524,96957.06179567002,-0.08387490785614493,-0.8098620246231436,795,0.6138364779874214,0.9496540904691041,-1952.4754234626662,1256.891050534905,111.96263570749875,-1840.5127877551674,3209.3664739975707,16046832.369987853,0.7832642739420954,135.0,3209.3664739975707,3209.3664739975707
1,3.0,B0,15,4,7,sma,band,2.0,0.5,4,band,valid,-0.04752141806708465,101073.33703545424,96270.18873075707,-0.08754696322449995,-2.042710722341676,748,0.6163101604278075,0.8989369502500706,-4840.818301738659,-478.1543077478291,37.66999704134741,-4803.148304697312,4362.66399399083,14542213.313302765,-0.3288043556000023,135.0,4362.663993990825,4362.663993990825
1,3.0,B0,15,4,7,sma,band,2.0,0.5,4,band,holdout,-0.03411824223247317,96270.18873075707,92985.61911187519,-0.08842795287051985,-1.5415524671432856,795,0.6075471698113207,0.9108184560181862,-3392.7845377339518,1261.1433671820841,108.21491885238072,-3284.569618881571,4653.927904916035,15513093.01638678,0.812954170938003,135.0,4653.927904916031,4653.927904916031
2,0.0,PEER,15,4,7,sma,band,2.0,0.5,4,band,valid,-0.012869449473679517,102566.49333809255,101246.51903438548,-0.03280090851962769,-1.09572887467424,986,0.6582150101419878,0.9378217370140026,-1328.6631961642593,-1328.6631961642593,8.68889245688175,-1319.9743037073774,0.0,20135644.25096694,-0.6598563123206028,135.0,0.0,0.0
2,0.0,PEER,15,4,7,sma,band,2.0,0.5,4,band,holdout,0.0005393040150487582,101246.51903438548,101301.12168861042,-0.021707368341545963,0.09900146421479357,973,0.6495375128468653,1.0016206819952487,26.921374164267036,26.921374164267036,27.681280060595867,54.6026542248629,0.0,19776434.673075907,0.013612855203328642,135.0,0.0,0.0
2,1.0,PEER,15,4,7,sma,band,2.0,0.5,4,band,valid,-0.03214581998794008,100865.70135902194,97623.2906801775,-0.03994018189335691,-2.7964367444961655,986,0.6277890466531441,0.8487976443479543,-3250.881855989911,-1289.9889324412757,8.471177145060546,-3242.4106788448503,1960.8929235486348,19608929.23548635,-0.6578579161307686,135.0,1960.8929235486355,1799.7505764959133
2,1.0,PEER,15,4,7,sma,band,2.0,0.5,4,band,holdout,-0.018747366146707134,97623.2906801775,95793.11110534979,-0.030464420280881144,-2.7591870231154263,973,0.6145940390544707,0.887751538652916,-1856.6281742171604,31.84492689057481,26.44859938956163,-1830.1795748275988,1888.4731011077347,18884731.01107735,0.01686279082921293,135.0,1888.4731011077333,1736.7225606271793
2,2.0,PEER,15,4,7,sma,band,2.0,0.5,4,band,valid,-0.05104670058584093,99193.03346740827,94129.55638779618,-0.0522598194121503,-4.470808413607074,986,0.592292089249493,0.7659705332359749,-5071.736912405928,-1252.41962237881,8.25983279364845,-5063.477079612279,3819.3172900271184,19096586.450135596,-0.6558342904105342,135.0,3819.3172900271193,3505.3714289546847
2,2.0,PEER,15,4,7,sma,band,2.0,0.5,4,band,holdout,-0.037663178956033216,94129.55638779618,90584.33806051059,-0.042107463129075984,-5.5936857826602315,973,0.5837615621788284,0.7836532735960885,-3570.489616139952,36.262395689951404,25.271288854149528,-3545.2183272858024,3606.7520118299026,18033760.05914952,0.020108061530714164,135.0,3606.7520118299076,3317.012411091777
2,3.0,PEER,15,4,7,sma,band,2.0,0.5,4,band,valid,-0.06957938740019376,97548.02591096058,90760.69402597772,-0.06991259836229191,-6.115008723938464,986,0.5557809330628803,0.6895014280569777,-6795.386535024213,-1215.9238574119204,8.054650041076574,-6787.331884983137,5579.462677612292,18598208.925374307,-0.653785459820803,135.0,5579.462677612298,5120.714227660195
2,3.0,PEER,15,4,7,sma,band,2.0,0.5,4,band,holdout,-0.05621524789360244,90760.69402597772,85658.55911231198,-0.05824243080088276,-8.383816283577797,973,0.5488180883864338,0.689223453233025,-5126.281755378168,40.20959085233699,24.14684171258476,-5102.134913665584,5166.491346230504,17221637.820768345,0.02334829664333461,135.0,5166.491346230492,4751.575818490883
3,0.0,MEDIAN,15,4,7,sma,band,2.0,0.5,4,band,valid,-0.013508468593802392,101463.43774128289,100092.82207913554,-0.03470194283872963,-1.1001743158205528,1013,0.6604146100691016,0.9339527225154267,-1394.3865832593585,-1394.3865832593585,23.770921112089013,-1370.6156621472696,0.0,20452074.14599657,-0.6817824800093957,135.0,0.0,0.0
3,0.0,MEDIAN,15,4,7,sma,band,2.0,0.5,4,band,holdout,0.004508801198645385,100092.82207913554,100544.12071530175,-0.018491437343161277,0.6264984932213848,963,0.6469366562824507,1.0258123220462814,426.41016740283203,426.41016740283203,24.888468763130152,451.2986361659622,0.0,19349495.93622648,0.22037275224544692,150.0,0.0,0.0
3,1.0,MEDIAN,15,4,7,sma,band,2.0,0.5,4,band,valid,-0.03329394544459208,99819.04975824669,96495.6797612646,-0.04320346373299744,-2.773053466032021,1013,0.6288252714708786,0.8425789401980542,-3346.505637768518,-1354.554759995659,23.135640786101785,-3323.3699969824165,1991.9508777728588,19919508.777728587,-0.6800141384561382,135.0,1991.950877772859,1823.1152980867264
3,1.0,MEDIAN,15,4,7,sma,band,2.0,0.5,4,band,holdout,-0.014658731250624446,96495.6797612646,95081.1755247979,-0.02735730387263935,-1.9787681409766298,963,0.6095534787123572,0.9125538006060492,-1438.2963524881598,409.29654572575305,23.79211602136105,-1414.5042364667986,1847.5928982139128,18475928.982139125,0.2215296162490256,150.0,1847.5928982139135,1714.818361429829
3,2.0,MEDIAN,15,4,7,sma,band,2.0,0.5,4,band,valid,-0.05268355421591031,98201.23599909841,93027.64585827051,-0.05651287516263748,-4.4207556828594585,1013,0.6031589338598223,0.7576514557578773,-5196.108541351996,-1315.8185725453654,22.51840052399077,-5173.590140828005,3880.289968806631,19401449.84403316,-0.6782063109319845,135.0,3880.2899688066304,3551.388257441984
3,2.0,MEDIAN,15,4,7,sma,band,2.0,0.5,4,band,holdout,-0.03346144083518876,93027.64585827051,89914.8067903471,-0.039982774692086775,-4.612070241524783,963,0.5825545171339563,0.8088526402071871,-3135.5837307532265,392.87737146838003,22.74466283000481,-3112.8390679232216,3528.4611022216072,17642305.511108033,0.2226904931563591,150.0,3528.461102221613,3274.965490485255
3,3.0,MEDIAN,15,4,7,sma,band,2.0,0.5,4,band,valid,-0.07168519631403225,96609.56823366976,89684.09236902525,-0.07357202028080523,-6.040041984567766,1013,0.5656465942744324,0.6791632776126153,-6947.394527610988,-1278.1486026875718,21.918662966765346,-6925.475864644222,5669.245924923416,18897486.41641139,-0.6763590535392964,135.0,5669.2459249234225,5188.689800610399
3,3.0,MEDIAN,15,4,7,sma,band,2.0,0.5,4,band,holdout,-0.05190625383895142,89684.09236902525,85028.92710520266,-0.05531983563473897,-7.257140227689691,963,0.5514018691588785,0.7145202154341705,-4676.909166929006,377.1238461245596,21.743903106299303,-4655.165263822706,5054.033013053566,16846776.71017855,0.22385519355563574,150.0,5054.0330130535685,4691.038321835483
4,0.0,RIDGE,15,4,7,sma,band,2.0,0.5,4,band,valid,-0.001591772574605188,100556.9419829404,100396.8782005058,-0.017828697899926804,-0.19861200318983974,991,0.6397578203834511,0.9900524647068814,-162.02280406377696,-162.02280406377696,1.9590216294736391,-160.06378243430333,0.0,19938677.48536551,-0.0812605571170393,135.0,0.0,0.0
4,0.0,RIDGE,15,4,7,sma,band,2.0,0.5,4,band,holdout,0.013796977828055779,100396.8782005058,101782.0517030442,-0.014594964050832604,2.5881784036582385,993,0.6435045317220544,1.0983526947950502,1351.3268298753471,1351.3268298753471,33.846672663138946,1385.173502538486,0.0,20055233.084866624,0.6738026051140926,135.0,0.0,0.0
4,1.0,RIDGE,15,4,7,sma,band,2.0,0.5,4,band,valid,-0.021180432586824782,99641.89042123411,97531.43207834338,-0.027033861561389205,-2.897771029962497,991,0.6024217961654894,0.8736113831154163,-2112.4147283631582,-156.07951814319463,1.9563854722383405,-2110.45834289092,1956.335210219963,19563352.10219963,-0.0797815820764406,135.0,1956.335210219961,1840.5895310729866
4,1.0,RIDGE,15,4,7,sma,band,2.0,0.5,4,band,holdout,-0.006147200382367046,97531.43207834338,96931.88682177858,-0.02298652053064265,-1.1449986126702558,993,0.6122860020140987,0.9546191027462858,-632.0669685842286,1297.0139428273137,32.52171201960241,-599.5452565646261,1929.0809114115423,19290809.114115424,0.6723481296998921,135.0,1929.080911411542,1828.6550438122215
4,2.0,RIDGE,15,4,7,sma,band,2.0,0.5,4,band,valid,-0.04038571560993176,98735.12182003309,94747.63326949727,-0.04087610207130132,-5.522090122190418,991,0.5691220988900101,0.7679654628059639,-3989.4424992779686,-150.3022890565048,1.9539487423726287,-3987.488550535596,3839.1402102214633,19195701.051107317,-0.07829997386203016,135.0,3839.1402102214615,3612.0269066226706
4,2.0,RIDGE,15,4,7,sma,band,2.0,0.5,4,band,holdout,-0.025699975129370833,94747.63326949727,92312.62145090444,-0.036856799827953424,-4.874575470639778,993,0.5850956696878147,0.825554791240097,-2466.261335622156,1244.957837488142,31.249517029599975,-2435.0118185925558,3711.2191731102985,18556095.86555149,0.6709158254562304,135.0,3711.2191731103053,3518.120427162106
4,3.0,RIDGE,15,4,7,sma,band,2.0,0.5,4,band,valid,-0.05921510628861193,97836.56159828794,92043.15920433299,-0.05963924013815858,-8.062446727933798,991,0.5267406659939455,0.6727810675945776,-5795.354084600625,-144.68697250947469,1.9516906457890464,-5793.402393954836,5650.66711209115,18835557.040303834,-0.07681587127998248,135.0,5650.66711209115,5316.429648551121
4,3.0,RIDGE,15,4,7,sma,band,2.0,0.5,4,band,holdout,-0.04486900900506874,92043.15920433299,87913.27386513879,-0.05309113800913656,-8.553937876225936,993,0.553877139979859,0.7103471729017916,-4159.913291974371,1195.0618775291603,30.027952780690192,-4129.88533919368,5354.975169503531,17849917.23167844,0.6695055568147236,135.0,5354.975169503529,5076.499406552995
5,0.0,PCA3,15,4,7,sma,band,2.0,0.5,4,band,valid,-0.025568760715341088,101165.52407485264,98578.84699714066,-0.03869734523757551,-2.6087609364980056,983,0.6236012207527976,0.8665442450084803,-2590.3271816644,-2590.3271816644,3.650103952436478,-2586.6770777119636,0.0,19719184.855870802,-1.313607636723993,150.0,0.0,0.0
5,0.0,PCA3,15,4,7,sma,band,2.0,0.5,4,band,holdout,0.007547141538676749,98578.84699714066,99322.83550814765,-0.017675279355092277,1.5272775682478823,1006,0.643141153081511,1.0464858619987574,708.9610487963546,708.9610487963546,35.02746221057346,743.9885110069281,0.0,20020603.31659253,0.3541157264770273,150.0,0.0,0.0
5,1.0,PCA3,15,4,7,sma,band,2.0,0.5,4,band,valid,-0.04453699686985624,100291.06468917796,95824.40185504149,-0.05112639522690565,-4.573301854067601,983,0.5879959308240081,0.7742895656049164,-4470.245597542709,-2534.295340735726,3.5827634065829295,-4466.662834136127,1935.9502568069838,19359502.568069838,-1.3090704845462346,150.0,1935.9502568069868,1794.3579159442916
5,1.0,PCA3,15,4,7,sma,band,2.0,0.5,4,band,holdout,-0.012529461208243498,95824.40185504149,94623.77372919561,-0.026894453805696772,-2.515491540606308,1006,0.6053677932405567,0.9197665380196537,-1234.3115825132743,692.3852327756631,33.683456667248365,-1200.628125846026,1926.6968152889372,19266968.15288937,0.35936387462800135,150.0,1926.6968152889392,1783.699811926511
5,2.0,PCA3,15,4,7,sma,band,2.0,0.5,4,band,valid,-0.06313691748373207,99424.1225408251,93146.78992007257,-0.0665761470154348,-6.499607128271317,983,0.5574771108850458,0.6897526514960662,-6280.850058325909,-2479.455058255232,3.5174375732925527,-6277.332620752617,3801.3950000706764,19006975.00035338,-1.3044974585430524,150.0,3801.395000070675,3523.5135165196243
5,2.0,PCA3,15,4,7,sma,band,2.0,0.5,4,band,holdout,-0.03220696966317049,93146.78992007257,90146.81408289507,-0.039064955330784135,-6.505913558913087,1006,0.5705765407554672,0.8050196376944952,-3032.367669408601,676.090466022404,32.39183223124122,-2999.97583717736,3708.458135431005,18542290.677155025,0.36462078919697843,150.0,3708.458135431009,3433.2027229716905
5,3.0,PCA3,15,4,7,sma,band,2.0,0.5,4,band,valid,-0.08137565649932288,98564.63336337256,90543.87161581306,-0.08306102229990708,-8.382730397897404,983,0.525940996948118,0.6126694141228867,-8024.215807202112,-2425.7807974935668,3.4540596426989465,-8020.761747559413,5598.435009708546,18661450.032361817,-1.2998886974414585,150.0,5598.435009708543,5189.407040418461
5,3.0,PCA3,15,4,7,sma,band,2.0,0.5,4,band,holdout,-0.051493298271806154,90543.87161581306,85881.46902801587,-0.05602599538259412,-10.392096635133177,1006,0.5347912524850894,0.7019441324739502,-4693.553105220644,660.0778825817777,31.150517423717943,-4662.402587796926,5353.630987802424,17845436.62600808,0.3698860926830868,150.0,5353.630987802421,4956.238706077715
6,0.0,B0,15,4,7,median,median,2.0,0.5,4,band,valid,0.07816070262136621,105228.80292360629,113453.56009612064,-0.04082794493562758,3.43574444600518,757,0.6327608982826949,1.1779541419942137,8187.75329713203,8187.75329713203,37.00387538217715,8224.757172514206,0.0,16310757.03191616,5.01984872995815,120.0,0.0,0.0
6,0.0,B0,15,4,7,median,median,2.0,0.5,4,band,holdout,-0.006433744108699901,113453.56009612064,112723.62892224119,-0.06953357201693,-0.2560946826945158,794,0.6272040302267002,0.9804202179946626,-828.3393722065002,-828.3393722065002,98.4081983270456,-729.9311738794546,0.0,18392688.406165943,-0.45036340197488955,120.0,0.0,0.0
6,1.0,B0,15,4,7,median,median,2.0,0.5,4,band,valid,0.06196684171856437,104051.29619789644,110499.02640000296,-0.04163790532234224,2.751223754347529,757,0.6248348745046235,1.1401833644680588,6411.280568055163,8011.873482268351,36.44963405156685,6447.73020210673,1600.5929142131893,16005929.142131893,5.005566006898627,120.0,1600.5929142131895,1600.5929142131895
6,1.0,B0,15,4,7,median,median,2.0,0.5,4,band,holdout,-0.02209432103317932,110499.02640000296,108057.62543686753,-0.07301666638603943,-1.030675779508357,794,0.6221662468513854,0.9388795264179428,-2536.419168616454,-759.1994686490261,95.0182054812117,-2441.4009631352424,1777.2196999674281,17772196.999674283,-0.42718380212808815,120.0,1777.2196999674265,1777.2196999674265
6,2.0,B0,15,4,7,median,median,2.0,0.5,4,band,valid,0.04601547788656313,102886.9129056978,107621.30337132669,-0.04244721979097277,2.069748640169123,757,0.6142668428005285,1.1033330879133336,4698.48635084926,7839.903509464031,35.90411477956829,4734.390465628828,3141.4171586147695,15707085.793073848,4.991316411425659,120.0,3141.417158614773,3141.417158614773
6,2.0,B0,15,4,7,median,median,2.0,0.5,4,band,holdout,-0.037508754537903255,107621.30337132669,103584.56232012238,-0.07648689669236075,-1.8012452299023798,794,0.6095717884130982,0.898603648870322,-4128.487626605987,-693.8940886867622,91.74657540141845,-4036.741051204569,3434.593537919225,17172967.689596124,-0.4040618379007044,120.0,3434.5935379192247,3434.5935379192247
6,3.0,B0,15,4,7,median,median,2.0,0.5,4,band,valid,0.030302990780890715,101735.50737256672,104818.39751456685,-0.04428763592125484,1.3918355085741039,757,0.6063408190224571,1.0674021077818987,3047.522972320022,7671.754311248361,35.36716968030466,3082.8901420003267,4624.231338928337,15414104.463094458,4.9771002458278515,120.0,4624.231338928345,4624.231338928345
6,3.0,B0,15,4,7,median,median,2.0,0.5,4,band,holdout,-0.05268090239578682,104818.39751456685,99296.46974581917,-0.0809420893691557,-2.5672966963577175,794,0.5957178841309824,0.8595940657410359,-5610.516891432579,-632.238583848361,88.5891226850786,-5521.9277687475,4978.278307584218,16594261.025280725,-0.38099833604230376,120.0,4978.278307584219,4978.278307584219
7,0.0,AR1,15,12,14,sma,band,2.0,0.5,4,band,valid,0.11015984672129986,100757.29618883364,111856.70449304816,-0.03943624349030894,4.919763409846978,1692,0.5898345153664303,1.1797058185390927,11085.912903754092,11085.912903754092,13.495400460339722,11099.408304214432,0.0,35193669.7157581,3.1499735586795974,45.0,0.0,0.0
7,0.0,AR1,15,12,14,sma,band,2.0,0.5,4,band,holdout,0.009489539560125104,111856.70449304816,112918.17311540018,-0.04095116864671422,0.5563491177799346,1768,0.5967194570135747,1.0196237551803748,981.6024410881055,981.6024410881055,79.8661812638158,1061.4686223519213,0.0,39269796.8259144,0.24996371777516802,30.0,0.0,0.0
7,1.0,AR1,15,12,14,sma,band,2.0,0.5,4,band,valid,0.07322292601939262,98417.15487466671,105623.54692509354,-0.0449918682082181,3.349525940626531,1692,0.5797872340425532,1.1186140982028052,7193.460565910158,10572.720958932441,12.931484516450878,7206.392050426609,3379.2603930222867,33792603.93022287,3.128708572077983,45.0,3379.2603930222895,3379.2603930222895
7,1.0,AR1,15,12,14,sma,band,2.0,0.5,4,band,holdout,-0.025587634111219115,105623.54692509354,102920.89025284507,-0.06541364895613722,-1.3265541554225875,1768,0.5774886877828054,0.941971472723424,-2776.598479091318,866.7021518815293,73.94180684270029,-2702.6566722486177,3643.3006309728476,36433006.30972847,0.237889276694166,30.0,3643.3006309728444,3643.3006309728444
7,2.0,AR1,15,12,14,sma,band,2.0,0.5,4,band,valid,0.037513252130565,96131.25987297032,99737.45606221393,-0.05748874606244414,1.7751757813017914,1692,0.5638297872340425,1.0602553345073056,3593.801126893312,10083.879038515295,12.39506235039192,3606.196189243704,6490.077911621982,32450389.55810991,3.1074754959282638,45.0,6490.077911621975,6490.077911621975
7,2.0,AR1,15,12,14,sma,band,2.0,0.5,4,band,holdout,-0.0594475472658077,99737.45606221393,93808.30892878404,-0.09164654439833297,-3.2181527859823906,1768,0.5542986425339367,0.8690977869109426,-5997.610019189142,763.298619051772,68.46288575933823,-5929.147133429804,6760.908638240913,33804543.19120457,0.22579764345118283,30.0,6760.908638240911,6760.908638240911
7,3.0,AR1,15,12,14,sma,band,2.0,0.5,4,band,valid,0.0029901058901966593,93898.35613614683,94179.12216390931,-0.06982268387617696,0.20196899621710188,1692,0.5437352245862884,1.0045822790214545,268.8813453983703,9618.213551293555,11.88468236414114,280.76602776251144,9349.332205895185,31164440.686317287,3.086278251583196,45.0,9349.332205895153,9349.332205895153
7,3.0,AR1,15,12,14,sma,band,2.0,0.5,4,band,holdout,-0.09213238687638481,94179.12216390931,85502.17484502571,-0.11714428940930399,-5.111585332059523,1768,0.5254524886877828,0.8009567664083219,-8740.342829303043,670.3174396667766,63.39551041927013,-8676.947318883773,9410.66026896982,31368867.563232735,0.21368875950512534,30.0,9410.660268969797,9410.660268969797
8,0.0,AR1,60,4,7,sma,band,2.0,0.5,4,band,valid,0.053474517779492414,97911.71891414507,103147.50086804018,-0.02861553782400872,3.3627280616647903,518,0.49613899613899615,1.1712951777844602,5232.268420614493,5232.268420614493,3.51353328059955,5235.781953895093,0.0,10375627.303215204,5.042845379568631,120.0,0.0,0.0
8,0.0,AR1,60,4,7,sma,band,2.0,0.5,4,band,holdout,-0.01900682820681554,103147.50086804018,101186.99403907899,-0.06881854822506073,-1.2963429680213017,588,0.4965986394557823,0.9274047877736896,-1977.5728182686062,-1977.5728182686062,17.065989307367843,-1960.5068289612384,0.0,12101592.748677101,-1.6341425953908315,120.0,0.0,0.0
8,1.0,AR1,60,4,7,sma,band,2.0,0.5,4,band,valid,0.04262036853158979,97195.48937643749,101337.99695326948,-0.03024499816950299,2.7036289177322295,518,0.4922779922779923,1.1349356884298878,4139.049217037879,5163.691253887314,3.4583597938486905,4142.507576831728,1024.6420368494337,10246420.368494336,5.03950752378325,120.0,1024.642036849434,1024.642036849434
8,1.0,AR1,60,4,7,sma,band,2.0,0.5,4,band,holdout,-0.030483658411646464,101337.99695326948,98248.84407002555,-0.07501861087356809,-2.112288372209523,588,0.48299319727891155,0.8857763885176947,-3105.8703442121696,-1923.8428717295749,16.717460968239426,-3089.1528832439303,1182.0274724825947,11820274.724825947,-1.6275788139584915,120.0,1182.0274724825942,1182.0274724825942
8,2.0,AR1,60,4,7,sma,band,2.0,0.5,4,band,valid,0.031877521455239144,96484.46471847188,99560.15031263223,-0.031871800603378464,2.0436808352604747,518,0.4864864864864865,1.099741519363114,3072.281377479975,5096.06274681745,3.404216680516777,3075.6855941604917,2023.7813693374746,10118906.846687373,5.036179128860889,120.0,2023.7813693374762,2023.7813693374762
8,2.0,AR1,60,4,7,sma,band,2.0,0.5,4,band,holdout,-0.04182676844627864,99560.15031263223,95395.87095902907,-0.08129153020022573,-2.9239325138184995,588,0.4710884353741497,0.8460064144890619,-4180.655296148662,-1871.5322250269035,16.375942545458777,-4164.279353603203,2309.123071121759,11545615.355608795,-1.620989585555285,120.0,2309.123071121761,2309.123071121761
8,3.0,AR1,60,4,7,sma,band,2.0,0.5,4,band,valid,0.02124484064486487,95778.60736522936,97813.40861589074,-0.033495949339984565,1.3835773988249487,518,0.4768339768339768,1.065683007887333,2031.4501670918025,5029.369236780529,3.35108356981499,2034.8012506616176,2997.919069688726,9993063.565629087,5.032860247260839,120.0,2997.9190696887254,2997.9190696887254
8,3.0,AR1,60,4,7,sma,band,2.0,0.5,4,band,holdout,-0.05303770993707335,97813.40861589074,92625.6094217647,-0.0876466570568728,-3.730544174434105,588,0.45068027210884354,0.8080262988392127,-5203.840490498247,-1820.6041919533413,16.04129637221845,-5187.799194126029,3383.2362985449067,11277454.328483023,-1.6143751408109124,120.0,3383.236298544905,3383.236298544905
9,0.0,B0,60,4,7,sma,wide_exit,2.0,1.0,4,band,valid,0.05144436918390549,101933.54328538284,107177.45011837968,-0.029611413039031476,2.949702055001468,496,0.6310483870967742,1.1691667358712516,5224.292890214654,5224.292890214654,19.6139427822252,5243.9068329968795,0.0,10283725.99733222,5.080155666895372,120.0,0.0,0.0
9,0.0,B0,60,4,7,sma,wide_exit,2.0,1.0,4,band,holdout,-0.011063102446262296,107177.45011837968,105991.73500779088,-0.058864239955824904,-0.6077464689655113,507,0.6390532544378699,0.949176706042094,-1280.5235259822043,-1280.5235259822043,94.80841539339178,-1185.7151105888124,0.0,11052861.304389656,-1.158544824473318,120.0,0.0,0.0
9,1.0,B0,60,4,7,sma,wide_exit,2.0,1.0,4,band,valid,0.041065686803355206,101261.39938408903,105419.7682964655,-0.029738646351103126,2.373050010483253,496,0.6229838709677419,1.133919597601544,4138.901585409046,5155.4242082654,19.467326967330443,4158.368912376376,1016.5226228563542,10165226.228563543,5.071627617867504,120.0,1016.522622856355,1016.522622856355
9,1.0,B0,60,4,7,sma,wide_exit,2.0,1.0,4,band,holdout,-0.02104774438160295,105419.7682964655,103200.91996059367,-0.06029525435736394,-1.202947402095243,507,0.631163708086785,0.9076418645037138,-2311.5709608581237,-1229.8984907926028,92.72262498642647,-2218.848335871697,1081.672470065523,10816724.70065523,-1.1370341067459182,120.0,1081.6724700655234,1081.6724700655234
9,2.0,B0,60,4,7,sma,wide_exit,2.0,1.0,4,band,valid,0.03078895809231219,100593.65754194563,103690.83144835701,-0.029865870193786836,1.797726321302756,496,0.6169354838709677,1.099506363656102,3077.8520521268383,5087.485907212665,19.321854284200086,3097.1739064110384,2009.6338550858245,10048169.275429122,5.063097334211058,120.0,2009.6338550858238,2009.6338550858238
9,2.0,B0,60,4,7,sma,wide_exit,2.0,1.0,4,band,holdout,-0.030932034651075302,103690.83144835701,100483.46305699763,-0.06308220667525899,-1.7941019829620966,507,0.6252465483234714,0.8673683957963214,-3298.0518067803923,-1180.9094007694566,90.68341542138717,-3207.3683913590053,2117.142406010935,10585712.030054674,-1.1155691723113663,120.0,2117.142406010933,2117.142406010933
9,3.0,B0,60,4,7,sma,wide_exit,2.0,1.0,4,band,valid,0.020613186355696644,99930.2891246489,101990.17079695394,-0.029993084567490058,1.2241464367405974,496,0.6129032258064516,1.0659164088844375,2040.7041579771426,5020.465181746174,19.177514327759486,2059.881672304902,2979.7610237690315,9932536.745896772,5.054564921514312,120.0,2979.761023769028,2979.761023769028
9,3.0,B0,60,4,7,sma,wide_exit,2.0,1.0,4,band,holdout,-0.04071697726876489,101990.17079695394,97837.43933097692,-0.06586103274740818,-2.380910552839069,507,0.6134122287968442,0.8283267687296604,-4241.421197898702,-1133.5080598860059,88.68973192173594,-4152.731465976966,3107.913138012699,10359710.46004233,-1.0941503280984306,120.0,3107.9131380126996,3107.9131380126996
10,0.0,B0,60,4,7,sma,zero_cross,2.0,0.0,4,zero_cross,valid,0.049448953765861337,98509.85644165026,103381.06577831507,-0.03682979613124904,2.3727507372316183,461,0.6290672451193059,1.1477863922888358,4841.745381134697,4841.745381134697,29.463955529922174,4871.209336664619,0.0,9155333.638298368,5.288442313976222,180.0,0.0,0.0
10,0.0,B0,60,4,7,sma,zero_cross,2.0,0.0,4,zero_cross,holdout,0.011545048574963301,103381.06577831507,104574.60520445718,-0.0584797722792596,0.7057752154475136,465,0.621505376344086,1.0412300047684477,1079.8908888018163,1079.8908888018163,113.64853734011683,1193.5394261419333,0.0,9905807.554159222,1.090159366510603,240.0,0.0,0.0
10,1.0,B0,60,4,7,sma,zero_cross,2.0,0.0,4,zero_cross,valid,0.0398197556748352,97895.08414512278,101793.242477549,-0.037451308667846406,1.9289744980621484,461,0.6225596529284165,1.118146133161528,3868.98083232466,4774.6053225742635,29.17750010154576,3898.1583324262056,905.6244902496023,9056244.902496025,5.272168955212681,180.0,905.6244902496023,905.6244902496023
10,1.0,B0,60,4,7,sma,zero_cross,2.0,0.0,4,zero_cross,holdout,0.002175455303011997,101793.242477549,102014.68912670757,-0.0596733907741096,0.17474716746400065,465,0.6064516129032258,1.0042307740564569,110.07594870865478,1080.9138229521059,111.37070044993536,221.44664915859013,970.8378742434516,9708378.742434517,1.1133824211322962,240.0,970.8378742434528,970.8378742434528
10,2.0,B0,60,4,7,sma,zero_cross,2.0,0.0,4,zero_cross,valid,0.030278437614634557,97284.12011235865,100229.73127407531,-0.03807245366789702,1.486178170400367,461,0.6203904555314533,1.0890989375417939,2916.7169312937613,4708.374493859799,28.894230423007397,2945.6111617167685,1791.657562566038,8958287.812830191,5.255886607166602,180.0,1791.6575625660378,1791.6575625660378
10,2.0,B0,60,4,7,sma,zero_cross,2.0,0.0,4,zero_cross,holdout,-0.00710779057837152,100229.73127407531,99517.31933445272,-0.06094792210505462,-0.35421979775811513,465,0.6,0.9682194199362688,-821.5511124516552,1081.437581217454,109.13917282933167,-712.4119396223235,1902.98869366911,9514943.468345549,1.136567531709669,240.0,1902.988693669111,1902.9886936691107
10,3.0,B0,60,4,7,sma,zero_cross,2.0,0.0,4,zero_cross,valid,0.020824201858962832,96676.94092778476,98690.16106077198,-0.03870160107299203,1.044538422179788,461,0.6160520607375272,1.0606501355667872,1984.606026483013,4643.040682097906,28.614106504206106,2013.2201329872191,2658.434655614892,8861448.852049641,5.239595420137167,180.0,2658.43465561489,2658.43465561489
10,3.0,B0,60,4,7,sma,zero_cross,2.0,0.0,4,zero_cross,holdout,-0.016305480775175685,98690.16106077198,97080.97053689657,-0.06224163790473458,-0.8809272390102697,465,0.5956989247311828,0.9331827146784535,-1716.143524130729,1081.4824193723816,106.95300025513048,-1609.1905238755985,2797.6259435031125,9325419.81167704,1.1597144592012667,240.0,2797.625943503111,2797.625943503111
