rank,strategy,period,return,start_equity,end_equity
1,v3_selected_1_B0_15m_2bp,formation,0.021868159338024995,100000.0,102186.8159338025
1,v3_selected_1_B0_15m_2bp,valid,-0.03316710986056004,102186.8159338025,98797.57458342524
1,v3_selected_1_B0_15m_2bp,holdout,-0.018629129262693445,98797.57458342524,96957.06179567002
1,v3_selected_1_B0_15m_2bp,2026-03,0.022191343123258767,100000.0,102219.13431232588
1,v3_selected_1_B0_15m_2bp,2026-04,-0.0003161676015044357,102219.13431232588,102186.8159338025
1,v3_selected_1_B0_15m_2bp,2026-05,-0.04287599821063026,102186.8159338025,97805.45419667478
1,v3_selected_1_B0_15m_2bp,2026-06,0.01014381452342561,97805.45419667478,98797.57458342524
1,v3_selected_1_B0_15m_2bp,2026-07,0.03656381091062899,98797.57458342524,102409.99041892236
1,v3_selected_1_B0_15m_2bp,2026-08,-0.05324606125775799,102409.99041892236,96957.06179567002
2,v3_selected_2_PEER_15m_2bp,formation,-0.00806966532591713,100000.0,99193.03346740828
2,v3_selected_2_PEER_15m_2bp,valid,-0.05104670058584104,99193.03346740828,94129.55638779618
2,v3_selected_2_PEER_15m_2bp,holdout,-0.037663178956033105,94129.55638779618,90584.3380605106
2,v3_selected_2_PEER_15m_2bp,2026-03,0.0032169983377623446,100000.0,100321.69983377623
2,v3_selected_2_PEER_15m_2bp,2026-04,-0.011250470917439026,100321.69983377623,99193.03346740828
2,v3_selected_2_PEER_15m_2bp,2026-05,-0.033570006286093745,99193.03346740828,95863.12271037068
2,v3_selected_2_PEER_15m_2bp,2026-06,-0.018083766453259487,95863.12271037068,94129.55638779618
2,v3_selected_2_PEER_15m_2bp,2026-07,-0.01155266892570761,94129.55638779618,93042.10878672425
2,v3_selected_2_PEER_15m_2bp,2026-08,-0.0264156816549318,93042.10878672425,90584.3380605106
3,v3_selected_3_MEDIAN_15m_2bp,formation,-0.01798764000901598,100000.0,98201.2359990984
3,v3_selected_3_MEDIAN_15m_2bp,valid,-0.05268355421590998,98201.2359990984,93027.64585827052
3,v3_selected_3_MEDIAN_15m_2bp,holdout,-0.03346144083518898,93027.64585827052,89914.8067903471
3,v3_selected_3_MEDIAN_15m_2bp,2026-03,-0.0053789489308442295,100000.0,99462.10510691558
3,v3_selected_3_MEDIAN_15m_2bp,2026-04,-0.012676879364877935,99462.10510691558,98201.2359990984
3,v3_selected_3_MEDIAN_15m_2bp,2026-05,-0.033205884291537924,98201.2359990984,94940.37711922632
3,v3_selected_3_MEDIAN_15m_2bp,2026-06,-0.020146657502253085,94940.37711922632,93027.64585827052
3,v3_selected_3_MEDIAN_15m_2bp,2026-07,-0.017831514232324652,93027.64585827052,91368.82206714911
3,v3_selected_3_MEDIAN_15m_2bp,2026-08,-0.015913691825133025,91368.82206714911,89914.8067903471
4,v3_selected_4_RIDGE_15m_2bp,formation,-0.012648781799669218,100000.0,98735.12182003308
4,v3_selected_4_RIDGE_15m_2bp,valid,-0.04038571560993143,98735.12182003308,94747.63326949728
4,v3_selected_4_RIDGE_15m_2bp,holdout,-0.025699975129370944,94747.63326949728,92312.62145090444
4,v3_selected_4_RIDGE_15m_2bp,2026-03,0.0,100000.0,100000.0
4,v3_selected_4_RIDGE_15m_2bp,2026-04,-0.012648781799669218,100000.0,98735.12182003308
4,v3_selected_4_RIDGE_15m_2bp,2026-05,-0.017776170460011897,98735.12182003308,96979.98946417012
4,v3_selected_4_RIDGE_15m_2bp,2026-06,-0.02301873001850141,96979.98946417012,94747.63326949728
4,v3_selected_4_RIDGE_15m_2bp,2026-07,-0.01175547901685181,94747.63326949728,93633.82945470134
4,v3_selected_4_RIDGE_15m_2bp,2026-08,-0.014110370274197481,93633.82945470134,92312.62145090444
5,v3_selected_5_PCA3_15m_2bp,formation,-0.005758774591749005,100000.0,99424.1225408251
5,v3_selected_5_PCA3_15m_2bp,valid,-0.06313691748373207,99424.1225408251,93146.78992007257
5,v3_selected_5_PCA3_15m_2bp,holdout,-0.03220696966317038,93146.78992007257,90146.81408289509
5,v3_selected_5_PCA3_15m_2bp,2026-03,0.0,100000.0,100000.0
5,v3_selected_5_PCA3_15m_2bp,2026-04,-0.005758774591749005,100000.0,99424.1225408251
5,v3_selected_5_PCA3_15m_2bp,2026-05,-0.03438976208328259,99424.1225408251,96004.950621307
5,v3_selected_5_PCA3_15m_2bp,2026-06,-0.029770972046103017,96004.950621307,93146.78992007257
5,v3_selected_5_PCA3_15m_2bp,2026-07,-0.007876466484867062,93146.78992007257,92413.12235109416
5,v3_selected_5_PCA3_15m_2bp,2026-08,-0.024523662987913752,92413.12235109416,90146.81408289509
6,v3_selected_6_B0_15m_2bp,formation,0.028869129056978027,100000.0,102886.9129056978
6,v3_selected_6_B0_15m_2bp,valid,0.04601547788656313,102886.9129056978,107621.30337132668
6,v3_selected_6_B0_15m_2bp,holdout,-0.037508754537903144,107621.30337132668,103584.56232012238
6,v3_selected_6_B0_15m_2bp,2026-03,0.026047966679010326,100000.0,102604.79666790104
6,v3_selected_6_B0_15m_2bp,2026-04,0.0027495423894252635,102604.79666790104,102886.9129056978
6,v3_selected_6_B0_15m_2bp,2026-05,-0.0035426285563801008,102886.9129056978,102522.42278996028
6,v3_selected_6_B0_15m_2bp,2026-06,0.04973429658224693,102522.42278996028,107621.30337132668
6,v3_selected_6_B0_15m_2bp,2026-07,0.02056511878318612,107621.30337132668,109834.54825875931
6,v3_selected_6_B0_15m_2bp,2026-08,-0.05690364314070462,109834.54825875931,103584.56232012238
7,v3_selected_7_AR1_15m_2bp,formation,-0.038687401270296795,100000.0,96131.25987297032
7,v3_selected_7_AR1_15m_2bp,valid,0.037513252130565,96131.25987297032,99737.45606221393
7,v3_selected_7_AR1_15m_2bp,holdout,-0.0594475472658077,99737.45606221393,93808.30892878404
7,v3_selected_7_AR1_15m_2bp,2026-03,-0.01736014080957049,100000.0,98263.98591904296
7,v3_selected_7_AR1_15m_2bp,2026-04,-0.02170404575110285,98263.98591904296,96131.25987297032
7,v3_selected_7_AR1_15m_2bp,2026-05,-0.028837876224973025,96131.25987297032,93359.03849940289
7,v3_selected_7_AR1_15m_2bp,2026-06,0.06832137161365304,93359.03849940289,99737.45606221393
7,v3_selected_7_AR1_15m_2bp,2026-07,-0.04565276727613177,99737.45606221393,95184.16519189226
7,v3_selected_7_AR1_15m_2bp,2026-08,-0.014454675946723672,95184.16519189226,93808.30892878404
8,v3_selected_8_AR1_60m_2bp,formation,-0.03515535281528126,100000.0,96484.46471847188
8,v3_selected_8_AR1_60m_2bp,valid,0.031877521455239144,96484.46471847188,99560.15031263223
8,v3_selected_8_AR1_60m_2bp,holdout,-0.04182676844627853,99560.15031263223,95395.87095902908
8,v3_selected_8_AR1_60m_2bp,2026-03,-0.020695118022039383,100000.0,97930.48819779606
8,v3_selected_8_AR1_60m_2bp,2026-04,-0.014765815078993216,97930.48819779606,96484.46471847188
8,v3_selected_8_AR1_60m_2bp,2026-05,0.012606301478707005,96484.46471847188,97700.7769687246
8,v3_selected_8_AR1_60m_2bp,2026-06,0.019031305600597737,97700.7769687246,99560.15031263223
8,v3_selected_8_AR1_60m_2bp,2026-07,-0.007375855837834622,99560.15031263223,98825.80899673312
8,v3_selected_8_AR1_60m_2bp,2026-08,-0.0347069057417726,98825.80899673312,95395.87095902908
9,v3_selected_9_B0_60m_2bp,formation,0.005936575419456247,100000.0,100593.65754194563
9,v3_selected_9_B0_60m_2bp,valid,0.03078895809231219,100593.65754194563,103690.831448357
9,v3_selected_9_B0_60m_2bp,holdout,-0.03093203465107497,103690.831448357,100483.46305699764
9,v3_selected_9_B0_60m_2bp,2026-03,0.010206879310432404,100000.0,101020.68793104324
9,v3_selected_9_B0_60m_2bp,2026-04,-0.004227157801470316,101020.68793104324,100593.65754194563
9,v3_selected_9_B0_60m_2bp,2026-05,-0.0005659344013995149,100593.65754194563,100536.72813058004
9,v3_selected_9_B0_60m_2bp,2026-06,0.03137264735411227,100536.72813058004,103690.831448357
9,v3_selected_9_B0_60m_2bp,2026-07,0.02359516563823938,103690.831448357,106137.43379154774
9,v3_selected_9_B0_60m_2bp,2026-08,-0.053270279227349726,106137.43379154774,100483.46305699764
10,v3_selected_10_B0_60m_2bp,formation,-0.027158798876413592,100000.0,97284.12011235864
10,v3_selected_10_B0_60m_2bp,valid,0.03027843761463478,97284.12011235864,100229.73127407533
10,v3_selected_10_B0_60m_2bp,holdout,-0.007107790578371742,100229.73127407533,99517.31933445272
10,v3_selected_10_B0_60m_2bp,2026-03,0.007665867772101764,100000.0,100766.58677721018
10,v3_selected_10_B0_60m_2bp,2026-04,-0.03455973627995457,100766.58677721018,97284.12011235864
10,v3_selected_10_B0_60m_2bp,2026-05,-0.015575087612944905,97284.12011235864,95768.9114182604
10,v3_selected_10_B0_60m_2bp,2026-06,0.046578997189732796,95768.9114182604,100229.73127407533
10,v3_selected_10_B0_60m_2bp,2026-07,0.031078018976918864,100229.73127407533,103344.67276466252
10,v3_selected_10_B0_60m_2bp,2026-08,-0.03703484009210112,103344.67276466252,99517.31933445272
